"item","pattern_a","pattern_b","n_a","n_b","p_correct_a","p_correct_b","delta_p_correct","dxy_form_a","dxy_form_b","delta_dxy_form","raw_weight_form_a","raw_weight_form_b","ratio_raw_weight_form","dxy_common_a","dxy_common_b","delta_dxy_common","raw_weight_common_a","raw_weight_common_b","ratio_raw_weight_common"
"pm00fq01","PATTERN01","PATTERN06",435,418,0.326436781609195,0.406698564593301,0.080261782984106,0.567346055857328,0.508704933586338,-0.0586411222709904,3.88026023368483,3.23918147779474,0.834784597608985,0.551170504254194,0.441555977229602,-0.109614527024593,3.80303972408117,2.99736452957403,0.788149676847828
"pm00fq01","PATTERN01","PATTERN07",435,417,0.326436781609195,0.398081534772182,0.0716447531629869,0.567346055857328,0.560408966543465,-0.00693708931386339,3.88026023368483,3.48765157008647,0.898818986368466,0.551170504254194,0.459247347957567,-0.0919231562966267,3.80303972408117,3.0924542644494,0.813153290213541
"pm00fq01","PATTERN01","PATTERN09",435,394,0.326436781609195,0.365482233502538,0.0390454518933426,0.567346055857328,0.498555555555556,-0.0687905003017724,3.88026023368483,3.37912918996608,0.870851176586457,0.551170504254194,0.476333333333333,-0.0748371709208606,3.80303972408117,3.29273874035369,0.865817603614234
"pm00fq01","PATTERN06","PATTERN07",418,417,0.406698564593301,0.398081534772182,-0.00861702982111917,0.508704933586338,0.560408966543465,0.051704032957127,3.23918147779474,3.48765157008647,1.07670767877473,0.441555977229602,0.459247347957567,0.0176913707279658,2.99736452957403,3.0924542644494,1.03172444790654
"pm00fq01","PATTERN06","PATTERN09",418,394,0.406698564593301,0.365482233502538,-0.0412163310907634,0.508704933586338,0.498555555555556,-0.010149378030782,3.23918147779474,3.37912918996608,1.04320465312941,0.441555977229602,0.476333333333333,0.0347773561037319,2.99736452957403,3.29273874035369,1.09854464075534
"pm00fq01","PATTERN07","PATTERN09",417,394,0.398081534772182,0.365482233502538,-0.0325993012696442,0.560408966543465,0.498555555555556,-0.061853410987909,3.48765157008647,3.37912918996608,0.968883823988846,0.459247347957567,0.476333333333333,0.0170859853757661,3.0924542644494,3.29273874035369,1.06476554179208
"pm00gq01","PATTERN02","PATTERN04",433,421,0.0646651270207852,0.0498812351543943,-0.0147838918663909,0.774603174603175,0.902261904761905,0.12765873015873,9.19768855330356,13.0631985576652,1.42026972124135,0.828659611992945,0.843095238095238,0.0144356261022924,10.2020044862643,11.2271341338978,1.10048315985489
"pm00gq01","PATTERN02","PATTERN09",433,394,0.0646651270207852,0.0482233502538071,-0.0164417767669781,0.774603174603175,0.593684210526316,-0.180918964076859,9.19768855330356,7.55577271907155,0.821486036984555,0.828659611992945,0.62119298245614,-0.207466629536805,10.2020044862643,7.83321160167986,0.767811032844214
"pm00gq01","PATTERN02","PATTERN12",433,289,0.0646651270207852,0.0588235294117647,-0.00584159760902052,0.774603174603175,0.772058823529412,-0.00254435107376283,9.19768855330356,9.32425969606412,1.0137611903281,0.828659611992945,0.594939446366782,-0.233720165626164,10.2020044862643,7.17602848782935,0.70339397492826
"pm00gq01","PATTERN04","PATTERN09",421,394,0.0498812351543943,0.0482233502538071,-0.00165788490058719,0.902261904761905,0.593684210526316,-0.308577694235589,13.0631985576652,7.55577271907155,0.57840142945986,0.843095238095238,0.62119298245614,-0.221902255639098,11.2271341338978,7.83321160167986,0.697703573170042
"pm00gq01","PATTERN04","PATTERN12",421,289,0.0498812351543943,0.0588235294117647,0.00894229425737041,0.902261904761905,0.772058823529412,-0.130203081232493,13.0631985576652,9.32425969606412,0.71378075246302,0.843095238095238,0.594939446366782,-0.248155791728456,11.2271341338978,7.17602848782935,0.63916832223131
"pm00gq01","PATTERN09","PATTERN12",394,289,0.0482233502538071,0.0588235294117647,0.0106001791579576,0.593684210526316,0.772058823529412,0.178374613003096,7.55577271907155,9.32425969606412,1.23405772549626,0.62119298245614,0.594939446366782,-0.0262535360893583,7.83321160167986,7.17602848782935,0.916102979560826
"pm00kq02","PATTERN07","PATTERN08",417,414,0.0647482014388489,0.0628019323671498,-0.00194626907169916,0.667331433998101,0.316514670896114,-0.350816763101987,7.76140565303272,5.14866002612621,0.663366953911809,0.557644824311491,0.316514670896114,-0.241130153415377,6.71267395655442,5.14866002612621,0.76700582501835
"pm00kq02","PATTERN07","PATTERN11",417,295,0.0647482014388489,0.0711864406779661,0.00643823923911718,0.667331433998101,0.669621133124783,0.00228969912668209,7.76140565303272,7.56105335808718,0.97418608124583,0.557644824311491,0.64754953076121,0.0899047064497185,6.71267395655442,7.33057539972704,1.09204997102076
"pm00kq02","PATTERN07","PATTERN12",417,289,0.0647482014388489,0.0761245674740484,0.0113763660351995,0.667331433998101,0.817160367722165,0.149828933724065,7.76140565303272,9.48577117059895,1.22217180684177,0.557644824311491,0.681307456588355,0.123662632276864,6.71267395655442,7.5500992686005,1.12475286561898
"pm00kq02","PATTERN08","PATTERN11",414,295,0.0628019323671498,0.0711864406779661,0.00838450831081634,0.316514670896114,0.669621133124783,0.353106462228669,5.14866002612621,7.56105335808718,1.46854780073254,0.316514670896114,0.64754953076121,0.331034859865095,5.14866002612621,7.33057539972704,1.42378315183543
"pm00kq02","PATTERN08","PATTERN12",414,289,0.0628019323671498,0.0761245674740484,0.0133226351068987,0.316514670896114,0.817160367722165,0.500645696826051,5.14866002612621,9.48577117059895,1.84237668101305,0.316514670896114,0.681307456588355,0.364792785692241,5.14866002612621,7.5500992686005,1.46642023949697
"pm00kq02","PATTERN11","PATTERN12",295,289,0.0711864406779661,0.0761245674740484,0.00493812679608234,0.669621133124783,0.817160367722165,0.147539234597383,7.56105335808718,9.48577117059895,1.25455683505435,0.64754953076121,0.681307456588355,0.0337579258271459,7.33057539972704,7.5500992686005,1.02994633530154
"pm033q01","PATTERN01","PATTERN02",435,433,0.735632183908046,0.764434180138568,0.0288019962305222,0.322092391304348,0.374918547479415,0.0528261561750671,1.81255667559225,1.86191538248975,1.02723153850148,0.313532608695652,0.356199277293999,0.0426666685983472,1.79622188186599,1.82463853825419,1.01582023728532
"pm033q01","PATTERN01","PATTERN10",435,297,0.735632183908046,0.713804713804714,-0.0218274701033322,0.322092391304348,0.387014428412875,0.0649220371085273,1.81255667559225,1.98673391809595,1.09609478415167,0.313532608695652,0.387014428412875,0.0734818197172229,1.79622188186599,1.98673391809595,1.10606264078692
"pm033q01","PATTERN01","PATTERN11",435,295,0.735632183908046,0.711864406779661,-0.023767777128385,0.322092391304348,0.35109243697479,0.0290000456704425,1.81255667559225,1.91491191540058,1.05647009066621,0.313532608695652,0.376526610644258,0.0629940019486055,1.79622188186599,1.96814707943379,1.09571489987039
"pm033q01","PATTERN02","PATTERN10",433,297,0.764434180138568,0.713804713804714,-0.0506294663338543,0.374918547479415,0.387014428412875,0.0120958809334601,1.86191538248975,1.98673391809595,1.06703770578408,0.356199277293999,0.387014428412875,0.0308151511188757,1.82463853825419,1.98673391809595,1.08883698137651
"pm033q01","PATTERN02","PATTERN11",433,295,0.764434180138568,0.711864406779661,-0.0525697733589071,0.374918547479415,0.35109243697479,-0.0238261105046247,1.86191538248975,1.91491191540058,1.02846344866648,0.356199277293999,0.376526610644258,0.0203273333502583,1.82463853825419,1.96814707943379,1.07865039467866
"pm033q01","PATTERN10","PATTERN11",297,295,0.713804713804714,0.711864406779661,-0.00194030702505277,0.387014428412875,0.35109243697479,-0.0359219914380848,1.98673391809595,1.91491191540058,0.963849208974999,0.387014428412875,0.376526610644258,-0.0104878177686174,1.98673391809595,1.96814707943379,0.990644525422923
"pm034q01t","PATTERN01","PATTERN02",435,433,0.383908045977012,0.297921478060046,-0.0859865679169653,0.563231745464295,0.578947368421053,0.0157156229567574,3.56624280029125,4.10629419679304,1.15143427599985,0.487219590669407,0.516625866993064,0.0294062763236567,3.25430186157508,3.80341250124216,1.16873377548366
"pm034q01t","PATTERN01","PATTERN10",435,297,0.383908045977012,0.34006734006734,-0.0438407059096714,0.563231745464295,0.511669024045261,-0.0515627214190337,3.56624280029125,3.55006480858783,0.995463575362258,0.487219590669407,0.511669024045261,0.024449433375854,3.25430186157508,3.55006480858783,1.09088368553174
"pm034q01t","PATTERN01","PATTERN11",435,295,0.383908045977012,0.284745762711864,-0.0991622832651471,0.563231745464295,0.589990972692394,0.0267592272280992,3.56624280029125,4.24081060454352,1.18915363928591,0.487219590669407,0.575603701196118,0.0883841105267109,3.25430186157508,4.16391540913154,1.2795111167457
"pm034q01t","PATTERN02","PATTERN10",433,297,0.297921478060046,0.34006734006734,0.0421458620072939,0.578947368421053,0.511669024045261,-0.0672783443757912,4.10629419679304,3.55006480858783,0.86454224623272,0.516625866993064,0.511669024045261,-0.00495684294780263,3.80341250124216,3.55006480858783,0.933389372682666
"pm034q01t","PATTERN02","PATTERN11",433,295,0.297921478060046,0.284745762711864,-0.0131757153481818,0.578947368421053,0.589990972692394,0.0110436042713418,4.10629419679304,4.24081060454352,1.03275858993628,0.516625866993064,0.575603701196118,0.0589778342030542,3.80341250124216,4.16391540913154,1.09478406766861
"pm034q01t","PATTERN10","PATTERN11",297,295,0.34006734006734,0.284745762711864,-0.0553215773554757,0.511669024045261,0.589990972692394,0.0783219486471329,3.55006480858783,4.24081060454352,1.1945727284428,0.511669024045261,0.575603701196118,0.0639346771508569,3.55006480858783,4.16391540913154,1.17291250544462
"pm155q01","PATTERN01","PATTERN02",435,433,0.747126436781609,0.685912240184757,-0.0612141965968517,0.559636363636364,0.6558229352347,0.0961865715983361,2.34559821666604,2.83751119814643,1.20971749466094,0.508475524475524,0.573405624876213,0.064930100400689,2.20442917414559,2.54389865517331,1.15399427888596
"pm155q01","PATTERN01","PATTERN10",435,297,0.747126436781609,0.69023569023569,-0.056890746545919,0.559636363636364,0.417232237539767,-0.142404126096597,2.34559821666604,2.10526320983156,0.897537862568771,0.508475524475524,0.417232237539767,-0.0912432869357578,2.20442917414559,2.10526320983156,0.955015127962793
"pm155q01","PATTERN01","PATTERN11",435,295,0.747126436781609,0.616949152542373,-0.130177284239236,0.559636363636364,0.572255178449869,0.0126188148135049,2.34559821666604,2.7317949942366,1.16464745531717,0.508475524475524,0.507536711076534,-0.000938813398990268,2.20442917414559,2.52468110036337,1.1452765777072
"pm155q01","PATTERN02","PATTERN10",433,297,0.685912240184757,0.69023569023569,0.00432345005093271,0.6558229352347,0.417232237539767,-0.238590697694933,2.83751119814643,2.10526320983156,0.74194005338439,0.573405624876213,0.417232237539767,-0.156173387336447,2.54389865517331,2.10526320983156,0.827573537786291
"pm155q01","PATTERN02","PATTERN11",433,295,0.685912240184757,0.616949152542373,-0.0689630876423846,0.6558229352347,0.572255178449869,-0.0835677567848312,2.83751119814643,2.7317949942366,0.962743335082207,0.573405624876213,0.507536711076534,-0.0658689137996793,2.54389865517331,2.52468110036337,0.992445628771077
"pm155q01","PATTERN10","PATTERN11",297,295,0.69023569023569,0.616949152542373,-0.0732865376933173,0.417232237539767,0.572255178449869,0.155022940910102,2.10526320983156,2.7317949942366,1.29760259025054,0.417232237539767,0.507536711076534,0.0903044735367675,2.10526320983156,2.52468110036337,1.19922349308777
"pm155q04t","PATTERN01","PATTERN02",435,433,0.611494252873563,0.526558891454965,-0.0849353614185978,0.371068203052009,0.416067608044502,0.0449994049924929,2.17952202190756,2.51853980787118,1.155546850436,0.354851626106687,0.36949080017116,0.0146391740644729,2.14171675649286,2.39321117167271,1.1174265525156
"pm155q04t","PATTERN01","PATTERN10",435,297,0.611494252873563,0.528619528619529,-0.0828747242540345,0.371068203052009,0.268789808917197,-0.102278394134811,2.17952202190756,2.14417027613989,0.983780046536657,0.354851626106687,0.268789808917197,-0.0860618171894894,2.14171675649286,2.14417027613989,1.00114558549332
"pm155q04t","PATTERN01","PATTERN11",435,295,0.611494252873563,0.491525423728814,-0.11996882914475,0.371068203052009,0.387540229885057,0.0164720268330485,2.17952202190756,2.53988135408468,1.1653386974552,0.354851626106687,0.408137931034483,0.0532863049277961,2.14171675649286,2.59794184684649,1.21301840636514
"pm155q04t","PATTERN02","PATTERN10",433,297,0.526558891454965,0.528619528619529,0.00206063716456328,0.416067608044502,0.268789808917197,-0.147277799127304,2.51853980787118,2.14417027613989,0.851354530684298,0.36949080017116,0.268789808917197,-0.100700991253962,2.39321117167271,2.14417027613989,0.895938603964164
"pm155q04t","PATTERN02","PATTERN11",433,295,0.526558891454965,0.491525423728814,-0.0350334677261518,0.416067608044502,0.387540229885057,-0.0285273781594444,2.51853980787118,2.53988135408468,1.00847377760193,0.36949080017116,0.408137931034483,0.0386471308633232,2.39321117167271,2.59794184684649,1.08554643133756
"pm155q04t","PATTERN10","PATTERN11",297,295,0.528619528619529,0.491525423728814,-0.0370941048907151,0.268789808917197,0.387540229885057,0.11875042096786,2.14417027613989,2.53988135408468,1.18455207701936,0.268789808917197,0.408137931034483,0.139348122117285,2.14417027613989,2.59794184684649,1.21163038017835
"pm192q01t","PATTERN01","PATTERN03",435,429,0.374712643678161,0.356643356643357,-0.0180692870348043,0.589543486106099,0.522946859903382,-0.0665966262027173,3.73245142206948,3.52178648605952,0.943558559191334,0.51840490797546,0.437316472482713,-0.081088435492747,3.41796395220656,3.18867816085119,0.932917434308415
"pm192q01t","PATTERN01","PATTERN12",435,289,0.374712643678161,0.363321799307958,-0.0113908443702024,0.589543486106099,0.547463768115942,-0.0420797179901569,3.73245142206948,3.58897168217826,0.961558846005913,0.51840490797546,0.514699792960662,-0.00370511501479753,3.41796395220656,3.44974986338131,1.00929966249475
"pm192q01t","PATTERN01","PATTERN13",435,287,0.374712643678161,0.362369337979094,-0.0123433056990668,0.589543486106099,0.5901113913409,0.000567905234800659,3.73245142206948,3.79074895873569,1.01561910124845,0.51840490797546,0.5901113913409,0.0717064833654397,3.41796395220656,3.79074895873569,1.10906639500644
"pm192q01t","PATTERN03","PATTERN12",429,289,0.356643356643357,0.363321799307958,0.00667844266460182,0.522946859903382,0.547463768115942,0.0245169082125605,3.52178648605952,3.58897168217826,1.01907702138806,0.437316472482713,0.514699792960662,0.0773833204779495,3.18867816085119,3.44974986338131,1.08187458544278
"pm192q01t","PATTERN03","PATTERN13",429,287,0.356643356643357,0.362369337979094,0.00572598133573743,0.522946859903382,0.5901113913409,0.067164531437518,3.52178648605952,3.79074895873569,1.07637103320738,0.437316472482713,0.5901113913409,0.152794918858187,3.18867816085119,3.79074895873569,1.18881516650893
"pm192q01t","PATTERN12","PATTERN13",289,287,0.363321799307958,0.362369337979094,-0.000952461328864396,0.547463768115942,0.5901113913409,0.0426476232249575,3.58897168217826,3.79074895873569,1.05622147356565,0.514699792960662,0.5901113913409,0.0754115983802373,3.44974986338131,3.79074895873569,1.09884748426953
"pm273q01t","PATTERN03","PATTERN04",429,421,0.459207459207459,0.529691211401425,0.070483752193966,0.40760108524418,0.369139828781084,-0.0384612564630959,2.70229638668966,2.38353735495126,0.882041424727328,0.393072816383686,0.337092902115324,-0.0559799142683628,2.65944470486391,2.30289961065162,0.865932503292813
"pm273q01t","PATTERN03","PATTERN06",429,418,0.459207459207459,0.511961722488038,0.0527542632805791,0.40760108524418,0.392202675462708,-0.0153984097814719,2.70229638668966,2.49480549291242,0.923216825956157,0.393072816383686,0.339861645592817,-0.0532111707908696,2.65944470486391,2.35759713912895,0.886499777497573
"pm273q01t","PATTERN03","PATTERN11",429,295,0.459207459207459,0.457627118644068,-0.0015803405633914,0.40760108524418,0.500046296296296,0.0924452110521161,2.70229638668966,3.00408334292793,1.11167796312971,0.393072816383686,0.477453703703704,0.0843808873200176,2.65944470486391,2.92602990691053,1.1002409268217
"pm273q01t","PATTERN04","PATTERN06",421,418,0.529691211401425,0.511961722488038,-0.0177294889133869,0.369139828781084,0.392202675462708,0.0230628466816241,2.38353735495126,2.49480549291242,1.0466819358757,0.337092902115324,0.339861645592817,0.00276874347749323,2.30289961065162,2.35759713912895,1.02375159048373
"pm273q01t","PATTERN04","PATTERN11",421,295,0.529691211401425,0.457627118644068,-0.0720640927573574,0.369139828781084,0.500046296296296,0.130906467515212,2.38353735495126,3.00408334292793,1.26034665942517,0.337092902115324,0.477453703703704,0.14036080158838,2.30289961065162,2.92602990691053,1.2705850890663
"pm273q01t","PATTERN06","PATTERN11",418,295,0.511961722488038,0.457627118644068,-0.0543346038439705,0.392202675462708,0.500046296296296,0.107843620833588,2.49480549291242,3.00408334292793,1.20413529289651,0.339861645592817,0.477453703703704,0.137592058110887,2.35759713912895,2.92602990691053,1.24110682794245
"pm305q01","PATTERN01","PATTERN03",435,429,0.489655172413793,0.48951048951049,-0.00014468290330355,0.297297297297297,0.179995651228528,-0.117301646068769,2.31391853293467,2.05077785246025,0.886279194047212,0.238717590830267,0.173668188736682,-0.0650494020935848,2.17729411591267,2.03765584224376,0.935866141074662
"pm305q01","PATTERN01","PATTERN12",435,289,0.489655172413793,0.401384083044983,-0.0882710893688104,0.297297297297297,0.245963723340642,-0.0513335739566554,2.31391853293467,2.44413629458582,1.05627586269686,0.238717590830267,0.1919473789117,-0.0467702119185667,2.17729411591267,2.31273095853855,1.06220420182834
"pm305q01","PATTERN01","PATTERN13",435,287,0.489655172413793,0.425087108013937,-0.0645680643998558,0.297297297297297,0.181321410829608,-0.11597588646769,2.31391853293467,2.21962651723888,0.959250071100731,0.238717590830267,0.181321410829608,-0.0573961800006593,2.17729411591267,2.21962651723888,1.01944266556219
"pm305q01","PATTERN03","PATTERN12",429,289,0.48951048951049,0.401384083044983,-0.0881264064655068,0.179995651228528,0.245963723340642,0.0659680721121141,2.05077785246025,2.44413629458582,1.19180938669377,0.173668188736682,0.1919473789117,0.0182791901750181,2.03765584224376,2.31273095853855,1.13499586661892
"pm305q01","PATTERN03","PATTERN13",429,287,0.48951048951049,0.425087108013937,-0.0644233814965522,0.179995651228528,0.181321410829608,0.00132575960107961,2.05077785246025,2.21962651723888,1.0823339615142,0.173668188736682,0.181321410829608,0.00765322209292552,2.03765584224376,2.21962651723888,1.08930393014492
"pm305q01","PATTERN12","PATTERN13",289,287,0.401384083044983,0.425087108013937,0.0237030249689546,0.245963723340642,0.181321410829608,-0.0646423125110345,2.44413629458582,2.21962651723888,0.908143511536461,0.1919473789117,0.181321410829608,-0.0106259680820926,2.31273095853855,2.21962651723888,0.959742640640523
"pm406q01","PATTERN01","PATTERN03",435,429,0.193103448275862,0.172494172494172,-0.0206092757816896,0.607414190747524,0.577655119908641,-0.0297590708388831,5.08937381391808,5.10469982950038,1.00301137549386,0.550773300773301,0.580700418728588,0.0299271179552871,4.7361842645242,5.12446413884989,1.08198158108713
"pm406q01","PATTERN01","PATTERN12",435,289,0.193103448275862,0.155709342560554,-0.0373941057153084,0.607414190747524,0.842349726775956,0.234935536028432,5.08937381391808,8.03820520478967,1.57940947131989,0.550773300773301,0.725956284153005,0.175182983379705,4.7361842645242,6.49329619792973,1.37099737579193
"pm406q01","PATTERN01","PATTERN13",435,287,0.193103448275862,0.139372822299652,-0.0537306259762105,0.607414190747524,0.682995951417004,0.07558176066948,5.08937381391808,6.31578365043125,1.24097460342946,0.550773300773301,0.682995951417004,0.132222650643703,4.7361842645242,6.31578365043125,1.33351729951447
"pm406q01","PATTERN03","PATTERN12",429,289,0.172494172494172,0.155709342560554,-0.0167848299336189,0.577655119908641,0.842349726775956,0.264694606867315,5.10469982950038,8.03820520478967,1.57466755603069,0.580700418728588,0.725956284153005,0.145255865424418,5.12446413884989,6.49329619792973,1.26711711156341
"pm406q01","PATTERN03","PATTERN13",429,287,0.172494172494172,0.139372822299652,-0.0331213501945209,0.577655119908641,0.682995951417004,0.105340831508363,5.10469982950038,6.31578365043125,1.23724878276524,0.580700418728588,0.682995951417004,0.102295532688416,5.12446413884989,6.31578365043125,1.23247689500833
"pm406q01","PATTERN12","PATTERN13",289,287,0.155709342560554,0.139372822299652,-0.0163365202609021,0.842349726775956,0.682995951417004,-0.159353775358952,8.03820520478967,6.31578365043125,0.785720629111075,0.725956284153005,0.682995951417004,-0.0429603327360013,6.49329619792973,6.31578365043125,0.972662182335827
"pm406q02","PATTERN01","PATTERN03",435,429,0.0942528735632184,0.0932400932400932,-0.00101278032312514,0.798811439891049,0.858547557840617,0.0597361179495683,8.66538313364177,9.85557413279431,1.13735007221225,0.812863687012505,0.780655526992288,-0.0322081600202166,8.90438261628208,8.40524616056224,0.943944855333692
"pm406q02","PATTERN01","PATTERN12",435,289,0.0942528735632184,0.0865051903114187,-0.00774768325179971,0.798811439891049,0.862121212121212,0.0633097722301637,8.66538313364177,10.0990465197082,1.16544720111688,0.812863687012505,0.801363636363636,-0.0115000506488683,8.90438261628208,8.87904554359673,0.997154539087412
"pm406q02","PATTERN01","PATTERN13",435,287,0.0942528735632184,0.104529616724739,0.0102767431615203,0.798811439891049,0.846044098573282,0.0472326586822329,8.66538313364177,9.20963786074613,1.06280792420953,0.812863687012505,0.846044098573282,0.033180411560777,8.90438261628208,9.20963786074613,1.03428146089611
"pm406q02","PATTERN03","PATTERN12",429,289,0.0932400932400932,0.0865051903114187,-0.00673490292867457,0.858547557840617,0.862121212121212,0.00357365428059531,9.85557413279431,10.0990465197082,1.02470402876923,0.780655526992288,0.801363636363636,0.0207081093713484,8.40524616056224,8.87904554359673,1.05636948329456
"pm406q02","PATTERN03","PATTERN13",429,287,0.0932400932400932,0.104529616724739,0.0112895234846454,0.858547557840617,0.846044098573282,-0.0125034592673354,9.85557413279431,9.20963786074613,0.934459802813634,0.780655526992288,0.846044098573282,0.0653885715809936,8.40524616056224,9.20963786074613,1.09570114721424
"pm406q02","PATTERN12","PATTERN13",289,287,0.0865051903114187,0.104529616724739,0.01802442641332,0.862121212121212,0.846044098573282,-0.0160771135479307,10.0990465197082,9.20963786074613,0.911931422711403,0.801363636363636,0.846044098573282,0.0446804622096453,8.87904554359673,9.20963786074613,1.03723286647491
"pm408q01t","PATTERN03","PATTERN04",429,421,0.363636363636364,0.330166270783848,-0.0334700928525157,0.600920447074293,0.43555793662942,-0.165362510444873,3.84463637580355,3.30247035344084,0.858981196303801,0.518596787827557,0.379432624113475,-0.139164163714082,3.47012813313015,3.10387638076404,0.894455841883932
"pm408q01t","PATTERN03","PATTERN06",429,418,0.363636363636364,0.318181818181818,-0.0454545454545455,0.600920447074293,0.603271336235325,0.00235088916103154,3.84463637580355,4.11074322729338,1.06921508966741,0.518596787827557,0.598074132700172,0.0794773448726145,3.47012813313015,4.0830564224662,1.17662987239125
"pm408q01t","PATTERN03","PATTERN11",429,295,0.363636363636364,0.31864406779661,-0.0449922958397535,0.600920447074293,0.501693659362761,-0.0992267877115329,3.84463637580355,3.61737407914669,0.940888480875032,0.518596787827557,0.456017783423309,-0.062579004404248,3.47012813313015,3.43121374188698,0.988785892119763
"pm408q01t","PATTERN04","PATTERN06",421,418,0.330166270783848,0.318181818181818,-0.0119844526020298,0.43555793662942,0.603271336235325,0.167713399605905,3.30247035344084,4.11074322729338,1.24474795754348,0.379432624113475,0.598074132700172,0.218641508586696,3.10387638076404,4.0830564224662,1.31547005150415
"pm408q01t","PATTERN04","PATTERN11",421,295,0.330166270783848,0.31864406779661,-0.0115222029872378,0.43555793662942,0.501693659362761,0.0661357227333406,3.30247035344084,3.61737407914669,1.09535399019638,0.379432624113475,0.456017783423309,0.0765851593098339,3.10387638076404,3.43121374188698,1.1054608241332
"pm408q01t","PATTERN06","PATTERN11",418,295,0.318181818181818,0.31864406779661,0.000462249614791965,0.603271336235325,0.501693659362761,-0.101577676872564,4.11074322729338,3.61737407914669,0.879980548317649,0.598074132700172,0.456017783423309,-0.142056349276863,4.0830564224662,3.43121374188698,0.84035423145451
"pm411q01","PATTERN01","PATTERN02",435,433,0.510344827586207,0.468822170900693,-0.0415226566855141,0.666899293659857,0.653587491968302,-0.0133118016915552,3.49918287916682,3.60775124586313,1.03102677694918,0.538996743222095,0.550096380381238,0.011099637159143,2.95952601287716,3.15168404214233,1.06492865020583
"pm411q01","PATTERN01","PATTERN10",435,297,0.510344827586207,0.468013468013468,-0.0423313595727389,0.666899293659857,0.488206902832165,-0.178692390827692,3.49918287916682,2.92570302927149,0.836110352131159,0.538996743222095,0.488206902832165,-0.0507898403899307,2.95952601287716,2.92570302927149,0.988571486292567
"pm411q01","PATTERN01","PATTERN11",435,295,0.510344827586207,0.4,-0.110344827586207,0.666899293659857,0.525327970889591,-0.141571322770266,3.49918287916682,3.32822484920668,0.951143442379655,0.538996743222095,0.486785406492387,-0.0522113367297079,2.95952601287716,3.18003276012458,1.07450745365575
"pm411q01","PATTERN02","PATTERN10",433,297,0.468822170900693,0.468013468013468,-0.000808702887224844,0.653587491968302,0.488206902832165,-0.165380589136137,3.60775124586313,2.92570302927149,0.810949211818936,0.550096380381238,0.488206902832165,-0.0618894775490737,3.15168404214233,2.92570302927149,0.928298328814322
"pm411q01","PATTERN02","PATTERN11",433,295,0.468822170900693,0.4,-0.0688221709006928,0.653587491968302,0.525327970889591,-0.128259521078711,3.60775124586313,3.32822484920668,0.922520601447515,0.550096380381238,0.486785406492387,-0.0633109738888509,3.15168404214233,3.18003276012458,1.00899478424969
"pm411q01","PATTERN10","PATTERN11",297,295,0.468013468013468,0.4,-0.068013468013468,0.488206902832165,0.525327970889591,0.0371210680574265,2.92570302927149,3.32822484920668,1.13758122950552,0.488206902832165,0.486785406492387,-0.00142149633977717,2.92570302927149,3.18003276012458,1.08692944167899
"pm411q02","PATTERN01","PATTERN02",435,433,0.508045977011494,0.473441108545035,-0.0346048684664596,0.522983888019622,0.4533162173727,-0.0696676706469219,2.91057566649598,2.79571772564969,0.960537723802053,0.42829957288451,0.409627727856226,-0.0186718450282839,2.60862939122607,2.66208771836009,1.02049287925445
"pm411q02","PATTERN01","PATTERN10",435,297,0.508045977011494,0.457912457912458,-0.0501335190990363,0.522983888019622,0.244747899159664,-0.278235988859958,2.91057566649598,2.27402311344251,0.781296682858684,0.42829957288451,0.244747899159664,-0.183551673724846,2.60862939122607,2.27402311344251,0.871731002146573
"pm411q02","PATTERN01","PATTERN11",435,295,0.508045977011494,0.471186440677966,-0.0368595363335281,0.522983888019622,0.4966334624608,-0.0263504255588216,2.91057566649598,2.9432814187136,1.01123686719232,0.42829957288451,0.475189079505626,0.0468895066211164,2.60862939122607,2.87080397024913,1.10050280806651
"pm411q02","PATTERN02","PATTERN10",433,297,0.473441108545035,0.457912457912458,-0.0155286506325767,0.4533162173727,0.244747899159664,-0.208568318213036,2.79571772564969,2.27402311344251,0.813395105156424,0.409627727856226,0.244747899159664,-0.164879828696562,2.66208771836009,2.27402311344251,0.854225462879699
"pm411q02","PATTERN02","PATTERN11",433,295,0.473441108545035,0.471186440677966,-0.00225466786706852,0.4533162173727,0.4966334624608,0.0433172450881003,2.79571772564969,2.9432814187136,1.05278204294735,0.409627727856226,0.475189079505626,0.0655613516494002,2.66208771836009,2.87080397024913,1.07840322106952
"pm411q02","PATTERN10","PATTERN11",297,295,0.457912457912458,0.471186440677966,0.0132739827655082,0.244747899159664,0.4966334624608,0.251885563301137,2.27402311344251,2.9432814187136,1.2943058499779,0.244747899159664,0.475189079505626,0.230441180345963,2.27402311344251,2.87080397024913,1.26243394505485
"pm420q01t","PATTERN03","PATTERN04",429,421,0.573426573426573,0.598574821852732,0.0251482484261581,0.570860544671021,0.424391847468771,-0.14646869720225,2.86457394099308,2.34388508362139,0.818231657448096,0.532076058465503,0.424133558748943,-0.107942499716559,2.73077777297696,2.34320972500255,0.858074116535707
"pm420q01t","PATTERN03","PATTERN06",429,418,0.573426573426573,0.552631578947368,-0.020794994479205,0.570860544671021,0.648401509364076,0.0775409646930556,2.86457394099308,3.24730268029613,1.1336075616084,0.532076058465503,0.60733384262796,0.0752577841624575,2.73077777297696,3.07265534864879,1.12519421355152
"pm420q01t","PATTERN03","PATTERN11",429,295,0.573426573426573,0.603389830508475,0.0299632570819012,0.570860544671021,0.55704407951599,-0.0138164651550308,2.86457394099308,2.7204506873102,0.949687717387768,0.532076058465503,0.474887160280419,-0.0571888981850837,2.73077777297696,2.46651730811196,0.903228864875036
"pm420q01t","PATTERN04","PATTERN06",421,418,0.598574821852732,0.552631578947368,-0.0459432429053631,0.424391847468771,0.648401509364076,0.224009661895306,2.34388508362139,3.24730268029613,1.38543595971818,0.424133558748943,0.60733384262796,0.183200283879017,2.34320972500255,3.07265534864879,1.31130189323768
"pm420q01t","PATTERN04","PATTERN11",421,295,0.598574821852732,0.603389830508475,0.00481500865574302,0.424391847468771,0.55704407951599,0.132652232047219,2.34388508362139,2.7204506873102,1.16065873123225,0.424133558748943,0.474887160280419,0.0507536015314756,2.34320972500255,2.46651730811196,1.05262336605797
"pm420q01t","PATTERN06","PATTERN11",418,295,0.552631578947368,0.603389830508475,0.0507582515611061,0.648401509364076,0.55704407951599,-0.0913574298480864,3.24730268029613,2.7204506873102,0.837757041811116,0.60733384262796,0.474887160280419,-0.132446682347541,3.07265534864879,2.46651730811196,0.802731523142227
"pm423q01","PATTERN01","PATTERN03",435,429,0.740229885057471,0.79020979020979,0.049979905152319,0.426317814544055,0.257161586365126,-0.169156228178929,2.02015411715112,1.60093492003612,0.792481576749107,0.347743637662837,0.241461815798099,-0.106281821864738,1.8539098408293,1.57518870006657,0.849657661540838
"pm423q01","PATTERN01","PATTERN12",435,289,0.740229885057471,0.688581314878893,-0.0516485701785785,0.426317814544055,0.278280290340592,-0.148037524203464,2.02015411715112,1.8170333108997,0.899452816729713,0.347743637662837,0.304243439419319,-0.0435001982435184,1.8539098408293,1.86703911889615,1.0070819398968
"pm423q01","PATTERN01","PATTERN13",435,287,0.740229885057471,0.738675958188153,-0.00155392686931788,0.426317814544055,0.391572327044025,-0.0347454875000301,2.02015411715112,1.94553213236289,0.963061241637611,0.347743637662837,0.391572327044025,0.0438286893811879,1.8539098408293,1.94553213236289,1.04942111504873
"pm423q01","PATTERN03","PATTERN12",429,289,0.79020979020979,0.688581314878893,-0.101628475330897,0.257161586365126,0.278280290340592,0.0211187039754652,1.60093492003612,1.8170333108997,1.13498262056693,0.241461815798099,0.304243439419319,0.0627816236212198,1.57518870006657,1.86703911889615,1.18527965495007
"pm423q01","PATTERN03","PATTERN13",429,287,0.79020979020979,0.738675958188153,-0.0515338320216369,0.257161586365126,0.391572327044025,0.134410740678899,1.60093492003612,1.94553213236289,1.21524748321374,0.241461815798099,0.391572327044025,0.150110511245926,1.57518870006657,1.94553213236289,1.23511051868304
"pm423q01","PATTERN12","PATTERN13",289,287,0.688581314878893,0.738675958188153,0.0500946433092606,0.278280290340592,0.391572327044025,0.113292036703434,1.8170333108997,1.94553213236289,1.07071902352718,0.304243439419319,0.391572327044025,0.0873288876247063,1.86703911889615,1.94553213236289,1.04204144019926
"pm442q02","PATTERN01","PATTERN02",435,433,0.379310344827586,0.337182448036952,-0.0421278967906347,0.75016835016835,0.707507994845115,-0.0426603553232352,4.67846336566065,4.63122898747857,0.989903869178762,0.647631874298541,0.643167390578015,-0.00446448372052566,4.00771829591834,4.22008825243776,1.05299024054053
"pm442q02","PATTERN01","PATTERN10",435,297,0.379310344827586,0.336700336700337,-0.0426100081272495,0.75016835016835,0.574467005076142,-0.175701345092208,4.67846336566065,3.8514268878792,0.823224761392426,0.647631874298541,0.574467005076142,-0.0731648692223987,4.00771829591834,3.8514268878792,0.961002396750709
"pm442q02","PATTERN01","PATTERN11",435,295,0.379310344827586,0.291525423728814,-0.0877849210987726,0.75016835016835,0.712306665183042,-0.037861684985308,4.67846336566065,4.97727739596587,1.06387012293363,0.647631874298541,0.644319572716146,-0.00331230158239526,4.00771829591834,4.51034491673295,1.12541465834226
"pm442q02","PATTERN02","PATTERN10",433,297,0.337182448036952,0.336700336700337,-0.000482111336614799,0.707507994845115,0.574467005076142,-0.133040989768973,4.63122898747857,3.8514268878792,0.831620914943372,0.643167390578015,0.574467005076142,-0.0687003855018731,4.22008825243776,3.8514268878792,0.91264131399489
"pm442q02","PATTERN02","PATTERN11",433,295,0.337182448036952,0.291525423728814,-0.045657024308138,0.707507994845115,0.712306665183042,0.00479867033792725,4.63122898747857,4.97727739596587,1.07472064314309,0.643167390578015,0.644319572716146,0.0011521821381304,4.22008825243776,4.51034491673295,1.06877976168568
"pm442q02","PATTERN10","PATTERN11",297,295,0.336700336700337,0.291525423728814,-0.0451749129715232,0.574467005076142,0.712306665183042,0.1378396601069,3.8514268878792,4.97727739596587,1.29232036355924,0.574467005076142,0.644319572716146,0.0698525676400035,3.8514268878792,4.51034491673295,1.17108413272168
"pm446q01","PATTERN03","PATTERN04",429,421,0.748251748251748,0.781472684085511,0.0332209358337625,0.639494634821738,0.57611999471389,-0.0633746401078481,2.5992647465077,2.31127923309805,0.889205009302506,0.544594438675436,0.557717721686269,0.0131232830108337,2.29972177902008,2.25861945824776,0.982127263764123
"pm446q01","PATTERN03","PATTERN06",429,418,0.748251748251748,0.727272727272727,-0.0209790209790209,0.639494634821738,0.612361495844875,-0.0271331389768623,2.5992647465077,2.56122816176321,0.985366406097881,0.544594438675436,0.56359649122807,0.0190020525526344,2.29972177902008,2.40600857040932,1.04621723912817
"pm446q01","PATTERN03","PATTERN11",429,295,0.748251748251748,0.694915254237288,-0.0533364940144601,0.639494634821738,0.58070460704607,-0.0587900277756672,2.5992647465077,2.54036592816735,0.977340200370323,0.544594438675436,0.49869918699187,-0.045895251683566,2.29972177902008,2.29877324635812,0.999587544601865
"pm446q01","PATTERN04","PATTERN06",421,418,0.781472684085511,0.727272727272727,-0.0541999568127834,0.57611999471389,0.612361495844875,0.0362415011309858,2.31127923309805,2.56122816176321,1.10814311186889,0.557717721686269,0.56359649122807,0.00587876954180078,2.25861945824776,2.40600857040932,1.06525628371054
"pm446q01","PATTERN04","PATTERN11",421,295,0.781472684085511,0.694915254237288,-0.0865574298482226,0.57611999471389,0.58070460704607,0.00458461233218088,2.31127923309805,2.54036592816735,1.09911684048761,0.557717721686269,0.49869918699187,-0.0590185346943997,2.25861945824776,2.29877324635812,1.01777802274913
"pm446q01","PATTERN06","PATTERN11",418,295,0.727272727272727,0.694915254237288,-0.0323574730354391,0.612361495844875,0.58070460704607,-0.0316568887988049,2.56122816176321,2.54036592816735,0.99185459776395,0.56359649122807,0.49869918699187,-0.0648973042362004,2.40600857040932,2.29877324635812,0.955430198640997
"pm446q02","PATTERN03","PATTERN04",429,421,0.0699300699300699,0.0451306413301663,-0.0247994285999037,0.696324143692565,0.677009688400105,-0.0193144552924602,7.93646641410347,8.60542703451582,1.08428947915959,0.654302422723475,0.664833726106311,0.0105313033828351,7.46939458357671,8.45666007892435,1.13217476788793
"pm446q02","PATTERN03","PATTERN06",429,418,0.0699300699300699,0.0454545454545455,-0.0244755244755245,0.696324143692565,0.822187046563778,0.125862902871213,7.93646641410347,10.9786426724451,1.38331621399361,0.654302422723475,0.731433847777338,0.0771314250538626,7.46939458357671,9.3299799665441,1.24909453666544
"pm446q02","PATTERN03","PATTERN11",429,295,0.0699300699300699,0.0508474576271186,-0.0190826123029513,0.696324143692565,0.803571428571429,0.107247284878864,7.93646641410347,10.2399965144171,1.29024631115683,0.654302422723475,0.735714285714286,0.0814118629908103,7.46939458357671,9.09457109007234,1.21757807655107
"pm446q02","PATTERN04","PATTERN06",421,418,0.0451306413301663,0.0454545454545455,0.000323904124379187,0.677009688400105,0.822187046563778,0.145177358163673,8.60542703451582,10.9786426724451,1.27578127481767,0.664833726106311,0.731433847777338,0.0666001216710275,8.45666007892435,9.3299799665441,1.10327007110008
"pm446q02","PATTERN04","PATTERN11",421,295,0.0451306413301663,0.0508474576271186,0.00571681629695238,0.677009688400105,0.803571428571429,0.126561740171324,8.60542703451582,10.2399965144171,1.18994635284747,0.664833726106311,0.735714285714286,0.0708805596079751,8.45666007892435,9.09457109007234,1.07543297296977
"pm446q02","PATTERN06","PATTERN11",418,295,0.0454545454545455,0.0508474576271186,0.00539291217257319,0.822187046563778,0.803571428571429,-0.0186156179923493,10.9786426724451,10.2399965144171,0.932719719544031,0.731433847777338,0.735714285714286,0.00428043793694766,9.3299799665441,9.09457109007234,0.974768554989839
"pm447q01","PATTERN03","PATTERN04",429,421,0.636363636363636,0.714964370546318,0.078600734182682,0.460387902695595,0.476162790697675,0.0157748880020796,2.34269887412611,2.1946107444967,0.936787381739514,0.357354184277261,0.416749723145072,0.0593955388678107,2.09020712917145,2.05184356741364,0.98164604779
"pm447q01","PATTERN03","PATTERN06",429,418,0.636363636363636,0.610047846889952,-0.0263157894736842,0.460387902695595,0.623962468422952,0.163574565727357,2.34269887412611,2.94674705568518,1.25784286159458,0.357354184277261,0.592421508480693,0.235067324203432,2.09020712917145,2.82724912461238,1.3526167264261
"pm447q01","PATTERN03","PATTERN11",429,295,0.636363636363636,0.616949152542373,-0.0194144838212634,0.460387902695595,0.458134785568414,-0.00225311712718113,2.34269887412611,2.38403678029907,1.01764542025845,0.357354184277261,0.380871341048332,0.023517156771071,2.09020712917145,2.18779193570377,1.04668666811552
"pm447q01","PATTERN04","PATTERN06",421,418,0.714964370546318,0.610047846889952,-0.104916523656366,0.476162790697675,0.623962468422952,0.147799677725278,2.1946107444967,2.94674705568518,1.3427196887077,0.416749723145072,0.592421508480693,0.175671785335621,2.05184356741364,2.82724912461238,1.37790676127232
"pm447q01","PATTERN04","PATTERN11",421,295,0.714964370546318,0.616949152542373,-0.0980152180039454,0.476162790697675,0.458134785568414,-0.0180280051292607,2.1946107444967,2.38403678029907,1.08631418408817,0.416749723145072,0.380871341048332,-0.0358783820967397,2.05184356741364,2.18779193570377,1.06625669249313
"pm447q01","PATTERN06","PATTERN11",418,295,0.610047846889952,0.616949152542373,0.00690130565242075,0.623962468422952,0.458134785568414,-0.165827682854538,2.94674705568518,2.38403678029907,0.809040184056358,0.592421508480693,0.380871341048332,-0.211550167432361,2.82724912461238,2.18779193570377,0.773823543407664
"pm464q01t","PATTERN03","PATTERN04",429,421,0.137529137529138,0.147268408551069,0.00973927102193134,0.806092533211177,0.823074849492317,0.01698231628114,7.81186479957966,7.89617815208896,1.01079298665203,0.739853412734768,0.734073142240992,-0.00578027049377661,6.94824721273686,6.72657656450888,0.968096896750933
"pm464q01t","PATTERN03","PATTERN06",429,418,0.137529137529138,0.148325358851675,0.0107962213225371,0.806092533211177,0.753035520115984,-0.0530570130951933,7.81186479957966,6.92206648246974,0.886096554415816,0.739853412734768,0.660746647335991,-0.0791067653987771,6.94824721273686,6.01054495192838,0.865044775740049
"pm464q01t","PATTERN03","PATTERN11",429,295,0.137529137529138,0.122033898305085,-0.0154952392240528,0.806092533211177,0.767267267267267,-0.0388252659439101,7.81186479957966,7.5347417532983,0.964525365787657,0.739853412734768,0.79011154011154,0.0502581273767717,6.94824721273686,7.84808467769092,1.1295056778211
"pm464q01t","PATTERN04","PATTERN06",421,418,0.147268408551069,0.148325358851675,0.00105695030060576,0.823074849492317,0.753035520115984,-0.0700393293763333,7.89617815208896,6.92206648246974,0.876635044086295,0.734073142240992,0.660746647335991,-0.0733264949050005,6.72657656450888,6.01054495192838,0.893551852756949
"pm464q01t","PATTERN04","PATTERN11",421,295,0.147268408551069,0.122033898305085,-0.0252345102459841,0.823074849492317,0.767267267267267,-0.0558075822250501,7.89617815208896,7.5347417532983,0.954226412850748,0.734073142240992,0.79011154011154,0.0560383978705483,6.72657656450888,7.84808467769092,1.16672791908731
"pm464q01t","PATTERN06","PATTERN11",418,295,0.148325358851675,0.122033898305085,-0.0262914605465899,0.753035520115984,0.767267267267267,0.0142317471512832,6.92206648246974,7.5347417532983,1.08851045744507,0.660746647335991,0.79011154011154,0.129364892775549,6.01054495192838,7.84808467769092,1.30571932170193
"pm474q01","PATTERN01","PATTERN02",435,433,0.68735632183908,0.697459584295612,0.0101032624565316,0.302306708636632,0.3126990546484,0.0103923460117679,1.86705122108123,1.86760631879487,1.00029731252543,0.285731851268936,0.261741064658005,-0.0239907866109303,1.83489927156299,1.77069937611669,0.965011760350413
"pm474q01","PATTERN01","PATTERN10",435,297,0.68735632183908,0.720538720538721,0.0331823986996401,0.302306708636632,0.275700934579439,-0.026605774057193,1.86705122108123,1.75261161395203,0.938705694928433,0.285731851268936,0.275700934579439,-0.0100309166894965,1.83489927156299,1.75261161395203,0.955154128138675
"pm474q01","PATTERN01","PATTERN11",435,295,0.68735632183908,0.664406779661017,-0.0229495421780636,0.302306708636632,0.387755102040817,0.0854483934041845,1.86705122108123,2.09453098183359,1.12183905732411,0.285731851268936,0.314368171511028,0.0286363202420929,1.83489927156299,1.93605866379257,1.05513076047135
"pm474q01","PATTERN02","PATTERN10",433,297,0.697459584295612,0.720538720538721,0.0230791362431085,0.3126990546484,0.275700934579439,-0.0369981200689609,1.86760631879487,1.75261161395203,0.938426688919623,0.261741064658005,0.275700934579439,0.0139598699214338,1.77069937611669,1.75261161395203,0.989784961575848
"pm474q01","PATTERN02","PATTERN11",433,295,0.697459584295612,0.664406779661017,-0.0330528046345951,0.3126990546484,0.387755102040817,0.0750560473924167,1.86760631879487,2.09453098183359,1.12150561965605,0.261741064658005,0.314368171511028,0.0526271068530233,1.77069937611669,1.93605866379257,1.0933864268019
"pm474q01","PATTERN10","PATTERN11",297,295,0.720538720538721,0.664406779661017,-0.0561319408777037,0.275700934579439,0.387755102040817,0.112054167461378,1.75261161395203,2.09453098183359,1.19509135119249,0.275700934579439,0.314368171511028,0.0386672369315895,1.75261161395203,1.93605866379257,1.10467068024665
"pm496q01t","PATTERN01","PATTERN03",435,429,0.524137931034483,0.487179487179487,-0.0369584438549956,0.549538096448852,0.551826881252719,0.00228878480386685,2.95032333856359,3.08953287433295,1.04718450142388,0.5267607424358,0.575728577642453,0.0489678352066534,2.86963451754291,3.18311710306415,1.10924129313501
"pm496q01t","PATTERN01","PATTERN12",435,289,0.524137931034483,0.501730103806228,-0.0224078272282544,0.549538096448852,0.540086206896552,-0.00945188955230014,2.95032333856359,2.98921631204246,1.01318261390896,0.5267607424358,0.445114942528736,-0.0816457999070639,2.86963451754291,2.67482223753782,0.932112511605871
"pm496q01t","PATTERN01","PATTERN13",435,287,0.524137931034483,0.491289198606272,-0.032848732428211,0.549538096448852,0.504420479937822,-0.0451176165110303,2.95032333856359,2.89956529649195,0.982795769735412,0.5267607424358,0.504420479937822,-0.022340262497978,2.86963451754291,2.89956529649195,1.01043017107791
"pm496q01t","PATTERN03","PATTERN12",429,289,0.487179487179487,0.501730103806228,0.0145506166267412,0.551826881252719,0.540086206896552,-0.011740674356167,3.08953287433295,2.98921631204246,0.967530184538934,0.575728577642453,0.445114942528736,-0.130613635113717,3.18311710306415,2.67482223753782,0.84031537355725
"pm496q01t","PATTERN03","PATTERN13",429,287,0.487179487179487,0.491289198606272,0.00410971142678462,0.551826881252719,0.504420479937822,-0.0474064013148972,3.08953287433295,2.89956529649195,0.938512524200924,0.575728577642453,0.504420479937822,-0.0713080977046314,3.18311710306415,2.89956529649195,0.910920083241913
"pm496q01t","PATTERN12","PATTERN13",289,287,0.501730103806228,0.491289198606272,-0.0104409051999566,0.540086206896552,0.504420479937822,-0.0356657269587302,2.98921631204246,2.89956529649195,0.970008521902769,0.445114942528736,0.504420479937822,0.0593055374090858,2.67482223753782,2.89956529649195,1.08402168031959
"pm496q02","PATTERN01","PATTERN03",435,429,0.620689655172414,0.608391608391608,-0.0122980467808054,0.496430976430977,0.434865900383142,-0.061565076047835,2.48445088833769,2.34620337574596,0.944354902227822,0.466240179573513,0.375889436234264,-0.090350743339249,2.39891760049772,2.19833981199417,0.916388212558055
"pm496q02","PATTERN01","PATTERN12",435,289,0.620689655172414,0.595155709342561,-0.0255339458298532,0.496430976430977,0.50516795865633,0.0087369822253538,2.48445088833769,2.57823638154223,1.03774898253968,0.466240179573513,0.454979129397734,-0.0112610501757788,2.39891760049772,2.43269532212244,1.01408040093487
"pm496q02","PATTERN01","PATTERN13",435,287,0.620689655172414,0.599303135888502,-0.0213865192839121,0.496430976430977,0.484630940343782,-0.011800036087195,2.48445088833769,2.50546490737358,1.00845821470432,0.466240179573513,0.484630940343782,0.0183907607702687,2.39891760049772,2.50546490737358,1.04441474223781
"pm496q02","PATTERN03","PATTERN12",429,289,0.608391608391608,0.595155709342561,-0.0132358990490479,0.434865900383142,0.50516795865633,0.0703020582731888,2.34620337574596,2.57823638154223,1.09889722612921,0.375889436234264,0.454979129397734,0.0790896931634701,2.19833981199417,2.43269532212244,1.10660567981785
"pm496q02","PATTERN03","PATTERN13",429,287,0.608391608391608,0.599303135888502,-0.00908847250310674,0.434865900383142,0.484630940343782,0.04976503996064,2.34620337574596,2.50546490737358,1.06788053127618,0.375889436234264,0.484630940343782,0.108741504109518,2.19833981199417,2.50546490737358,1.13970774386368
"pm496q02","PATTERN12","PATTERN13",289,287,0.595155709342561,0.599303135888502,0.00414742654594114,0.50516795865633,0.484630940343782,-0.0205370183125488,2.57823638154223,2.50546490737358,0.97177470821154,0.454979129397734,0.484630940343782,0.0296518109460475,2.43269532212244,2.50546490737358,1.02991315212776
"pm559q01","PATTERN03","PATTERN04",429,421,0.575757575757576,0.600950118764846,0.0251925430072698,0.518307603327846,0.419325239977414,-0.0989823633504319,2.67893894265543,2.32460971359789,0.867735235239696,0.523891088668417,0.355990024468285,-0.167901064200132,2.69692713935422,2.16913463562936,0.80429856779474
"pm559q01","PATTERN03","PATTERN06",429,418,0.575757575757576,0.495215311004785,-0.0805422647527911,0.518307603327846,0.520434095748334,0.00212649242048824,2.67893894265543,2.94546494566562,1.09948939065629,0.523891088668417,0.519014584335005,-0.00487650433341202,2.69692713935422,2.94046431668139,1.09030172664786
"pm559q01","PATTERN03","PATTERN11",429,295,0.575757575757576,0.589830508474576,0.0140729327170005,0.518307603327846,0.477628954117982,-0.0406786492098636,2.67893894265543,2.51154075140293,0.937513248776561,0.523891088668417,0.469222000569963,-0.0546690880984539,2.69692713935422,2.48733970039031,0.922286577228744
"pm559q01","PATTERN04","PATTERN06",421,418,0.600950118764846,0.495215311004785,-0.105734807760061,0.419325239977414,0.520434095748334,0.10110885577092,2.32460971359789,2.94546494566562,1.26707934172176,0.355990024468285,0.519014584335005,0.163024559866719,2.16913463562936,2.94046431668139,1.35559327133616
"pm559q01","PATTERN04","PATTERN11",421,295,0.600950118764846,0.589830508474576,-0.0111196102902693,0.419325239977414,0.477628954117982,0.0583037141405682,2.32460971359789,2.51154075140293,1.08041394506423,0.355990024468285,0.469222000569963,0.113231976101678,2.16913463562936,2.48733970039031,1.14669677922902
"pm559q01","PATTERN06","PATTERN11",418,295,0.495215311004785,0.589830508474576,0.0946151974697916,0.520434095748334,0.477628954117982,-0.0428051416303519,2.94546494566562,2.51154075140293,0.852680577678838,0.519014584335005,0.469222000569963,-0.0497925837650419,2.94046431668139,2.48733970039031,0.845900317946224
"pm564q01","PATTERN01","PATTERN03",435,429,0.455172413793103,0.424242424242424,-0.0309299895506792,0.380599241358735,0.406170752324598,0.0255715109658632,2.63652708192643,2.8177447483944,1.0687334743156,0.361697140178153,0.351514881879254,-0.0101822582988984,2.58308461590477,2.65509001419414,1.02787574121499
"pm564q01","PATTERN01","PATTERN12",435,289,0.455172413793103,0.408304498269896,-0.0468679155232073,0.380599241358735,0.115174943007236,-0.2654242983515,2.63652708192643,2.12127210653185,0.804570573567519,0.361697140178153,0.125433640598672,-0.236263499579481,2.58308461590477,2.1432353028932,0.829719355570741
"pm564q01","PATTERN01","PATTERN13",435,287,0.455172413793103,0.334494773519164,-0.12067764027394,0.380599241358735,0.304755671902269,-0.0758435694564665,2.63652708192643,2.8441354203656,1.078743108638,0.361697140178153,0.304755671902269,-0.056941468275884,2.58308461590477,2.8441354203656,1.10106165429249
"pm564q01","PATTERN03","PATTERN12",429,289,0.424242424242424,0.408304498269896,-0.0159379259725281,0.406170752324598,0.115174943007236,-0.290995809317363,2.8177447483944,2.12127210653185,0.752826212431268,0.351514881879254,0.125433640598672,-0.226081241280582,2.65509001419414,2.1432353028932,0.807217567553431
"pm564q01","PATTERN03","PATTERN13",429,287,0.424242424242424,0.334494773519164,-0.0897476507232605,0.406170752324598,0.304755671902269,-0.10141508042233,2.8177447483944,2.8441354203656,1.00936588453807,0.351514881879254,0.304755671902269,-0.0467592099769856,2.65509001419414,2.8441354203656,1.07120112883587
"pm564q01","PATTERN12","PATTERN13",289,287,0.408304498269896,0.334494773519164,-0.0738097247507324,0.115174943007236,0.304755671902269,0.189580728895033,2.12127210653185,2.8441354203656,1.3407687828487,0.125433640598672,0.304755671902269,0.179322031303597,2.1432353028932,2.8441354203656,1.32702900914624
"pm564q02","PATTERN01","PATTERN03",435,429,0.393103448275862,0.389277389277389,-0.00382605899847283,0.487240829346093,0.358412945102162,-0.128827884243931,3.21518597863338,2.79821557773948,0.870312198527585,0.411749069643807,0.368583443799424,-0.0431656258443827,2.9511912180267,2.82909903545603,0.95862952497795
"pm564q02","PATTERN01","PATTERN12",435,289,0.393103448275862,0.397923875432526,0.00482042715666386,0.487240829346093,0.194652673663168,-0.292588155682924,3.21518597863338,2.32953601358455,0.724541606322482,0.411749069643807,0.147126436781609,-0.264622632862197,2.9511912180267,2.22011727549326,0.752278355239123
"pm564q02","PATTERN01","PATTERN13",435,287,0.393103448275862,0.40418118466899,0.0110777363931275,0.487240829346093,0.366505343819318,-0.120735485526774,3.21518597863338,2.76468812232491,0.85988435527454,0.411749069643807,0.366505343819318,-0.0452437258244884,2.9511912180267,2.76468812232491,0.936804130290651
"pm564q02","PATTERN03","PATTERN12",429,289,0.389277389277389,0.397923875432526,0.00864648615513669,0.358412945102162,0.194652673663168,-0.163760271438993,2.79821557773948,2.32953601358455,0.832507699591341,0.368583443799424,0.147126436781609,-0.221457007017815,2.82909903545603,2.22011727549326,0.784743569478967
"pm564q02","PATTERN03","PATTERN13",429,287,0.389277389277389,0.40418118466899,0.0149037953916003,0.358412945102162,0.366505343819318,0.00809239871715639,2.79821557773948,2.76468812232491,0.988018272901739,0.368583443799424,0.366505343819318,-0.00207809998010577,2.82909903545603,2.76468812232491,0.977232711784252
"pm564q02","PATTERN12","PATTERN13",289,287,0.397923875432526,0.40418118466899,0.00625730923646362,0.194652673663168,0.366505343819318,0.17185267015615,2.32953601358455,2.76468812232491,1.18679775981259,0.147126436781609,0.366505343819318,0.219378907037709,2.22011727549326,2.76468812232491,1.24528922541295
"pm571q01","PATTERN01","PATTERN03",435,429,0.44367816091954,0.484848484848485,0.0411703239289447,0.567421744529611,0.60942394709363,0.0420022025640194,3.32093210423459,3.33360782798737,1.00381691746622,0.509848841690575,0.503763487643578,-0.00608535404699695,3.09592260040011,2.92361685531161,0.944344298185546
"pm571q01","PATTERN01","PATTERN12",435,289,0.44367816091954,0.380622837370242,-0.063055323549298,0.567421744529611,0.49862874555612,-0.068792998973491,3.32093210423459,3.30708202456019,0.995829460151644,0.509848841690575,0.428288471305231,-0.0815603703853436,3.09592260040011,3.05136597038528,0.985607963839577
"pm571q01","PATTERN01","PATTERN13",435,287,0.44367816091954,0.421602787456446,-0.0220753734630942,0.567421744529611,0.361246639450364,-0.206175105079247,3.32093210423459,2.6885377962485,0.809573249877736,0.509848841690575,0.361246639450364,-0.148602202240211,3.09592260040011,2.6885377962485,0.86841247126173
"pm571q01","PATTERN03","PATTERN12",429,289,0.484848484848485,0.380622837370242,-0.104225647478243,0.60942394709363,0.49862874555612,-0.11079520153751,3.33360782798737,3.30708202456019,0.992042914225098,0.503763487643578,0.428288471305231,-0.0754750163383466,2.92361685531161,3.05136597038528,1.0436955734612
"pm571q01","PATTERN03","PATTERN13",429,287,0.484848484848485,0.421602787456446,-0.0632456973920389,0.60942394709363,0.361246639450364,-0.248177307643267,3.33360782798737,2.6885377962485,0.8064949253109,0.503763487643578,0.361246639450364,-0.142516848193214,2.92361685531161,2.6885377962485,0.919593068894777
"pm571q01","PATTERN12","PATTERN13",289,287,0.380622837370242,0.421602787456446,0.0409799500862038,0.49862874555612,0.361246639450364,-0.137382106105756,3.30708202456019,2.6885377962485,0.812963747582297,0.428288471305231,0.361246639450364,-0.0670418318548678,3.05136597038528,2.6885377962485,0.881093196405096
"pm603q01t","PATTERN01","PATTERN03",435,429,0.450574712643678,0.447552447552448,-0.0030222650912306,0.400926479378362,0.510724331926864,0.109797852548501,2.71110439379297,3.08420343721865,1.13761884060233,0.376142088634617,0.444444444444445,0.0683023558098275,2.63863342923587,2.85640689340896,1.08253267079852
"pm603q01t","PATTERN01","PATTERN12",435,289,0.450574712643678,0.314878892733564,-0.135695819910114,0.400926479378362,0.3003108003108,-0.100615679067562,2.71110439379297,2.91204015799058,1.07411583436538,0.376142088634617,0.295704295704296,-0.0804377929303213,2.63863342923587,2.8980133734681,1.09830086337811
"pm603q01t","PATTERN01","PATTERN13",435,287,0.450574712643678,0.320557491289199,-0.13001722135448,0.400926479378362,0.458305462653289,0.0573789832749265,2.71110439379297,3.43013602898789,1.2652172438808,0.376142088634617,0.458305462653289,0.0821633740186716,2.63863342923587,3.43013602898789,1.29996686579584
"pm603q01t","PATTERN03","PATTERN12",429,289,0.447552447552448,0.314878892733564,-0.132673554818884,0.510724331926864,0.3003108003108,-0.210413531616063,3.08420343721865,2.91204015799058,0.944179013241965,0.444444444444445,0.295704295704296,-0.148740148740149,2.85640689340896,2.8980133734681,1.01456602004258
"pm603q01t","PATTERN03","PATTERN13",429,287,0.447552447552448,0.320557491289199,-0.126994956263249,0.510724331926864,0.458305462653289,-0.0524188692735748,3.08420343721865,3.43013602898789,1.1121627022377,0.444444444444445,0.458305462653289,0.0138610182088441,2.85640689340896,3.43013602898789,1.20085693564974
"pm603q01t","PATTERN12","PATTERN13",289,287,0.314878892733564,0.320557491289199,0.00567859855563457,0.3003108003108,0.458305462653289,0.157994662342488,2.91204015799058,3.43013602898789,1.1779150845759,0.295704295704296,0.458305462653289,0.162601166948993,2.8980133734681,3.43013602898789,1.1836163560843
"pm800q01","PATTERN03","PATTERN04",429,421,0.773892773892774,0.809976247030879,0.036083473138105,0.339181468140604,0.218621700879766,-0.120559767260838,1.77432745800657,1.50794247512905,0.849867068406417,0.307694696311017,0.20366568914956,-0.104029007161457,1.71608082739754,1.48506646362767,0.865382585667474
"pm800q01","PATTERN03","PATTERN06",429,418,0.773892773892774,0.720095693779904,-0.0537970801128695,0.339181468140604,0.326291279779652,-0.0128901883609518,1.77432745800657,1.85019422841578,1.04275804337405,0.307694696311017,0.386006758099781,0.0783120617887643,1.71608082739754,1.97294276595511,1.14967939415016
"pm800q01","PATTERN03","PATTERN11",429,295,0.773892773892774,0.83728813559322,0.0633953617004465,0.339181468140604,0.350961538461539,0.0117800703209352,1.77432745800657,1.68352657432932,0.948825182596643,0.307694696311017,0.290317139001349,-0.0173775573096682,1.71608082739754,1.57891846503254,0.920072318171044
"pm800q01","PATTERN04","PATTERN06",421,418,0.809976247030879,0.720095693779904,-0.0898805532509745,0.218621700879766,0.326291279779652,0.107669578899886,1.50794247512905,1.85019422841578,1.22696605403162,0.20366568914956,0.386006758099781,0.182341068950221,1.48506646362767,1.97294276595511,1.32852152699999
"pm800q01","PATTERN04","PATTERN11",421,295,0.809976247030879,0.83728813559322,0.0273118885623415,0.218621700879766,0.350961538461539,0.132339837581773,1.50794247512905,1.68352657432932,1.11643952080151,0.20366568914956,0.290317139001349,0.0866514498517887,1.48506646362767,1.57891846503254,1.06319717245221
"pm800q01","PATTERN06","PATTERN11",418,295,0.720095693779904,0.83728813559322,0.117192441813316,0.326291279779652,0.350961538461539,0.024670258681887,1.85019422841578,1.68352657432932,0.909918833640961,0.386006758099781,0.290317139001349,-0.0956896190984324,1.97294276595511,1.57891846503254,0.800285995254496
"pm803q01t","PATTERN01","PATTERN02",435,433,0.255172413793103,0.247113163972286,-0.00805924982081707,0.739322655989323,0.736138982856488,-0.00318367313283496,5.51564884234876,5.56108516961898,1.00823771211129,0.63257702146591,0.637520784358695,0.00494376289278486,4.71191842902676,4.80751421790898,1.02028808230069
"pm803q01t","PATTERN01","PATTERN10",435,297,0.255172413793103,0.279461279461279,0.024288865668176,0.739322655989323,0.52724918365049,-0.212073472338833,5.51564884234876,3.95567555136197,0.717173203810689,0.63257702146591,0.52724918365049,-0.105327837815421,4.71191842902676,3.95567555136197,0.83950425096366
"pm803q01t","PATTERN01","PATTERN11",435,295,0.255172413793103,0.230508474576271,-0.0246639392168323,0.739322655989323,0.685410728167919,-0.0539119278214035,5.51564884234876,5.27886514514459,0.957070563414741,0.63257702146591,0.599248509976678,-0.0333285114892325,4.71191842902676,4.68990737870961,0.995328643598423
"pm803q01t","PATTERN02","PATTERN10",433,297,0.247113163972286,0.279461279461279,0.0323481154889931,0.736138982856488,0.52724918365049,-0.208889799205998,5.56108516961898,3.95567555136197,0.711313607094601,0.637520784358695,0.52724918365049,-0.110271600708205,4.80751421790898,3.95567555136197,0.822810993803464
"pm803q01t","PATTERN02","PATTERN11",433,295,0.247113163972286,0.230508474576271,-0.0166046893960152,0.736138982856488,0.685410728167919,-0.0507282546885686,5.56108516961898,5.27886514514459,0.949250907715601,0.637520784358695,0.599248509976678,-0.0382722743820174,4.80751421790898,4.68990737870961,0.975536871266806
"pm803q01t","PATTERN10","PATTERN11",297,295,0.279461279461279,0.230508474576271,-0.0489528048850083,0.52724918365049,0.685410728167919,0.158161544517429,3.95567555136197,5.27886514514459,1.33450407562547,0.52724918365049,0.599248509976678,0.071999326326188,3.95567555136197,4.68990737870961,1.18561477497689
"pm828q01","PATTERN03","PATTERN04",429,421,0.256410256410256,0.296912114014252,0.0405018576039954,0.698176118552294,0.548243243243243,-0.149932875309051,5.16181360234329,3.95745749535803,0.766679659560252,0.647477913935594,0.527810810810811,-0.119667103124783,4.79886561665943,3.86025270637172,0.804409419795111
"pm828q01","PATTERN03","PATTERN06",429,418,0.256410256410256,0.30622009569378,0.0498098392835235,0.698176118552294,0.748572198275862,0.0503960797235679,5.16181360234329,5.16966291240402,1.00152064965251,0.647477913935594,0.706034482758621,0.0585565688230267,4.79886561665943,4.83219063604179,1.00694435352944
"pm828q01","PATTERN03","PATTERN11",429,295,0.256410256410256,0.315254237288136,0.0588439808778792,0.698176118552294,0.605237943149154,-0.0929381754031404,5.16181360234329,4.13160903995254,0.800418100738261,0.647477913935594,0.493931651229639,-0.153546262705955,4.79886561665943,3.60232709195281,0.750662214721581
"pm828q01","PATTERN04","PATTERN06",421,418,0.296912114014252,0.30622009569378,0.00930798167952812,0.548243243243243,0.748572198275862,0.200328955032619,3.95745749535803,5.16966291240402,1.30630914380454,0.527810810810811,0.706034482758621,0.17822367194781,3.86025270637172,4.83219063604179,1.25178090752085
"pm828q01","PATTERN04","PATTERN11",421,295,0.296912114014252,0.315254237288136,0.0183421232738838,0.548243243243243,0.605237943149154,0.0569946999059106,3.95745749535803,4.13160903995254,1.04400591662672,0.527810810810811,0.493931651229639,-0.0338791595811716,3.86025270637172,3.60232709195281,0.933184266928127
"pm828q01","PATTERN06","PATTERN11",418,295,0.30622009569378,0.315254237288136,0.00903414159435573,0.748572198275862,0.605237943149154,-0.143334255126708,5.16966291240402,4.13160903995254,0.79920279328836,0.706034482758621,0.493931651229639,-0.212102831528982,4.83219063604179,3.60232709195281,0.745485301238777
"pm828q02","PATTERN03","PATTERN04",429,421,0.585081585081585,0.608076009501188,0.0229944244196026,0.450937821746721,0.290530303030303,-0.160407518716418,2.45134171322056,2.00793730153369,0.819117665523539,0.458861184475581,0.251846590909091,-0.20701459356649,2.47354992075125,1.92877614189703,0.779760345936838
"pm828q02","PATTERN03","PATTERN06",429,418,0.585081585081585,0.545454545454545,-0.0396270396270396,0.450937821746721,0.431163434903047,-0.0197743868436739,2.45134171322056,2.50624967053168,1.02239914452359,0.458861184475581,0.431717451523546,-0.0271437329520352,2.47354992075125,2.50780623813248,1.01384905034414
"pm828q02","PATTERN03","PATTERN11",429,295,0.585081585081585,0.589830508474576,0.00474892339299127,0.450937821746721,0.310914790538615,-0.140023031208106,2.45134171322056,2.09135861941307,0.853148546420097,0.458861184475581,0.296095753776005,-0.162765430699576,2.47354992075125,2.05905561473531,0.83242937506996
"pm828q02","PATTERN04","PATTERN06",421,418,0.608076009501188,0.545454545454545,-0.0626214640466423,0.290530303030303,0.431163434903047,0.140633131872744,2.00793730153369,2.50624967053168,1.24817127936085,0.251846590909091,0.431717451523546,0.179870860614455,1.92877614189703,2.50780623813248,1.30020596152022
"pm828q02","PATTERN04","PATTERN11",421,295,0.608076009501188,0.589830508474576,-0.0182455010266114,0.290530303030303,0.310914790538615,0.0203844875083121,2.00793730153369,2.09135861941307,1.04154577825496,0.251846590909091,0.296095753776005,0.0442491628669137,1.92877614189703,2.05905561473531,1.06754514949057
"pm828q02","PATTERN06","PATTERN11",418,295,0.545454545454545,0.589830508474576,0.0443759630200309,0.431163434903047,0.310914790538615,-0.120248644364432,2.50624967053168,2.09135861941307,0.834457414200637,0.431717451523546,0.296095753776005,-0.135621697747541,2.50780623813248,2.05905561473531,0.821058494642174
"pm828q03","PATTERN03","PATTERN04",429,421,0.193473193473193,0.237529691211401,0.0440564977382079,0.538895466258096,0.469813084112149,-0.0690823821459465,4.66408309054024,3.96661206968694,0.850459134772295,0.554843652064907,0.395732087227414,-0.159111564837493,4.75628707666344,3.65014119355734,0.767435004389587
"pm828q03","PATTERN03","PATTERN06",429,418,0.193473193473193,0.188995215311005,-0.0044779781621887,0.538895466258096,0.442253836675255,-0.0966416295828409,4.66408309054024,4.20144122571719,0.900807542266693,0.554843652064907,0.428587431387924,-0.126256220676983,4.75628707666344,4.13742109697294,0.86988464537245
"pm828q03","PATTERN03","PATTERN11",429,295,0.193473193473193,0.230508474576271,0.0370352811030777,0.538895466258096,0.397512308888313,-0.141383157369783,4.66408309054024,3.69533804836686,0.79229678730677,0.554843652064907,0.35015548069448,-0.204688171370426,4.75628707666344,3.51048514137206,0.738072594187206
"pm828q03","PATTERN04","PATTERN06",421,418,0.237529691211401,0.188995215311005,-0.0485344759003966,0.469813084112149,0.442253836675255,-0.0275592474368944,3.96661206968694,4.20144122571719,1.05920144241602,0.395732087227414,0.428587431387924,0.0328553441605102,3.65014119355734,4.13742109697294,1.13349617934662
"pm828q03","PATTERN04","PATTERN11",421,295,0.237529691211401,0.230508474576271,-0.00702121663513022,0.469813084112149,0.397512308888313,-0.0723007752238363,3.96661206968694,3.69533804836686,0.931610649956629,0.395732087227414,0.35015548069448,-0.0455766065329337,3.65014119355734,3.51048514137206,0.961739547929879
"pm828q03","PATTERN06","PATTERN11",418,295,0.188995215311005,0.230508474576271,0.0415132592652664,0.442253836675255,0.397512308888313,-0.0447415277869418,4.20144122571719,3.69533804836686,0.879540579015493,0.428587431387924,0.35015548069448,-0.0784319506934439,4.13742109697294,3.51048514137206,0.848471803834625
"pm903q03","PATTERN01","PATTERN06",435,418,0.250574712643678,0.334928229665072,0.0843535170213937,0.703861090786289,0.686742034943474,-0.0171190558428154,5.25706993471478,4.50309925752312,0.85657967526495,0.711740867901165,0.649845837615622,-0.0618950302855434,5.3206786233686,4.27215312548687,0.802933878908497
"pm903q03","PATTERN01","PATTERN07",435,417,0.250574712643678,0.326139088729017,0.0755643760853387,0.703861090786289,0.658546158676994,-0.0453149321092954,5.25706993471478,4.37895781106434,0.832965485611695,0.711740867901165,0.625235503454051,-0.0865053644471143,5.3206786233686,4.18334757397231,0.786243235139012
"pm903q03","PATTERN01","PATTERN09",435,394,0.250574712643678,0.261421319796954,0.0108466071532762,0.703861090786289,0.629633336669669,-0.0742277541166199,5.25706993471478,4.64323360293492,0.883236034634727,0.711740867901165,0.617288893337337,-0.0944519745638281,5.3206786233686,4.56720527626667,0.858387735768771
"pm903q03","PATTERN06","PATTERN07",418,417,0.334928229665072,0.326139088729017,-0.00878914093605498,0.686742034943474,0.658546158676994,-0.02819587626648,4.50309925752312,4.37895781106434,0.972431998639297,0.649845837615622,0.625235503454051,-0.0246103341615709,4.27215312548687,4.18334757397231,0.97921292872562
"pm903q03","PATTERN06","PATTERN09",418,394,0.334928229665072,0.261421319796954,-0.0735069098681175,0.686742034943474,0.629633336669669,-0.0571086982738045,4.50309925752312,4.64323360293492,1.0311195328812,0.649845837615622,0.617288893337337,-0.0325569442782847,4.27215312548687,4.56720527626667,1.06906403916554
"pm903q03","PATTERN07","PATTERN09",417,394,0.326139088729017,0.261421319796954,-0.0647177689320625,0.658546158676994,0.629633336669669,-0.0289128220073245,4.37895781106434,4.64323360293492,1.06035129893301,0.625235503454051,0.617288893337337,-0.00794661011671383,4.18334757397231,4.56720527626667,1.09175850093897
"pm905q01t","PATTERN02","PATTERN03",433,429,0.817551963048499,0.699300699300699,-0.1182512637478,0.528820710863191,0.530439276485788,0.00161856562259688,2.10154244004995,2.3787043114019,1.13188497461196,0.452406493599371,0.49343669250646,0.0410301989070891,1.92186736549387,2.27628785172763,1.18441464410979
"pm905q01t","PATTERN02","PATTERN05",433,419,0.817551963048499,0.737470167064439,-0.0800817959840597,0.528820710863191,0.588467196234186,0.059646485370995,2.10154244004995,2.45674741051909,1.16902107885135,0.452406493599371,0.588467196234186,0.136060702634816,1.92186736549387,2.45674741051909,1.27831267371969
"pm905q01t","PATTERN02","PATTERN07",433,417,0.817551963048499,0.853717026378897,0.036165063330398,0.528820710863191,0.540891508565113,0.0120707977019217,2.10154244004995,2.05575591945727,0.978212897479436,0.452406493599371,0.561014919874746,0.108608426275376,1.92186736549387,2.10737163700945,1.09652293121066
"pm905q01t","PATTERN03","PATTERN05",429,419,0.699300699300699,0.737470167064439,0.0381694677637399,0.530439276485788,0.588467196234186,0.0580279197483982,2.3787043114019,2.45674741051909,1.03280907960822,0.49343669250646,0.588467196234186,0.0950305037277266,2.27628785172763,2.45674741051909,1.07927800460495
"pm905q01t","PATTERN03","PATTERN07",429,417,0.699300699300699,0.853717026378897,0.154416327078198,0.530439276485788,0.540891508565113,0.0104522320793248,2.3787043114019,2.05575591945727,0.864233486105593,0.49343669250646,0.561014919874746,0.0675782273682866,2.27628785172763,2.10737163700945,0.925793122082523
"pm905q01t","PATTERN05","PATTERN07",419,417,0.737470167064439,0.853717026378897,0.116246859314458,0.588467196234186,0.540891508565113,-0.0475756876690734,2.45674741051909,2.05575591945727,0.836779520212418,0.588467196234186,0.561014919874746,-0.02745227635944,2.45674741051909,2.10737163700945,0.857789298153437
"pm905q02","PATTERN02","PATTERN03",433,429,0.376443418013857,0.312354312354312,-0.0640891056595445,0.686480345376051,0.72365292183152,0.0371725764554696,4.25192408621292,4.92146052050949,1.15746669524688,0.623221995001136,0.688489754616747,0.0652677596156108,3.89168952028123,4.66496473639317,1.19869910281436
"pm905q02","PATTERN02","PATTERN05",433,419,0.376443418013857,0.37708830548926,0.000644887475403311,0.686480345376051,0.725835394539017,0.0393550491629666,4.25192408621292,4.50994322706834,1.06068291334082,0.623221995001136,0.725835394539017,0.102613399537882,3.89168952028123,4.50994322706834,1.1588651159259
"pm905q02","PATTERN02","PATTERN07",433,417,0.376443418013857,0.465227817745803,0.0887843997319465,0.686480345376051,0.692755767185983,0.00627542180993257,4.25192408621292,3.83292693463627,0.901457047896207,0.623221995001136,0.605011326337201,-0.0182106686639349,3.89168952028123,3.39320146450474,0.871909602968413
"pm905q02","PATTERN03","PATTERN05",429,419,0.312354312354312,0.37708830548926,0.0647339931349478,0.72365292183152,0.725835394539017,0.00218247270749705,4.92146052050949,4.50994322706834,0.916383095683443,0.688489754616747,0.725835394539017,0.0373456399222707,4.66496473639317,4.50994322706834,0.966768985815595
"pm905q02","PATTERN03","PATTERN07",429,417,0.312354312354312,0.465227817745803,0.152873505391491,0.72365292183152,0.692755767185983,-0.030897154645537,4.92146052050949,3.83292693463627,0.778818994618181,0.688489754616747,0.605011326337201,-0.0834784282795458,4.66496473639317,3.39320146450474,0.727379874500033
"pm905q02","PATTERN05","PATTERN07",419,417,0.37708830548926,0.465227817745803,0.0881395122565432,0.725835394539017,0.692755767185983,-0.033079627353034,4.50994322706834,3.83292693463627,0.849883633042504,0.725835394539017,0.605011326337201,-0.120824068201816,4.50994322706834,3.39320146450474,0.752382301430981
"pm906q01","PATTERN07","PATTERN08",417,414,0.520383693045564,0.473429951690821,-0.0469537413547423,0.484608294930875,0.516850777008051,0.0322424820771754,2.7415968398371,3.01000153629104,1.09790086294012,0.421797235023041,0.516850777008051,0.0950535419850094,2.55256853061036,3.01000153629104,1.17920498517284
"pm906q01","PATTERN07","PATTERN11",417,295,0.520383693045564,0.491525423728814,-0.02885826931675,0.484608294930875,0.497057471264368,0.0124491763334924,2.7415968398371,2.87407975370469,1.04832326618653,0.421797235023041,0.431494252873563,0.00969701785052179,2.55256853061036,2.6662601900546,1.04454010071849
"pm906q01","PATTERN07","PATTERN12",417,289,0.520383693045564,0.498269896193772,-0.0221137968517919,0.484608294930875,0.553783524904214,0.069175229973339,2.7415968398371,3.05220369756662,1.11329414055933,0.421797235023041,0.477969348659004,0.0561721136359623,2.55256853061036,2.78840467288688,1.0923916985767
"pm906q01","PATTERN08","PATTERN11",414,295,0.473429951690821,0.491525423728814,0.0180954720379923,0.516850777008051,0.497057471264368,-0.019793305743683,3.01000153629104,2.87407975370469,0.954843284647012,0.516850777008051,0.431494252873563,-0.0853565241344876,3.01000153629104,2.6662601900546,0.885800275484242
"pm906q01","PATTERN08","PATTERN12",414,289,0.473429951690821,0.498269896193772,0.0248399445029504,0.516850777008051,0.553783524904214,0.0369327478961636,3.01000153629104,3.05220369756662,1.0140206444305,0.516850777008051,0.477969348659004,-0.0388814283490471,3.01000153629104,2.78840467288688,0.926379817175369
"pm906q01","PATTERN11","PATTERN12",295,289,0.491525423728814,0.498269896193772,0.00674447246495802,0.497057471264368,0.553783524904214,0.0567260536398466,2.87407975370469,3.05220369756662,1.06197599201356,0.431494252873563,0.477969348659004,0.0464750957854405,2.6662601900546,2.78840467288688,1.04581116399963
"pm909q01","PATTERN02","PATTERN04",433,421,0.905311778290993,0.935866983372922,0.0305552050819285,0.67919362867098,0.620699379582628,-0.0584942490883518,2.34362512173917,2.09551756432603,0.894135134876423,0.534096565455451,0.550573416055649,0.0164768506001978,1.93590545969809,1.91569315169897,0.98955924841378
"pm909q01","PATTERN02","PATTERN09",433,394,0.905311778290993,0.913705583756345,0.00839380546535207,0.67919362867098,0.514950980392157,-0.164242648278824,2.34362512173917,1.87570855540618,0.800344960466304,0.534096565455451,0.43733660130719,-0.0967599641482608,1.93590545969809,1.7146998734319,0.885735336321285
"pm909q01","PATTERN02","PATTERN12",433,289,0.905311778290993,0.958477508650519,0.053165730359526,0.67919362867098,0.518351383874849,-0.160842244796132,2.34362512173917,1.79981204065448,0.7679607220283,0.534096565455451,0.463898916967509,-0.0701976484879425,1.93590545969809,1.68893316942331,0.872425438423374
"pm909q01","PATTERN04","PATTERN09",421,394,0.935866983372922,0.913705583756345,-0.0221613996165765,0.620699379582628,0.514950980392157,-0.105748399190472,2.09551756432603,1.87570855540618,0.895105146021265,0.550573416055649,0.43733660130719,-0.113236814748459,1.91569315169897,1.7146998734319,0.895080651048514
"pm909q01","PATTERN04","PATTERN12",421,289,0.935866983372922,0.958477508650519,0.0226105252775974,0.620699379582628,0.518351383874849,-0.10234799570778,2.09551756432603,1.79981204065448,0.858886640367217,0.550573416055649,0.463898916967509,-0.0866744990881403,1.91569315169897,1.68893316942331,0.881630321602101
"pm909q01","PATTERN09","PATTERN12",394,289,0.913705583756345,0.958477508650519,0.0447719248941739,0.514950980392157,0.518351383874849,0.00340040348269199,1.87570855540618,1.79981204065448,0.95953714955719,0.43733660130719,0.463898916967509,0.0265623156603183,1.7146998734319,1.68893316942331,0.984973053064372
"pm909q02","PATTERN02","PATTERN04",433,421,0.531177829099307,0.558194774346793,0.0270169452474862,0.568451488541444,0.42347288949897,-0.144978599042473,2.99602377848825,2.44922804070265,0.817492857796508,0.497536945812808,0.394806680393503,-0.102730265419305,2.7491621528908,2.37280801469741,0.863102240878135
"pm909q02","PATTERN02","PATTERN09",433,394,0.531177829099307,0.550761421319797,0.0195835922204899,0.568451488541444,0.446119399099169,-0.122332089442274,2.99602377848825,2.53311870725845,0.845493525600997,0.497536945812808,0.406909838839855,-0.0906271069729525,2.7491621528908,2.4245475834471,0.88192236347268
"pm909q02","PATTERN02","PATTERN12",433,289,0.531177829099307,0.622837370242215,0.0916595411429074,0.568451488541444,0.524821610601427,-0.0436298779400162,2.99602377848825,2.56059596958834,0.854664768675625,0.497536945812808,0.523037716615698,0.0255007708028905,2.7491621528908,2.5551222913524,0.929418546179836
"pm909q02","PATTERN04","PATTERN09",421,394,0.558194774346793,0.550761421319797,-0.00743335302699633,0.42347288949897,0.446119399099169,0.0226465096001991,2.44922804070265,2.53311870725845,1.03425188065858,0.394806680393503,0.406909838839855,0.0121031584463527,2.37280801469741,2.4245475834471,1.02180520650184
"pm909q02","PATTERN04","PATTERN12",421,289,0.558194774346793,0.622837370242215,0.0646425958954212,0.42347288949897,0.524821610601427,0.101348721102457,2.44922804070265,2.56059596958834,1.04547062463556,0.394806680393503,0.523037716615698,0.128231036222196,2.37280801469741,2.5551222913524,1.07683481997941
"pm909q02","PATTERN09","PATTERN12",394,289,0.550761421319797,0.622837370242215,0.0720759489224175,0.446119399099169,0.524821610601427,0.078702211502258,2.53311870725845,2.56059596958834,1.01084720674604,0.406909838839855,0.523037716615698,0.116127877775843,2.4245475834471,2.5551222913524,1.05385528780576
"pm909q03","PATTERN02","PATTERN04",433,421,0.284064665127021,0.294536817102138,0.010472151975117,0.740257015473381,0.695204735527316,-0.0450522799460642,5.2748836837066,4.83842721626248,0.917257612941822,0.694702334120116,0.699685022265667,0.00498268814555169,4.91381366287833,4.87099724522143,0.991286519881623
"pm909q03","PATTERN02","PATTERN09",433,394,0.284064665127021,0.238578680203046,-0.0454859849239751,0.740257015473381,0.677978723404255,-0.0622782920691254,5.2748836837066,5.15998656539372,0.978218075468131,0.694702334120116,0.653085106382979,-0.0416172277371367,4.91381366287833,4.98077704010535,1.01362757764563
"pm909q03","PATTERN02","PATTERN12",433,289,0.284064665127021,0.328719723183391,0.0446550580563702,0.740257015473381,0.761204557786218,0.0209475423128376,5.2748836837066,5.09794941395195,0.966457218705851,0.694702334120116,0.678893109061313,-0.0158092250588022,4.91381366287833,4.48208379102467,0.912139551583899
"pm909q03","PATTERN04","PATTERN09",421,394,0.294536817102138,0.238578680203046,-0.0559581368990921,0.695204735527316,0.677978723404255,-0.0172260121230612,4.83842721626248,5.15998656539372,1.06645947841283,0.699685022265667,0.653085106382979,-0.0465999158826884,4.87099724522143,4.98077704010535,1.02253743727563
"pm909q03","PATTERN04","PATTERN12",421,289,0.294536817102138,0.328719723183391,0.0341829060812532,0.695204735527316,0.761204557786218,0.0659998222589018,4.83842721626248,5.09794941395195,1.05363771864072,0.699685022265667,0.678893109061313,-0.0207919132043539,4.87099724522143,4.48208379102467,0.920157324133515
"pm909q03","PATTERN09","PATTERN12",394,289,0.238578680203046,0.328719723183391,0.0901410429803453,0.677978723404255,0.761204557786218,0.083225834381963,5.15998656539372,5.09794941395195,0.987977264929753,0.653085106382979,0.678893109061313,0.0258080026783345,4.98077704010535,4.48208379102467,0.89987641585536
"pm915q01","PATTERN07","PATTERN08",417,414,0.398081534772182,0.456521739130435,0.0584402043582525,0.512600201603225,0.395673133450911,-0.116927068152314,3.29071109335117,2.6755575211901,0.813063634360372,0.457783324533192,0.395673133450911,-0.062110191082281,3.0872927686837,2.6755575211901,0.866635502900767
"pm915q01","PATTERN07","PATTERN11",417,295,0.398081534772182,0.433898305084746,0.0358167703125635,0.512600201603225,0.416962949101796,-0.0956372525014291,3.29071109335117,2.81371810221624,0.855048657386337,0.457783324533192,0.360217065868264,-0.0975662586649289,3.0872927686837,2.64463892376606,0.856620710090163
"pm915q01","PATTERN07","PATTERN12",417,289,0.398081534772182,0.439446366782007,0.0413648320098247,0.512600201603225,0.48896665694566,-0.0236335446575657,3.29071109335117,3.03222306108869,0.921449186838447,0.457783324533192,0.471128608923884,0.013345284390692,3.0872927686837,2.97026420104203,0.962093466214554
"pm915q01","PATTERN08","PATTERN11",414,295,0.456521739130435,0.433898305084746,-0.022623434045689,0.395673133450911,0.416962949101796,0.0212898156508849,2.6755575211901,2.81371810221624,1.05163805297847,0.395673133450911,0.360217065868264,-0.0354560675826479,2.6755575211901,2.64463892376606,0.988444054303011
"pm915q01","PATTERN08","PATTERN12",414,289,0.456521739130435,0.439446366782007,-0.0170753723484278,0.395673133450911,0.48896665694566,0.0932935234947483,2.6755575211901,3.03222306108869,1.1333051287718,0.395673133450911,0.471128608923884,0.075455475472973,2.6755575211901,2.97026420104203,1.110147764538
"pm915q01","PATTERN11","PATTERN12",295,289,0.433898305084746,0.439446366782007,0.00554806169726119,0.416962949101796,0.48896665694566,0.0720037078438633,2.81371810221624,3.03222306108869,1.07765701855504,0.360217065868264,0.471128608923884,0.110911543055621,2.64463892376606,2.97026420104203,1.12312655400695
"pm915q02","PATTERN07","PATTERN08",417,414,0.532374100719424,0.485507246376812,-0.0468668543426129,0.600739200739201,0.453997617546072,-0.146741583193128,3.11747589210497,2.75740154327764,0.884498112803623,0.498983598983599,0.453997617546072,-0.0449859814375269,2.74978618256904,2.75740154327764,1.00276943740458
"pm915q02","PATTERN07","PATTERN11",417,295,0.532374100719424,0.542372881355932,0.00999878063650772,0.600739200739201,0.683981481481481,0.0832422807422808,3.11747589210497,3.45067610540427,1.10688140817484,0.498983598983599,0.577638888888889,0.0786552899052897,2.74978618256904,2.98828790492837,1.08673464281376
"pm915q02","PATTERN07","PATTERN12",417,289,0.532374100719424,0.529411764705882,-0.00296233601354212,0.600739200739201,0.514033064206075,-0.0867061365331259,3.11747589210497,2.80532823817762,0.899871670309344,0.498983598983599,0.441272587466359,-0.0577110115172399,2.74978618256904,2.57900433087346,0.937892679518804
"pm915q02","PATTERN08","PATTERN11",414,295,0.485507246376812,0.542372881355932,0.0568656349791206,0.453997617546072,0.683981481481481,0.229983863935409,2.75740154327764,3.45067610540427,1.25142314285592,0.453997617546072,0.577638888888889,0.123641271342817,2.75740154327764,2.98828790492837,1.08373331124501
"pm915q02","PATTERN08","PATTERN12",414,289,0.485507246376812,0.529411764705882,0.0439045183290708,0.453997617546072,0.514033064206075,0.0600354466600024,2.75740154327764,2.80532823817762,1.01738110831802,0.453997617546072,0.441272587466359,-0.012725030079713,2.75740154327764,2.57900433087346,0.935302418017751
"pm915q02","PATTERN11","PATTERN12",295,289,0.542372881355932,0.529411764705882,-0.0129611166500498,0.683981481481481,0.514033064206075,-0.169948417275407,3.45067610540427,2.80532823817762,0.81297929811032,0.577638888888889,0.441272587466359,-0.13636630142253,2.98828790492837,2.57900433087346,0.863037435790603
"pm918q01","PATTERN01","PATTERN06",435,418,0.898850574712644,0.913875598086124,0.0150250233734808,0.472797023947919,0.396015125072718,-0.0767818988752016,1.81237819812285,1.63763378719791,0.903582811189227,0.538770053475935,0.426701570680629,-0.112068482795307,1.95960213853288,1.69423071210857,0.864578925892072
"pm918q01","PATTERN01","PATTERN07",435,417,0.898850574712644,0.952038369304556,0.0531877945919127,0.472797023947919,0.472040302267001,-0.000756721680917893,1.81237819812285,1.71684015039761,0.947285810531053,0.538770053475935,0.352141057934509,-0.186628995541427,1.95960213853288,1.50303130331509,0.767008401225968
"pm918q01","PATTERN01","PATTERN09",435,394,0.898850574712644,0.898477157360406,-0.000373417352237504,0.472797023947919,0.553319209039547,0.0805221850916282,1.81237819812285,1.99525908478517,1.10090658056455,0.538770053475935,0.538559322033899,-0.000210731442036538,1.95960213853288,1.9594788926504,0.999937106680965
"pm918q01","PATTERN06","PATTERN07",418,417,0.913875598086124,0.952038369304556,0.0381627712184319,0.396015125072718,0.472040302267001,0.0760251771942837,1.63763378719791,1.71684015039761,1.04836634650487,0.426701570680629,0.352141057934509,-0.0745605127461197,1.69423071210857,1.50303130331509,0.887146769665441
"pm918q01","PATTERN06","PATTERN09",418,394,0.913875598086124,0.898477157360406,-0.0153984407257183,0.396015125072718,0.553319209039547,0.15730408396683,1.63763378719791,1.99525908478517,1.21837928625006,0.426701570680629,0.538559322033899,0.11185775135327,1.69423071210857,1.9594788926504,1.15655965781173
"pm918q01","PATTERN07","PATTERN09",417,394,0.952038369304556,0.898477157360406,-0.0535612119441502,0.472040302267001,0.553319209039547,0.0812789067725461,1.71684015039761,1.99525908478517,1.16216939842831,0.352141057934509,0.538559322033899,0.18641826409939,1.50303130331509,1.9594788926504,1.30368468596001
"pm918q02","PATTERN01","PATTERN06",435,418,0.731034482758621,0.782296650717703,0.0512621679590827,0.52244261678224,0.470242295930369,-0.0522003208518702,2.27915664290734,2.03312495038402,0.892051433459407,0.491668010535935,0.453204288066674,-0.0384637224692617,2.19757421214378,1.99389273606107,0.907315313877839
"pm918q02","PATTERN01","PATTERN07",435,417,0.731034482758621,0.784172661870504,0.0531381791118829,0.52244261678224,0.336561331974176,-0.185881284808064,2.27915664290734,1.75076882852273,0.768165204428167,0.491668010535935,0.355623513421679,-0.136044497114256,2.19757421214378,1.78685843399805,0.813104933669082
"pm918q02","PATTERN01","PATTERN09",435,394,0.731034482758621,0.781725888324873,0.0506914055662524,0.52244261678224,0.542509815765629,0.0200671989833898,2.27915664290734,2.21582641228422,0.97221330494321,0.491668010535935,0.505209906372697,0.0135418958367619,2.19757421214378,2.11872103978069,0.964118084419017
"pm918q02","PATTERN06","PATTERN07",418,417,0.782296650717703,0.784172661870504,0.00187601115280023,0.470242295930369,0.336561331974176,-0.133680963956194,2.03312495038402,1.75076882852273,0.861122100829092,0.453204288066674,0.355623513421679,-0.0975807746449948,1.99389273606107,1.78685843399805,0.896165777467037
"pm918q02","PATTERN06","PATTERN09",418,394,0.782296650717703,0.781725888324873,-0.000570762392830271,0.470242295930369,0.542509815765629,0.07226751983526,2.03312495038402,2.21582641228422,1.08986238738828,0.453204288066674,0.505209906372697,0.0520056183060236,1.99389273606107,2.11872103978069,1.06260532548316
"pm918q02","PATTERN07","PATTERN09",417,394,0.784172661870504,0.781725888324873,-0.0024467735456305,0.336561331974176,0.542509815765629,0.205948483791454,1.75076882852273,2.21582641228422,1.26563049112194,0.355623513421679,0.505209906372697,0.149586392951018,1.78685843399805,2.11872103978069,1.18572406155316
"pm918q05","PATTERN01","PATTERN06",435,418,0.719540229885058,0.80622009569378,0.0866798658087224,0.581679149426491,0.414844122064695,-0.166835027361796,2.48159782517213,1.86376808310286,0.751035507928681,0.576965379982193,0.427006630765285,-0.149958749216907,2.46679529053107,1.88917942971743,0.765843617818289
"pm918q05","PATTERN01","PATTERN07",435,417,0.719540229885058,0.803357314148681,0.0838170842636236,0.581679149426491,0.418747724790681,-0.162931424635811,2.48159782517213,1.87732387336345,0.756498032969238,0.576965379982193,0.331889333818712,-0.245076046163481,2.46679529053107,1.70829370019365,0.692515388995197
"pm918q05","PATTERN01","PATTERN09",435,394,0.719540229885058,0.718274111675127,-0.00126611820993061,0.581679149426491,0.568522586190431,-0.0131565632360608,2.48159782517213,2.44332665188935,0.984578011434981,0.576965379982193,0.546079648553147,-0.0308857314290458,2.46679529053107,2.3762759649571,0.963304889578218
"pm918q05","PATTERN06","PATTERN07",418,417,0.80622009569378,0.803357314148681,-0.00286278154509889,0.414844122064695,0.418747724790681,0.00390360272598511,1.86376808310286,1.87732387336345,1.00727332460701,0.427006630765285,0.331889333818712,-0.0951172969465737,1.88917942971743,1.70829370019365,0.904251694318499
"pm918q05","PATTERN06","PATTERN09",418,394,0.80622009569378,0.718274111675127,-0.0879459840186531,0.414844122064695,0.568522586190431,0.153678464125735,1.86376808310286,2.44332665188935,1.31096066835828,0.427006630765285,0.546079648553147,0.119073017787861,1.88917942971743,2.3762759649571,1.2578349772274
"pm918q05","PATTERN07","PATTERN09",417,394,0.803357314148681,0.718274111675127,-0.0850832024735542,0.418747724790681,0.568522586190431,0.14977486139975,1.87732387336345,2.44332665188935,1.30149447655605,0.331889333818712,0.546079648553147,0.214190314734435,1.70829370019365,2.3762759649571,1.39102308033316
"pm919q01","PATTERN02","PATTERN03",433,429,0.79445727482679,0.762237762237762,-0.0322195125890277,0.467696629213483,0.674491815074654,0.20679518586117,2.00226462627604,2.6909355716614,1.34394601809762,0.440782597334727,0.653564789830305,0.212782192495579,1.94187550385646,2.61230198618295,1.3452468919841
"pm919q01","PATTERN02","PATTERN05",433,419,0.79445727482679,0.758949880668258,-0.0355073941585321,0.467696629213483,0.504358926458684,0.0366622972452004,2.00226462627604,2.16694937987627,1.08224924489952,0.440782597334727,0.504358926458684,0.0635763291239571,1.94187550385646,2.16694937987627,1.11590540978184
"pm919q01","PATTERN02","PATTERN07",433,417,0.79445727482679,0.820143884892086,0.0256866100652965,0.467696629213483,0.58401559454191,0.116318965328427,2.00226462627604,2.24429122075192,1.12087642727126,0.440782597334727,0.536569200779727,0.0957866034450003,1.94187550385646,2.11562605121488,1.08947563683324
"pm919q01","PATTERN03","PATTERN05",429,419,0.762237762237762,0.758949880668258,-0.00328788156950444,0.674491815074654,0.504358926458684,-0.17013288861597,2.6909355716614,2.16694937987627,0.805277317932357,0.653564789830305,0.504358926458684,-0.149205863371622,2.61230198618295,2.16694937987627,0.829517181144349
"pm919q01","PATTERN03","PATTERN07",429,417,0.762237762237762,0.820143884892086,0.0579061226543242,0.674491815074654,0.58401559454191,-0.0904762205327432,2.6909355716614,2.24429122075192,0.834018935416681,0.653564789830305,0.536569200779727,-0.116995589050578,2.61230198618295,2.11562605121488,0.809870398753628
"pm919q01","PATTERN05","PATTERN07",419,417,0.758949880668258,0.820143884892086,0.0611940042238286,0.504358926458684,0.58401559454191,0.0796566680832267,2.16694937987627,2.24429122075192,1.03569157710554,0.504358926458684,0.536569200779727,0.0322102743210433,2.16694937987627,2.11562605121488,0.976315400286685
"pm919q02","PATTERN02","PATTERN03",433,429,0.401847575057737,0.34032634032634,-0.0615212347313964,0.466804242666312,0.497628152379108,0.0308239097127965,3.10445317858762,3.49590832000408,1.12609471584769,0.450783295610882,0.467738031850525,0.0169547362396434,3.048200298951,3.37661628847924,1.1077409478771
"pm919q02","PATTERN02","PATTERN05",433,419,0.401847575057737,0.365155131264916,-0.0366924437928203,0.466804242666312,0.396972824217406,-0.0698314184489059,3.10445317858762,3.01342084407119,0.970676853771121,0.450783295610882,0.396972824217406,-0.0538104713934757,3.048200298951,3.01342084407119,0.988590167486112
"pm919q02","PATTERN02","PATTERN07",433,417,0.401847575057737,0.460431654676259,0.0585840796185223,0.466804242666312,0.442731481481482,-0.0240727611848304,3.10445317858762,2.80599036156341,0.903859778242815,0.450783295610882,0.405856481481481,-0.0449268141294004,3.048200298951,2.69287257661447,0.883430323637586
"pm919q02","PATTERN03","PATTERN05",429,419,0.34032634032634,0.365155131264916,0.0248287909385761,0.497628152379108,0.396972824217406,-0.100655328161702,3.49590832000408,3.01342084407119,0.861985088918944,0.467738031850525,0.396972824217406,-0.0707652076331191,3.37661628847924,3.01342084407119,0.892438046440976
"pm919q02","PATTERN03","PATTERN07",429,417,0.34032634032634,0.460431654676259,0.120105314349919,0.497628152379108,0.442731481481482,-0.0548966708976268,3.49590832000408,2.80599036156341,0.802649870852488,0.467738031850525,0.405856481481481,-0.0618815503690437,3.37661628847924,2.69287257661447,0.797506244876669
"pm919q02","PATTERN05","PATTERN07",419,417,0.365155131264916,0.460431654676259,0.0952765234113426,0.396972824217406,0.442731481481482,0.0457586572640756,3.01342084407119,2.80599036156341,0.931164449560409,0.396972824217406,0.405856481481481,0.00888365726407536,3.01342084407119,2.69287257661447,0.893626451782403
"pm923q01","PATTERN01","PATTERN06",435,418,0.457471264367816,0.5,0.0425287356321839,0.546503704965505,0.57766534648932,0.0311616415238147,3.18144715836217,3.142618803017,0.987795379457078,0.492568776083809,0.563357066001236,0.0707882899174275,2.98245128361484,3.08659845899408,1.03491999213915
"pm923q01","PATTERN01","PATTERN07",435,417,0.457471264367816,0.546762589928058,0.0892913255602415,0.546503704965505,0.543557968996566,-0.00294573596893977,3.18144715836217,2.85345221886062,0.896903854386064,0.492568776083809,0.517195767195767,0.0246269911119583,2.98245128361484,2.76397131188929,0.926744831365445
"pm923q01","PATTERN01","PATTERN09",435,394,0.457471264367816,0.489847715736041,0.0323764513682245,0.546503704965505,0.522723171706236,-0.0237805332592698,3.18144715836217,2.9718662787048,0.934124041913913,0.492568776083809,0.482767509602248,-0.00980126648156121,2.98245128361484,2.83500617148504,0.950562440721212
"pm923q01","PATTERN06","PATTERN07",418,417,0.5,0.546762589928058,0.0467625899280576,0.57766534648932,0.543557968996566,-0.0341073774927545,3.142618803017,2.85345221886062,0.907985472536862,0.563357066001236,0.517195767195767,-0.0461612988054692,3.08659845899408,2.76397131188929,0.895474856418501
"pm923q01","PATTERN06","PATTERN09",418,394,0.5,0.489847715736041,-0.0101522842639594,0.57766534648932,0.522723171706236,-0.0549421747830845,3.142618803017,2.9718662787048,0.94566553087881,0.563357066001236,0.482767509602248,-0.0805895563989887,3.08659845899408,2.83500617148504,0.918488818402689
"pm923q01","PATTERN07","PATTERN09",417,394,0.546762589928058,0.489847715736041,-0.056914874192017,0.543557968996566,0.522723171706236,-0.02083479729033,2.85345221886062,2.9718662787048,1.04149852556195,0.517195767195767,0.482767509602248,-0.0344282575935195,2.76397131188929,2.83500617148504,1.02570028830986
"pm923q03","PATTERN01","PATTERN06",435,418,0.441379310344828,0.440191387559809,-0.00118792278501895,0.40022719478738,0.404705499814195,0.00447830502681534,2.73998778539,2.75731183915766,1.00632267554623,0.430727023319616,0.393487551096247,-0.0372394722233689,2.83434044634186,2.72351518754411,0.960899101256241
"pm923q03","PATTERN01","PATTERN07",435,417,0.441379310344828,0.422062350119904,-0.0193169602249235,0.40022719478738,0.337325537533006,-0.0629016572543737,2.73998778539,2.622130648214,0.956986254535721,0.430727023319616,0.305969445492267,-0.124757577827349,2.83434044634186,2.53647271733654,0.8949075685704
"pm923q03","PATTERN01","PATTERN09",435,394,0.441379310344828,0.431472081218274,-0.00990722912655345,0.40022719478738,0.350026260504201,-0.0502009342831786,2.73998778539,2.62623730246793,0.958485040141929,0.430727023319616,0.325,-0.105727023319616,2.83434044634186,2.55709067941583,0.902181910686184
"pm923q03","PATTERN06","PATTERN07",418,417,0.440191387559809,0.422062350119904,-0.0181290374399046,0.404705499814195,0.337325537533006,-0.067379962281189,2.75731183915766,2.622130648214,0.950973557279992,0.393487551096247,0.305969445492267,-0.0875181056039798,2.72351518754411,2.53647271733654,0.931323140380122
"pm923q03","PATTERN06","PATTERN09",418,394,0.440191387559809,0.431472081218274,-0.00871930634153451,0.404705499814195,0.350026260504201,-0.054679239309994,2.75731183915766,2.62623730246793,0.952462926090443,0.393487551096247,0.325,-0.0684875510962468,2.72351518754411,2.55709067941583,0.938893489968621
"pm923q03","PATTERN07","PATTERN09",417,394,0.422062350119904,0.431472081218274,0.00940973109837007,0.337325537533006,0.350026260504201,0.0127007229711951,2.622130648214,2.62623730246793,1.00156615165485,0.305969445492267,0.325,0.0190305545077329,2.53647271733654,2.55709067941583,1.00812859603747
"pm923q04","PATTERN01","PATTERN06",435,418,0.108045977011494,0.12200956937799,0.0139635923664962,0.768754112744023,0.613453010632046,-0.155301102111977,7.87719310747097,6.00880319270768,0.762810192758732,0.751919280543979,0.615109258962441,-0.136810021581538,7.65401071788491,6.02197526498832,0.786773821849628
"pm923q04","PATTERN01","PATTERN07",435,417,0.108045977011494,0.103117505995204,-0.00492847101629042,0.768754112744023,0.667640840691456,-0.101113272052567,7.87719310747097,6.81712941511267,0.865426214909864,0.751919280543979,0.609687849769929,-0.14223143077405,7.65401071788491,6.29800735430789,0.822837540531727
"pm923q04","PATTERN01","PATTERN09",435,394,0.108045977011494,0.124365482233503,0.0163195052220083,0.768754112744023,0.780834072759539,0.0120799600155157,7.87719310747097,7.69459606877408,0.976819529976521,0.751919280543979,0.762259686483289,0.0103404059393102,7.65401071788491,7.44785151604372,0.973065206015526
"pm923q04","PATTERN06","PATTERN07",418,417,0.12200956937799,0.103117505995204,-0.0188920633827866,0.613453010632046,0.667640840691456,0.0541878300594105,6.00880319270768,6.81712941511267,1.13452366411101,0.615109258962441,0.609687849769929,-0.00542140919251133,6.02197526498832,6.29800735430789,1.04583746647457
"pm923q04","PATTERN06","PATTERN09",418,394,0.12200956937799,0.124365482233503,0.00235591285551211,0.613453010632046,0.780834072759539,0.167381062127493,6.00880319270768,7.69459606877408,1.28055385107508,0.615109258962441,0.762259686483289,0.147150427520848,6.02197526498832,7.44785151604372,1.23677882892436
"pm923q04","PATTERN07","PATTERN09",417,394,0.103117505995204,0.124365482233503,0.0212479762382987,0.667640840691456,0.780834072759539,0.113193232068082,6.81712941511267,7.69459606877408,1.12871497667569,0.609687849769929,0.762259686483289,0.15257183671336,6.29800735430789,7.44785151604372,1.18257269276596
"pm924q02","PATTERN01","PATTERN06",435,418,0.409195402298851,0.545454545454545,0.136259143155695,0.634088226293009,0.557063711911358,-0.0770245143816519,3.78315236901645,2.90564667656948,0.768049074725716,0.617737069907752,0.518305632502308,-0.0994314374054432,3.7010219914935,2.77177798250678,0.748922321693166
"pm924q02","PATTERN01","PATTERN07",435,417,0.409195402298851,0.565947242206235,0.156751839907384,0.634088226293009,0.502739020507538,-0.131349205785471,3.78315236901645,2.65869839912305,0.702773280002536,0.617737069907752,0.479632924431126,-0.138104145476625,3.7010219914935,2.5878410115678,0.699223354391232
"pm924q02","PATTERN01","PATTERN09",435,394,0.409195402298851,0.5,0.0908045977011494,0.634088226293009,0.553376794042619,-0.0807114322503906,3.78315236901645,3.04803024329936,0.805685297864909,0.617737069907752,0.547630704218094,-0.0701063656896579,3.7010219914935,3.02653944614768,0.817757758020335
"pm924q02","PATTERN06","PATTERN07",418,417,0.545454545454545,0.565947242206235,0.0204926967516896,0.557063711911358,0.502739020507538,-0.0543246914038193,2.90564667656948,2.65869839912305,0.915010906371457,0.518305632502308,0.479632924431126,-0.0386727080711819,2.77177798250678,2.5878410115678,0.933639356362654
"pm924q02","PATTERN06","PATTERN09",418,394,0.545454545454545,0.5,-0.0454545454545454,0.557063711911358,0.553376794042619,-0.00368691786873865,2.90564667656948,3.04803024329936,1.04900236765813,0.518305632502308,0.547630704218094,0.0293250717157854,2.77177798250678,3.02653944614768,1.0919126514637
"pm924q02","PATTERN07","PATTERN09",417,394,0.565947242206235,0.5,-0.065947242206235,0.502739020507538,0.553376794042619,0.0506377735350807,2.65869839912305,3.04803024329936,1.14643701004398,0.479632924431126,0.547630704218094,0.0679977797869673,2.5878410115678,3.02653944614768,1.16952294697351
"pm943q01","PATTERN02","PATTERN03",433,429,0.526558891454965,0.503496503496504,-0.0230623879584618,0.393731279418058,0.322791688402017,-0.0709395910160406,2.45724068054033,2.33836198776003,0.951621062714066,0.320902866923406,0.307511737089202,-0.013391129834204,2.27194183464872,2.30091792470687,1.01275388727662
"pm943q01","PATTERN02","PATTERN05",433,419,0.526558891454965,0.489260143198091,-0.0372987482568747,0.393731279418058,0.290563027125598,-0.103168252292459,2.45724068054033,2.2985410118374,0.935415496756292,0.320902866923406,0.290563027125598,-0.0303398397978076,2.27194183464872,2.2985410118374,1.0117076840538
"pm943q01","PATTERN02","PATTERN07",433,417,0.526558891454965,0.510791366906475,-0.0157675245484905,0.393731279418058,0.382675135782012,-0.0110561436360455,2.45724068054033,2.47233379896903,1.00614230366127,0.320902866923406,0.341273128969898,0.0203702620464918,2.27194183464872,2.36436631405158,1.04068082993734
"pm943q01","PATTERN03","PATTERN05",429,419,0.503496503496504,0.489260143198091,-0.0142363602984129,0.322791688402017,0.290563027125598,-0.0322286612764187,2.33836198776003,2.2985410118374,0.982970568230641,0.307511737089202,0.290563027125598,-0.0169487099636036,2.30091792470687,2.2985410118374,0.998966971901107
"pm943q01","PATTERN03","PATTERN07",429,417,0.503496503496504,0.510791366906475,0.00729486340997132,0.322791688402017,0.382675135782012,0.0598834473799952,2.33836198776003,2.47233379896903,1.05729301618409,0.307511737089202,0.341273128969898,0.0337613918806958,2.30091792470687,2.36436631405158,1.02757525101761
"pm943q01","PATTERN05","PATTERN07",419,417,0.489260143198091,0.510791366906475,0.0215312237083842,0.290563027125598,0.382675135782012,0.0921121086564138,2.2985410118374,2.47233379896903,1.0756100440395,0.290563027125598,0.341273128969898,0.0507101018442995,2.2985410118374,2.36436631405158,1.0286378628335
"pm943q02","PATTERN02","PATTERN03",433,429,0.0115473441108545,0.0186480186480186,0.00710067453716414,0.872429906542056,0.94625890736342,0.0738290008213645,16.0733508389199,18.8990219909025,1.17579851148029,0.694859813084112,0.911223277909739,0.216363464825627,11.5224475583739,16.5367724448039,1.43517879869072
"pm943q02","PATTERN02","PATTERN05",433,419,0.0115473441108545,0.0381861575178998,0.0266388134070453,0.872429906542056,0.71386476426799,-0.158565142274066,16.0733508389199,9.44635681525344,0.587703019110372,0.694859813084112,0.71386476426799,0.0190049511838779,11.5224475583739,9.44635681525344,0.819822070562455
"pm943q02","PATTERN02","PATTERN07",433,417,0.0115473441108545,0.0359712230215827,0.0244238789107282,0.872429906542056,0.886567164179104,0.0141372576370484,16.0733508389199,13.4622960502045,0.837553798527622,0.694859813084112,0.708955223880597,0.0140954107964848,11.5224475583739,9.49971812611889,0.824453144871548
"pm943q02","PATTERN03","PATTERN05",429,419,0.0186480186480186,0.0381861575178998,0.0195381388698811,0.94625890736342,0.71386476426799,-0.23239414309543,18.8990219909025,9.44635681525344,0.499833103522536,0.911223277909739,0.71386476426799,-0.197358513641749,16.5367724448039,9.44635681525344,0.571233404026286
"pm943q02","PATTERN03","PATTERN07",429,417,0.0186480186480186,0.0359712230215827,0.0173232043735641,0.94625890736342,0.886567164179104,-0.059691743184316,18.8990219909025,13.4622960502045,0.712327656779535,0.911223277909739,0.708955223880597,-0.202268054029142,16.5367724448039,9.49971812611889,0.57446023145247
"pm943q02","PATTERN05","PATTERN07",419,417,0.0381861575178998,0.0359712230215827,-0.00221493449631703,0.71386476426799,0.886567164179104,0.172702399911114,9.44635681525344,13.4622960502045,1.42513101225081,0.71386476426799,0.708955223880597,-0.00490954038739311,9.44635681525344,9.49971812611889,1.00564887733007
"pm949q01t","PATTERN02","PATTERN04",433,421,0.556581986143187,0.589073634204275,0.0324916480610884,0.686138485477178,0.621783516688421,-0.0643549687887572,3.41181586786681,3.00683479220761,0.881300430227378,0.547761065006916,0.558968860712288,0.0112077957053727,2.83675142923934,2.77348671756957,0.977698182851808
"pm949q01t","PATTERN02","PATTERN09",433,394,0.556581986143187,0.606598984771574,0.0500169986283865,0.686138485477178,0.58572007018491,-0.100418415292268,3.41181586786681,2.8131688839609,0.82453713591519,0.547761065006916,0.50228100958294,-0.045480055423976,2.83675142923934,2.53978016980211,0.895312907441857
"pm949q01t","PATTERN02","PATTERN12",433,289,0.556581986143187,0.57439446366782,0.017812477524633,0.686138485477178,0.546772455676364,-0.139366029800814,3.41181586786681,2.77354756173048,0.812924163889479,0.547761065006916,0.470859045939857,-0.0769020190670584,2.83675142923934,2.53490929754834,0.893595847496607
"pm949q01t","PATTERN04","PATTERN09",421,394,0.589073634204275,0.606598984771574,0.0175253505672981,0.621783516688421,0.58572007018491,-0.0360634465035108,3.00683479220761,2.8131688839609,0.935591436966004,0.558968860712288,0.50228100958294,-0.0566878511293487,2.77348671756957,2.53978016980211,0.915735472505795
"pm949q01t","PATTERN04","PATTERN12",421,289,0.589073634204275,0.57439446366782,-0.0146791705364554,0.621783516688421,0.546772455676364,-0.0750110610120569,3.00683479220761,2.77354756173048,0.922414350438638,0.558968860712288,0.470859045939857,-0.0881098147724311,2.77348671756957,2.53490929754834,0.91397924550715
"pm949q01t","PATTERN09","PATTERN12",394,289,0.606598984771574,0.57439446366782,-0.0322045211037535,0.58572007018491,0.546772455676364,-0.0389476145085461,2.8131688839609,2.77354756173048,0.985915768350662,0.50228100958294,0.470859045939857,-0.0314219636430824,2.53978016980211,2.53490929754834,0.998082167775112
"pm949q02t","PATTERN02","PATTERN04",433,421,0.28175519630485,0.282660332541568,0.000905136236717785,0.470639396974329,0.534865601869887,0.0642262048955577,3.69433360118253,3.97933649341781,1.0771459545895,0.443571767434505,0.447520730146363,0.00394896271185763,3.58206605940511,3.59265613453337,1.00295641536271
"pm949q02t","PATTERN02","PATTERN09",433,394,0.28175519630485,0.284263959390863,0.00250876308601305,0.470639396974329,0.703552431610942,0.232913034636613,3.69433360118253,4.97557313276467,1.34681208301601,0.443571767434505,0.577190982776089,0.133619215341584,3.58206605940511,4.18189765863563,1.16745408635209
"pm949q02t","PATTERN02","PATTERN12",433,289,0.28175519630485,0.26643598615917,-0.0153192101456804,0.470639396974329,0.78099730458221,0.310357907607881,3.69433360118253,5.79784824403271,1.56938946774511,0.443571767434505,0.681083067875521,0.237511300441015,3.58206605940511,4.93974989400853,1.37902255628108
"pm949q02t","PATTERN04","PATTERN09",421,394,0.282660332541568,0.284263959390863,0.00160362684929527,0.534865601869887,0.703552431610942,0.168686829741055,3.97933649341781,4.97557313276467,1.25035244970983,0.447520730146363,0.577190982776089,0.129670252629726,3.59265613453337,4.18189765863563,1.16401278108371
"pm949q02t","PATTERN04","PATTERN12",421,289,0.282660332541568,0.26643598615917,-0.0162243463823982,0.534865601869887,0.78099730458221,0.246131702712323,3.97933649341781,5.79784824403271,1.45698868482796,0.447520730146363,0.681083067875521,0.233562337729158,3.59265613453337,4.93974989400853,1.37495761047839
"pm949q02t","PATTERN09","PATTERN12",394,289,0.284263959390863,0.26643598615917,-0.0178279732316934,0.703552431610942,0.78099730458221,0.077444872971268,4.97557313276467,5.79784824403271,1.16526239074917,0.577190982776089,0.681083067875521,0.103892085099432,4.18189765863563,4.93974989400853,1.1812220903608
"pm953q02","PATTERN02","PATTERN03",433,429,0.515011547344111,0.428904428904429,-0.0861071184396819,0.563335468716635,0.687466725820763,0.124131257104129,3.03308545220383,3.97801348996855,1.31154019649468,0.48101644245142,0.653216503992901,0.172200061541481,2.74753735918335,3.78766416811901,1.37856693939362
"pm953q02","PATTERN02","PATTERN05",433,419,0.515011547344111,0.443914081145585,-0.0710974661985261,0.563335468716635,0.61920254741797,0.0558670787013358,3.03308545220383,3.54886358530819,1.17005064355493,0.48101644245142,0.61920254741797,0.13818610496655,2.74753735918335,3.54886358530819,1.29165253147387
"pm953q02","PATTERN02","PATTERN07",433,417,0.515011547344111,0.517985611510791,0.00297406416668056,0.563335468716635,0.523470609913396,-0.0398648588032384,3.03308545220383,2.87840066509486,0.949000847636331,0.48101644245142,0.531140593329648,0.050124150878228,2.74753735918335,2.90512931010484,1.05735752796764
"pm953q02","PATTERN03","PATTERN05",429,419,0.428904428904429,0.443914081145585,0.0150096522411558,0.687466725820763,0.61920254741797,-0.0682641784027929,3.97801348996855,3.54886358530819,0.892119545159272,0.653216503992901,0.61920254741797,-0.0340139565749311,3.78766416811901,3.54886358530819,0.936953073923287
"pm953q02","PATTERN03","PATTERN07",429,417,0.428904428904429,0.517985611510791,0.0890811826063624,0.687466725820763,0.523470609913396,-0.163996115907367,3.97801348996855,2.87840066509486,0.723577401724098,0.653216503992901,0.531140593329648,-0.122075910663253,3.78766416811901,2.90512931010484,0.766997595657368
"pm953q02","PATTERN05","PATTERN07",419,417,0.443914081145585,0.517985611510791,0.0740715303652066,0.61920254741797,0.523470609913396,-0.0957319375045742,3.54886358530819,2.87840066509486,0.811076728057691,0.61920254741797,0.531140593329648,-0.0880619540883223,3.54886358530819,2.90512931010484,0.81860833482912
"pm953q03","PATTERN02","PATTERN03",433,429,0.498845265588915,0.356643356643357,-0.142201908945558,0.667818740399385,0.764729563322914,0.0969108229235283,3.55129650397686,4.94443569551043,1.39229030580057,0.617959549411162,0.756180733162831,0.138221183751668,3.31604348174792,4.87279211683271,1.46945965686319
"pm953q03","PATTERN02","PATTERN05",433,419,0.498845265588915,0.386634844868735,-0.11221042072018,0.667818740399385,0.690925685737618,0.0231069453382329,3.55129650397686,4.22170570751952,1.18877871864315,0.617959549411162,0.690925685737618,0.0729661363264562,3.31604348174792,4.22170570751952,1.27311530465644
"pm953q03","PATTERN02","PATTERN07",433,417,0.498845265588915,0.49400479616307,-0.00484046942584504,0.667818740399385,0.639557355174159,-0.0282613852252265,3.55129650397686,3.43308708358901,0.966713728280511,0.617959549411162,0.597363456494731,-0.0205960929164306,3.31604348174792,3.2457685669521,0.978807601533989
"pm953q03","PATTERN03","PATTERN05",429,419,0.356643356643357,0.386634844868735,0.0299914882253784,0.764729563322914,0.690925685737618,-0.0738038775852954,4.94443569551043,4.22170570751952,0.853829631428485,0.756180733162831,0.690925685737618,-0.0652550474252123,4.87279211683271,4.22170570751952,0.866383298588901
"pm953q03","PATTERN03","PATTERN07",429,417,0.356643356643357,0.49400479616307,0.137361439519713,0.764729563322914,0.639557355174159,-0.125172208148755,4.94443569551043,3.43308708358901,0.694333447739299,0.756180733162831,0.597363456494731,-0.158817276668099,4.87279211683271,3.2457685669521,0.666100356659959
"pm953q03","PATTERN05","PATTERN07",419,417,0.386634844868735,0.49400479616307,0.107369951294334,0.690925685737618,0.639557355174159,-0.0513683305634594,4.22170570751952,3.43308708358901,0.813199053044875,0.690925685737618,0.597363456494731,-0.0935622292428868,4.22170570751952,3.2457685669521,0.768828713278352
"pm954q01","PATTERN02","PATTERN03",433,429,0.697459584295612,0.643356643356643,-0.0541029409389687,0.591704160558111,0.680235862460926,0.0885317019028151,2.57240182219356,3.07424469589737,1.19508727966764,0.632576715029574,0.690679170218812,0.0581024551892384,2.71492834151091,3.12169990780211,1.14982773580861
"pm954q01","PATTERN02","PATTERN05",433,419,0.697459584295612,0.668257756563246,-0.0292018277323662,0.591704160558111,0.645066803699897,0.053362643141786,2.57240182219356,2.84797087572562,1.10712519760893,0.632576715029574,0.645066803699897,0.0124900886703234,2.71492834151091,2.84797087572562,1.04900406842439
"pm954q01","PATTERN02","PATTERN07",433,417,0.697459584295612,0.762589928057554,0.0651303437619419,0.591704160558111,0.639317705355441,0.0476135447973298,2.57240182219356,2.5603035148385,0.995296882761209,0.632576715029574,0.647004637570675,0.0144279225411013,2.71492834151091,2.58748615668216,0.953058729808751
"pm954q01","PATTERN03","PATTERN05",429,419,0.643356643356643,0.668257756563246,0.0249011132066025,0.680235862460926,0.645066803699897,-0.0351690587610292,3.07424469589737,2.84797087572562,0.926396938905443,0.690679170218812,0.645066803699897,-0.045612366518915,3.12169990780211,2.84797087572562,0.912314110849555
"pm954q01","PATTERN03","PATTERN07",429,417,0.643356643356643,0.762589928057554,0.119233284700911,0.680235862460926,0.639317705355441,-0.0409181571054853,3.07424469589737,2.5603035148385,0.832823593468428,0.690679170218812,0.647004637570675,-0.0436745326481371,3.12169990780211,2.58748615668216,0.82887088224439
"pm954q01","PATTERN05","PATTERN07",419,417,0.668257756563246,0.762589928057554,0.0943321714943082,0.645066803699897,0.639317705355441,-0.00574909834445614,2.84797087572562,2.5603035148385,0.898992169007408,0.645066803699897,0.647004637570675,0.00193783387077784,2.84797087572562,2.58748615668216,0.908536733551713
"pm954q02","PATTERN02","PATTERN03",433,429,0.295612009237875,0.307692307692308,0.0120802984544324,0.480122950819672,0.621722273237425,0.141599322417753,3.65634191422674,4.277999620865,1.17002176525653,0.479021516393443,0.619860218345067,0.140838701951624,3.6516785177847,4.26739242921524,1.16861120397971
"pm954q02","PATTERN02","PATTERN05",433,419,0.295612009237875,0.295942720763723,0.000330711525847849,0.480122950819672,0.566867140513942,0.08674418969427,3.65634191422674,4.05581389033121,1.10925454606697,0.479021516393443,0.566867140513942,0.0878456241204995,3.6516785177847,4.05581389033121,1.11067112577908
"pm954q02","PATTERN02","PATTERN07",433,417,0.295612009237875,0.357314148681055,0.0617021394431799,0.480122950819672,0.63172393068216,0.151600979862488,3.65634191422674,4.03921797582185,1.10471560663004,0.479021516393443,0.596013222478213,0.11699170608477,3.6516785177847,3.85297817158423,1.05512523975458
"pm954q02","PATTERN03","PATTERN05",429,419,0.307692307692308,0.295942720763723,-0.0117495869285846,0.621722273237425,0.566867140513942,-0.0548551327234825,4.277999620865,4.05581389033121,0.948063171990448,0.619860218345067,0.566867140513942,-0.0529930778311249,4.26739242921524,4.05581389033121,0.95041971358539
"pm954q02","PATTERN03","PATTERN07",429,417,0.307692307692308,0.357314148681055,0.0496218409887474,0.621722273237425,0.63172393068216,0.0100016574447352,4.277999620865,4.03921797582185,0.944183808741229,0.619860218345067,0.596013222478213,-0.0238469958668541,4.26739242921524,3.85297817158423,0.902888177146808
"pm954q02","PATTERN05","PATTERN07",419,417,0.295942720763723,0.357314148681055,0.061371427917332,0.566867140513942,0.63172393068216,0.0648567901682178,4.05581389033121,4.03921797582185,0.995908117345098,0.566867140513942,0.596013222478213,0.0291460819642708,4.05581389033121,3.85297817158423,0.949988898842099
"pm954q04","PATTERN02","PATTERN03",433,429,0.242494226327945,0.172494172494172,-0.0700000538337721,0.759581881533101,0.718233726684431,-0.04134815484867,5.8267206740283,6.20873748609584,1.06556291839599,0.706445993031359,0.654967643700038,-0.0514783493313204,5.34971917397556,5.6565816142357,1.0573604763691
"pm954q04","PATTERN02","PATTERN05",433,419,0.242494226327945,0.212410501193317,-0.0300837251346271,0.759581881533101,0.714470548178413,-0.0451113333546875,5.8267206740283,5.70957401210817,0.979894924010637,0.706445993031359,0.714470548178413,0.0080245551470548,5.34971917397556,5.70957401210817,1.06726611742223
"pm954q04","PATTERN02","PATTERN07",433,417,0.242494226327945,0.282973621103118,0.040479394775173,0.759581881533101,0.715038829998299,-0.0445430515348018,5.8267206740283,5.07549060470618,0.871071549272885,0.706445993031359,0.70718780114506,0.00074180811370117,5.34971917397556,5.01467107032806,0.937370898779623
"pm954q04","PATTERN03","PATTERN05",429,419,0.172494172494172,0.212410501193317,0.0399163286991449,0.718233726684431,0.714470548178413,-0.00376317850601748,6.20873748609584,5.70957401210817,0.919603063407734,0.654967643700038,0.714470548178413,0.0595029044783753,5.6565816142357,5.70957401210817,1.00936827248088
"pm954q04","PATTERN03","PATTERN07",429,417,0.172494172494172,0.282973621103118,0.110479448608945,0.718233726684431,0.715038829998299,-0.00319489668613171,6.20873748609584,5.07549060470618,0.817475471635335,0.654967643700038,0.70718780114506,0.0522201574450216,5.6565816142357,5.01467107032806,0.886519706125662
"pm954q04","PATTERN05","PATTERN07",419,417,0.212410501193317,0.282973621103118,0.0705631199098001,0.714470548178413,0.715038829998299,0.000568281819885774,5.70957401210817,5.07549060470618,0.888943832577124,0.714470548178413,0.70718780114506,-0.00728274703335363,5.70957401210817,5.01467107032806,0.878291630810556
"pm955q01","PATTERN02","PATTERN04",433,421,0.665127020785219,0.741092636579572,0.0759656157943531,0.489655172413793,0.445042342978123,-0.0446128294356707,2.34969934384917,2.06115342762123,0.877198792695213,0.445043103448276,0.313396847800518,-0.131646255647758,2.2323288888384,1.78574611581968,0.799947590495457
"pm955q01","PATTERN02","PATTERN09",433,394,0.665127020785219,0.789340101522843,0.124213080737623,0.489655172413793,0.386200751559292,-0.103454420854501,2.34969934384917,1.83713416661613,0.781859249961154,0.445043103448276,0.243869368147832,-0.201173735300443,2.2323288888384,1.58035387921148,0.707939536648574
"pm955q01","PATTERN02","PATTERN12",433,289,0.665127020785219,0.743944636678201,0.0788176158929813,0.489655172413793,0.396417347580138,-0.0932378248336549,2.34969934384917,1.94528283526265,0.82788584861073,0.445043103448276,0.31414204902577,-0.130901054422506,2.2323288888384,1.78073427929483,0.7977024748452
"pm955q01","PATTERN04","PATTERN09",421,394,0.741092636579572,0.789340101522843,0.0482474649432701,0.445042342978123,0.386200751559292,-0.0588415914188305,2.06115342762123,1.83713416661613,0.891313641186023,0.313396847800518,0.243869368147832,-0.0695274796526852,1.78574611581968,1.58035387921148,0.884982397671956
"pm955q01","PATTERN04","PATTERN12",421,289,0.741092636579572,0.743944636678201,0.00285200009862818,0.445042342978123,0.396417347580138,-0.0486249953979843,2.06115342762123,1.94528283526265,0.943783616102608,0.313396847800518,0.31414204902577,0.000745201225252012,1.78574611581968,1.78073427929483,0.997193421572948
"pm955q01","PATTERN09","PATTERN12",394,289,0.789340101522843,0.743944636678201,-0.045395464844642,0.386200751559292,0.396417347580138,0.0102165960208462,1.83713416661613,1.94528283526265,1.05886813854522,0.243869368147832,0.31414204902577,0.0702726808779373,1.58035387921148,1.78073427929483,1.1267946393015
"pm955q02","PATTERN02","PATTERN04",433,421,0.166281755196305,0.163895486935867,-0.00238626826043786,0.754770698676516,0.600996376811594,-0.153774321864922,6.67401606601459,5.35593716647501,0.802505884537573,0.720375500153893,0.572587285902503,-0.14778821425139,6.31198595962918,5.16469455207756,0.818236064704583
"pm955q02","PATTERN02","PATTERN09",433,394,0.166281755196305,0.246192893401015,0.0799111382047104,0.754770698676516,0.534208059981256,-0.22056263869526,6.67401606601459,4.2159700355571,0.631699113975115,0.720375500153893,0.446908952063591,-0.273466548090302,6.31198595962918,3.80678280112361,0.603103813201012
"pm955q02","PATTERN02","PATTERN12",433,289,0.166281755196305,0.204152249134948,0.0378704939386433,0.754770698676516,0.477450257921886,-0.277320440754629,6.67401606601459,4.23904795821853,0.635156990377143,0.720375500153893,0.434929992630803,-0.28544550752309,6.31198595962918,4.03884035951256,0.639868400428101
"pm955q02","PATTERN04","PATTERN09",421,394,0.163895486935867,0.246192893401015,0.0822974064651482,0.600996376811594,0.534208059981256,-0.0667883168303383,5.35593716647501,4.2159700355571,0.787158232913293,0.572587285902503,0.446908952063591,-0.125678333838912,5.16469455207756,3.80678280112361,0.737078013566608
"pm955q02","PATTERN04","PATTERN12",421,289,0.163895486935867,0.204152249134948,0.0402567621990811,0.600996376811594,0.477450257921886,-0.123546118889708,5.35593716647501,4.23904795821853,0.791467081569301,0.572587285902503,0.434929992630803,-0.1376572932717,5.16469455207756,4.03884035951256,0.782009530048177
"pm955q02","PATTERN09","PATTERN12",394,289,0.246192893401015,0.204152249134948,-0.0420406442660671,0.534208059981256,0.477450257921886,-0.0567578020593693,4.2159700355571,4.23904795821853,1.00547392947929,0.446908952063591,0.434929992630803,-0.0119789594327881,3.80678280112361,4.03884035951256,1.06095896995238
"pm982q01","PATTERN07","PATTERN08",417,414,0.836930455635492,0.847826086956522,0.0108956313210301,0.369121860778696,0.421788088454756,0.0526662276760597,1.71833001809356,1.80061308178924,1.04788548348063,0.354415978425755,0.421788088454756,0.067372110029001,1.69129776923947,1.80061308178924,1.06463398375966
"pm982q01","PATTERN07","PATTERN11",417,295,0.836930455635492,0.898305084745763,0.0613746291102711,0.369121860778696,0.259496855345912,-0.109625005432783,1.71833001809356,1.43808331171004,0.836907518676509,0.354415978425755,0.187295597484276,-0.167120380941479,1.69129776923947,1.33555163865872,0.789660852718612
"pm982q01","PATTERN07","PATTERN12",417,289,0.836930455635492,0.899653979238754,0.0627235236032627,0.369121860778696,0.488594164456233,0.119472303677537,1.71833001809356,1.84297063567442,1.07253590187475,0.354415978425755,0.457824933687003,0.103408955261248,1.69129776923947,1.7788110903353,1.05174329599878
"pm982q01","PATTERN08","PATTERN11",414,295,0.847826086956522,0.898305084745763,0.050478997789241,0.421788088454756,0.259496855345912,-0.162291233108843,1.80061308178924,1.43808331171004,0.798663147710245,0.421788088454756,0.187295597484276,-0.23449249097048,1.80061308178924,1.33555163865872,0.741720501847963
"pm982q01","PATTERN08","PATTERN12",414,289,0.847826086956522,0.899653979238754,0.0518278922822326,0.421788088454756,0.488594164456233,0.0668060760014773,1.80061308178924,1.84297063567442,1.02352396209578,0.421788088454756,0.457824933687003,0.0360368452322473,1.80061308178924,1.7788110903353,0.987891906554254
"pm982q01","PATTERN11","PATTERN12",295,289,0.898305084745763,0.899653979238754,0.00134889449299158,0.259496855345912,0.488594164456233,0.22909730911032,1.43808331171004,1.84297063567442,1.2815465005869,0.187295597484276,0.457824933687003,0.270529336202727,1.33555163865872,1.7788110903353,1.33189240973246
"pm982q02","PATTERN07","PATTERN08",417,414,0.326139088729017,0.27536231884058,-0.0507767698884371,0.364611680971321,0.299473684210526,-0.0651379967607948,3.07201783652076,3.09369178056326,1.00705527936226,0.37874188821436,0.299473684210526,-0.0792682040038339,3.11941390684161,3.09369178056326,0.991754179776548
"pm982q02","PATTERN07","PATTERN11",417,295,0.326139088729017,0.31864406779661,-0.00749502093240667,0.364611680971321,0.459775590134434,0.0951639091631131,3.07201783652076,3.44593165421063,1.12171603082661,0.37874188821436,0.375410183126919,-0.00333170508744174,3.11941390684161,3.13770584644971,1.00586390269274
"pm982q02","PATTERN07","PATTERN12",417,289,0.326139088729017,0.377162629757785,0.0510235410287687,0.364611680971321,0.200356778797146,-0.164254902174175,3.07201783652076,2.40803727590957,0.78386174952578,0.37874188821436,0.22533129459735,-0.153410593617011,3.11941390684161,2.47025320021508,0.791896578648071
"pm982q02","PATTERN08","PATTERN11",414,295,0.27536231884058,0.31864406779661,0.0432817489560304,0.299473684210526,0.459775590134434,0.160301905923908,3.09369178056326,3.44593165421063,1.11385745530967,0.299473684210526,0.375410183126919,0.0759364989163922,3.09369178056326,3.13770584644971,1.0142270365015
"pm982q02","PATTERN08","PATTERN12",414,289,0.27536231884058,0.377162629757785,0.101800310917206,0.299473684210526,0.200356778797146,-0.0991169054133807,3.09369178056326,2.40803727590957,0.778370130805708,0.299473684210526,0.22533129459735,-0.0741423896131768,3.09369178056326,2.47025320021508,0.79848070700997
"pm982q02","PATTERN11","PATTERN12",295,289,0.31864406779661,0.377162629757785,0.0585185619611753,0.459775590134434,0.200356778797146,-0.259418811337289,3.44593165421063,2.40803727590957,0.69880587241687,0.375410183126919,0.22533129459735,-0.150078888529569,3.13770584644971,2.47025320021508,0.787280045071832
"pm982q03t","PATTERN07","PATTERN08",417,414,0.609112709832134,0.545893719806763,-0.063218990025371,0.365392976184725,0.352993786480889,-0.0123991897038365,2.17165566389369,2.29931030700663,1.0587821749255,0.349983092604222,0.352993786480889,0.00301069387666675,2.13593911175554,2.29931030700663,1.07648682228438
"pm982q03t","PATTERN07","PATTERN11",417,295,0.609112709832134,0.616949152542373,0.00783644271023864,0.365392976184725,0.530341340075853,0.164948363891128,2.17165566389369,2.59440335898725,1.194666079951,0.349983092604222,0.43241272002334,0.0824296274191176,2.13593911175554,2.31577523749635,1.08419534281247
"pm982q03t","PATTERN07","PATTERN12",417,289,0.609112709832134,0.626297577854671,0.017184868022537,0.365392976184725,0.435952527112748,0.070559550928023,2.17165566389369,2.30135692415566,1.05972459742049,0.349983092604222,0.442244730918764,0.0922616383145423,2.13593911175554,2.31770048003029,1.08509669928061
"pm982q03t","PATTERN08","PATTERN11",414,295,0.545893719806763,0.616949152542373,0.0710554327356097,0.352993786480889,0.530341340075853,0.177347553594965,2.29931030700663,2.59440335898725,1.12833981176068,0.352993786480889,0.43241272002334,0.0794189335424509,2.29931030700663,2.31577523749635,1.00716081271829
"pm982q03t","PATTERN08","PATTERN12",414,289,0.545893719806763,0.626297577854671,0.0804038580479081,0.352993786480889,0.435952527112748,0.0829587406318595,2.29931030700663,2.30135692415566,1.00089010045438,0.352993786480889,0.442244730918764,0.0892509444378755,2.29931030700663,2.31770048003029,1.00799812577172
"pm982q03t","PATTERN11","PATTERN12",295,289,0.616949152542373,0.626297577854671,0.0093484253122984,0.530341340075853,0.435952527112748,-0.0943888129631052,2.59440335898725,2.30135692415566,0.887046694641197,0.43241272002334,0.442244730918764,0.00983201089542463,2.31577523749635,2.31770048003029,1.0008313598413
"pm982q04","PATTERN07","PATTERN08",417,414,0.446043165467626,0.42512077294686,-0.020922392520766,0.500232742168226,0.469012605042017,-0.0312201371262089,3.05159331128651,3.02061991738755,0.989850091168961,0.438905180840665,0.469012605042017,0.0301074242013522,2.84368389775023,3.02061991738755,1.06222070595726
"pm982q04","PATTERN07","PATTERN11",417,295,0.446043165467626,0.43728813559322,-0.00875502987440557,0.500232742168226,0.536004483048473,0.0357717408802471,3.05159331128651,3.21543651929907,1.05369103655018,0.438905180840665,0.421313159615205,-0.0175920212254597,2.84368389775023,2.81542102935406,0.990061177890225
"pm982q04","PATTERN07","PATTERN12",417,289,0.446043165467626,0.380622837370242,-0.0654203280973837,0.500232742168226,0.449822244794312,-0.0504104973739141,3.05159331128651,3.12616842871987,1.02443809178554,0.438905180840665,0.38796343321483,-0.0509417476258349,2.84368389775023,2.91853057270507,1.02632032168345
"pm982q04","PATTERN08","PATTERN11",414,295,0.42512077294686,0.43728813559322,0.0121673626463604,0.469012605042017,0.536004483048473,0.066991878006456,3.02061991738755,3.21543651929907,1.06449556953197,0.469012605042017,0.421313159615205,-0.0476994454268118,3.02061991738755,2.81542102935406,0.932067292924771
"pm982q04","PATTERN08","PATTERN12",414,289,0.42512077294686,0.380622837370242,-0.0444979355766177,0.469012605042017,0.449822244794312,-0.0191903602477053,3.02061991738755,3.12616842871987,1.03494266548557,0.469012605042017,0.38796343321483,-0.0810491718271871,3.02061991738755,2.91853057270507,0.966202518862165
"pm982q04","PATTERN11","PATTERN12",295,289,0.43728813559322,0.380622837370242,-0.0566652982229781,0.536004483048473,0.449822244794312,-0.0861822382541613,3.21543651929907,3.12616842871987,0.972237644859908,0.421313159615205,0.38796343321483,-0.0333497264003753,2.81542102935406,2.91853057270507,1.03662313461325
"pm992q01","PATTERN07","PATTERN08",417,414,0.760191846522782,0.736714975845411,-0.0234768706773711,0.490567823343849,0.472582343209505,-0.0179854801343438,2.12937554041308,2.13657343646739,1.00338028493223,0.462586750788644,0.472582343209505,0.00999559242086145,2.06159512753046,2.13657343646739,1.03636907554528
"pm992q01","PATTERN07","PATTERN11",417,295,0.760191846522782,0.745762711864407,-0.014429134658375,0.490567823343849,0.506484848484849,0.0159170251409999,2.12937554041308,2.20027581242267,1.03329627426632,0.462586750788644,0.356303030303031,-0.106283720485613,2.06159512753046,1.85903040225883,0.901743692266932
"pm992q01","PATTERN07","PATTERN12",417,289,0.760191846522782,0.764705882352941,0.0045140358301593,0.490567823343849,0.43738355070535,-0.0531842726384986,2.12937554041308,1.99265223520218,0.935791830695876,0.462586750788644,0.429065743944637,-0.0335210068440068,2.06159512753046,1.97416769686372,0.957592337360894
"pm992q01","PATTERN08","PATTERN11",414,295,0.736714975845411,0.745762711864407,0.00904773601899611,0.472582343209505,0.506484848484849,0.0339025052753437,2.13657343646739,2.20027581242267,1.02981520544438,0.472582343209505,0.356303030303031,-0.116279312906475,2.13657343646739,1.85903040225883,0.870098996144288
"pm992q01","PATTERN08","PATTERN12",414,289,0.736714975845411,0.764705882352941,0.0279909065075304,0.472582343209505,0.43738355070535,-0.0351987925041548,2.13657343646739,1.99265223520218,0.932639244311126,0.472582343209505,0.429065743944637,-0.0435165992648683,2.13657343646739,1.97416769686372,0.923987756829836
"pm992q01","PATTERN11","PATTERN12",295,289,0.745762711864407,0.764705882352941,0.0189431704885343,0.506484848484849,0.43738355070535,-0.0691012977794985,2.20027581242267,1.99265223520218,0.905637476879827,0.356303030303031,0.429065743944637,0.0727627136416062,1.85903040225883,1.97416769686372,1.06193405684221
"pm992q02","PATTERN07","PATTERN08",417,414,0.143884892086331,0.164251207729469,0.0203663156431377,0.696638655462185,0.654284257055423,-0.0423543984067618,6.39714588123267,5.7492559263137,0.898722029019272,0.634593837535014,0.654284257055423,0.0196904195204093,5.85681805979381,5.7492559263137,0.981634714894337
"pm992q02","PATTERN07","PATTERN11",417,295,0.143884892086331,0.11864406779661,-0.0252408242897208,0.696638655462185,0.640659340659341,-0.0559793148028445,6.39714588123267,6.26798633801613,0.979809817438203,0.634593837535014,0.602087912087912,-0.0325059254471018,5.85681805979381,5.95402782729528,1.01659770996965
"pm992q02","PATTERN07","PATTERN12",417,289,0.143884892086331,0.131487889273356,-0.0123970028129745,0.696638655462185,0.603795344936045,-0.0928433105261399,6.39714588123267,5.77388618042527,0.90257222324164,0.634593837535014,0.550429859509331,-0.0841639780256829,5.85681805979381,5.39709587529341,0.921506493832149
"pm992q02","PATTERN08","PATTERN11",414,295,0.164251207729469,0.11864406779661,-0.0456071399328584,0.654284257055423,0.640659340659341,-0.0136249163960827,5.7492559263137,6.26798633801613,1.09022566021601,0.654284257055423,0.602087912087912,-0.0521963449675111,5.7492559263137,5.95402782729528,1.03561711351974
"pm992q02","PATTERN08","PATTERN12",414,289,0.164251207729469,0.131487889273356,-0.0327633184561122,0.654284257055423,0.603795344936045,-0.0504889121193781,5.7492559263137,5.77388618042527,1.00428407683137,0.654284257055423,0.550429859509331,-0.103854397546092,5.7492559263137,5.39709587529341,0.938746847325321
"pm992q02","PATTERN11","PATTERN12",295,289,0.11864406779661,0.131487889273356,0.0128438214767462,0.640659340659341,0.603795344936045,-0.0368639957232955,6.26798633801613,5.77388618042527,0.921170830479625,0.602087912087912,0.550429859509331,-0.051658052578581,5.95402782729528,5.39709587529341,0.906461311878874
"pm992q03","PATTERN07","PATTERN08",417,414,0.0623501199040767,0.0603864734299517,-0.00196364647412505,0.832087349990163,0.847609254498715,0.0155219045085517,10.3682613744503,10.8128584921004,1.04288058543216,0.779756049577021,0.847609254498715,0.0678532049216936,9.3662586061436,10.8128584921004,1.15444799751823
"pm992q03","PATTERN07","PATTERN11",417,295,0.0623501199040767,0.0406779661016949,-0.0216721538023818,0.832087349990163,0.754711425206125,-0.0773759247840382,10.3682613744503,9.88026997178656,0.952934114501953,0.779756049577021,0.694640753828033,-0.0851152957489885,9.3662586061436,8.9876616694139,0.95957863724995
"pm992q03","PATTERN07","PATTERN12",417,289,0.0623501199040767,0.0484429065743945,-0.0139072133296823,0.832087349990163,0.878181818181818,0.0460944681916551,10.3682613744503,12.2050975563467,1.17715951745033,0.779756049577021,0.794025974025974,0.0142699244489526,9.3662586061436,10.1692260850646,1.08572980019944
"pm992q03","PATTERN08","PATTERN11",414,295,0.0603864734299517,0.0406779661016949,-0.0197085073282568,0.847609254498715,0.754711425206125,-0.0928978292925899,10.8128584921004,9.88026997178656,0.913751898168729,0.847609254498715,0.694640753828033,-0.152968500670682,10.8128584921004,8.9876616694139,0.831201266157334
"pm992q03","PATTERN08","PATTERN12",414,289,0.0603864734299517,0.0484429065743945,-0.0119435668555572,0.847609254498715,0.878181818181818,0.0305725636831033,10.8128584921004,12.2050975563467,1.12875772537516,0.847609254498715,0.794025974025974,-0.053583280472741,10.8128584921004,10.1692260850646,0.940475276957896
"pm992q03","PATTERN11","PATTERN12",295,289,0.0406779661016949,0.0484429065743945,0.00776494047269955,0.754711425206125,0.878181818181818,0.123470392975693,9.88026997178656,12.2050975563467,1.23530000609283,0.694640753828033,0.794025974025974,0.099385220197941,8.9876616694139,10.1692260850646,1.1314651640339
"pm995q01","PATTERN01","PATTERN06",435,418,0.404597701149425,0.5,0.0954022988505747,0.744340119340119,0.668116572422792,-0.0762235469173267,4.48229678740779,3.54752330589501,0.79145212246122,0.693927693927694,0.635791305144113,-0.0581363887835809,4.14287182539917,3.39145256696565,0.818623580428748
"pm995q01","PATTERN01","PATTERN07",435,417,0.404597701149425,0.47242206235012,0.0678243612006946,0.744340119340119,0.666866635902169,-0.0774734834379502,4.48229678740779,3.65942666376245,0.816417751283885,0.693927693927694,0.601407475772958,-0.0925202181547362,4.14287182539917,3.34803405897748,0.808143288057166
"pm995q01","PATTERN01","PATTERN09",435,394,0.404597701149425,0.489847715736041,0.0852500145866154,0.744340119340119,0.663186657386642,-0.0811534619534771,4.48229678740779,3.56450501089157,0.795240739280229,0.693927693927694,0.579975768824272,-0.113951925103422,4.14287182539917,3.18927544575061,0.769822379296835
"pm995q01","PATTERN06","PATTERN07",418,417,0.5,0.47242206235012,-0.0275779376498801,0.668116572422792,0.666866635902169,-0.00124993652062355,3.54752330589501,3.65942666376245,1.03154407969117,0.635791305144113,0.601407475772958,-0.0343838293711554,3.39145256696565,3.34803405897748,0.987197666153115
"pm995q01","PATTERN06","PATTERN09",418,394,0.5,0.489847715736041,-0.0101522842639594,0.668116572422792,0.663186657386642,-0.00492991503615037,3.54752330589501,3.56450501089157,1.00478691851533,0.635791305144113,0.579975768824272,-0.0558155363198407,3.39145256696565,3.18927544575061,0.940386274841541
"pm995q01","PATTERN07","PATTERN09",417,394,0.47242206235012,0.489847715736041,0.0174256533859207,0.666866635902169,0.663186657386642,-0.00367997851552682,3.65942666376245,3.56450501089157,0.974061058850873,0.601407475772958,0.579975768824272,-0.0214317069486853,3.34803405897748,3.18927544575061,0.952581541755475
"pm995q02","PATTERN01","PATTERN06",435,418,0.0183908045977011,0.0167464114832536,-0.00164439311444756,0.891393442622951,0.75599582898853,-0.135397613634421,15.624041414268,11.9161107526459,0.762677878065787,0.860070257611241,0.75564824469934,-0.104422012911902,14.4099988890801,11.9091209717078,0.826448430938641
"pm995q02","PATTERN01","PATTERN07",435,417,0.0183908045977011,0.0359712230215827,0.0175804184238816,0.891393442622951,0.860199004975124,-0.0311944376478266,15.624041414268,12.5879916556896,0.805680894073551,0.860070257611241,0.801824212271974,-0.0582460453392675,14.4099988890801,11.1217501807321,0.771807844423926
"pm995q02","PATTERN01","PATTERN09",435,394,0.0183908045977011,0.0126903553299492,-0.00570044926775191,0.891393442622951,0.833419023136247,-0.057974419486704,15.624041414268,14.4185887869002,0.922846298508464,0.860070257611241,0.723907455012853,-0.136162802598388,14.4099988890801,11.8287393348204,0.82087024613057
"pm995q02","PATTERN06","PATTERN07",418,417,0.0167464114832536,0.0359712230215827,0.0192248115383291,0.75599582898853,0.860199004975124,0.104203175986595,11.9161107526459,12.5879916556896,1.05638424457364,0.75564824469934,0.801824212271974,0.0461759675726341,11.9091209717078,11.1217501807321,0.933885062310957
"pm995q02","PATTERN06","PATTERN09",418,394,0.0167464114832536,0.0126903553299492,-0.00405605615330435,0.75599582898853,0.833419023136247,0.0774231941477173,11.9161107526459,14.4185887869002,1.21000795361847,0.75564824469934,0.723907455012853,-0.0317407896864861,11.9091209717078,11.8287393348204,0.993250413940848
"pm995q02","PATTERN07","PATTERN09",417,394,0.0359712230215827,0.0126903553299492,-0.0232808676916335,0.860199004975124,0.833419023136247,-0.0267799818388774,12.5879916556896,14.4185887869002,1.1454240820364,0.801824212271974,0.723907455012853,-0.0779167572591202,11.1217501807321,11.8287393348204,1.06356815632428
"pm995q03","PATTERN01","PATTERN06",435,418,0.354022988505747,0.464114832535885,0.110091844030138,0.631002449507787,0.588388254786451,-0.042614194721337,4.05429811778171,3.32549224354643,0.82023870641411,0.588274714609234,0.565790684830633,-0.0224840297786011,3.83272385865169,3.23169746119288,0.843185572552508
"pm995q03","PATTERN01","PATTERN07",435,417,0.354022988505747,0.520383693045564,0.166360704539816,0.631002449507787,0.636520737327189,0.00551828781940178,4.05429811778171,3.31493684180231,0.817635197388017,0.588274714609234,0.599723502304147,0.0114487876949132,3.83272385865169,3.1567218473389,0.823623606541119
"pm995q03","PATTERN01","PATTERN09",435,394,0.354022988505747,0.401015228426396,0.0469922399206488,0.631002449507787,0.589304870199528,-0.0416975793082597,4.05429811778171,3.60275629753486,0.88862638929623,0.588274714609234,0.599656726024458,0.0113820114152239,3.83272385865169,3.6512125206073,0.95264168650328
"pm995q03","PATTERN06","PATTERN07",418,417,0.464114832535885,0.520383693045564,0.0562688605096784,0.588388254786451,0.636520737327189,0.0481324825407388,3.32549224354643,3.31493684180231,0.996825912986386,0.565790684830633,0.599723502304147,0.0339328174735143,3.23169746119288,3.1567218473389,0.976799927977692
"pm995q03","PATTERN06","PATTERN09",418,394,0.464114832535885,0.401015228426396,-0.0630996041094892,0.588388254786451,0.589304870199528,0.000916615413077304,3.32549224354643,3.60275629753486,1.08337534225993,0.565790684830633,0.599656726024458,0.033866041193825,3.23169746119288,3.6512125206073,1.1298126029593
"pm995q03","PATTERN07","PATTERN09",417,394,0.520383693045564,0.401015228426396,-0.119368464619168,0.636520737327189,0.589304870199528,-0.0472158671276615,3.31493684180231,3.60275629753486,1.08682501944021,0.599723502304147,0.599656726024458,-6.67762796893179e-05,3.1567218473389,3.6512125206073,1.15664689420934
"pm998q02","PATTERN02","PATTERN04",433,421,0.732101616628176,0.826603325415677,0.0945017087875014,0.490237136952028,0.422964887419304,-0.0672722495327245,2.19145116582335,1.84215576551293,0.840610000460955,0.477455672794518,0.334671705243269,-0.142783967551249,2.1591301349524,1.67338358713246,0.775026738797913
"pm998q02","PATTERN02","PATTERN09",433,394,0.732101616628176,0.807106598984772,0.075004982356596,0.490237136952028,0.504592850049653,0.0143557130976242,2.19145116582335,2.06303826139249,0.941402799006653,0.477455672794518,0.400115855676928,-0.0773398171175894,2.1591301349524,1.83186768279082,0.848428565344998
"pm998q02","PATTERN02","PATTERN12",433,289,0.732101616628176,0.833910034602076,0.101808417973901,0.490237136952028,0.446663208852005,-0.0435739281000234,2.19145116582335,1.87652912615059,0.856295205394438,0.477455672794518,0.344917012448133,-0.132538660346385,2.1591301349524,1.67833214214491,0.777318659480386
"pm998q02","PATTERN04","PATTERN09",421,394,0.826603325415677,0.807106598984772,-0.0194967264309054,0.422964887419304,0.504592850049653,0.0816279626303487,1.84215576551293,2.06303826139249,1.11990435337484,0.334671705243269,0.400115855676928,0.0654441504336596,1.67338358713246,1.83186768279082,1.09470876664324
"pm998q02","PATTERN04","PATTERN12",421,289,0.826603325415677,0.833910034602076,0.0073067091863992,0.422964887419304,0.446663208852005,0.0236983214327011,1.84215576551293,1.87652912615059,1.01865931279057,0.334671705243269,0.344917012448133,0.0102453072048645,1.67338358713246,1.67833214214491,1.00295721498077
"pm998q02","PATTERN09","PATTERN12",394,289,0.807106598984772,0.833910034602076,0.0268034356173046,0.504592850049653,0.446663208852005,-0.0579296411976475,2.06303826139249,1.87652912615059,0.909594921852773,0.400115855676928,0.344917012448133,-0.0551988432287951,1.83186768279082,1.67833214214491,0.916186336989141
"pm998q04t","PATTERN02","PATTERN04",433,421,0.334872979214781,0.31353919239905,-0.0213337868157307,0.121048850574713,0.167741428122051,0.0466925775473384,2.35836671211457,2.54924830853628,1.08093804726855,0.160775862068966,0.176365733459159,0.0155898713901934,2.45474716240929,2.5716282843292,1.04761432204088
"pm998q04t","PATTERN02","PATTERN09",433,394,0.334872979214781,0.302030456852792,-0.0328425223619887,0.121048850574713,0.136562261268144,0.0155134106934309,2.35836671211457,2.51228677286402,1.06526553311611,0.160775862068966,0.127028265851795,-0.0337475962171705,2.45474716240929,2.4882923750744,1.01366544513374
"pm998q04t","PATTERN02","PATTERN12",433,289,0.334872979214781,0.311418685121107,-0.0234542940936733,0.121048850574713,0.261641541038526,0.140592690463813,2.35836671211457,2.8112719018696,1.19204188535588,0.160775862068966,0.258905639307649,0.0981297772386838,2.45474716240929,2.80332386168351,1.14200106007337
"pm998q04t","PATTERN04","PATTERN09",421,394,0.31353919239905,0.302030456852792,-0.011508735546258,0.167741428122051,0.136562261268144,-0.0311791668539074,2.54924830853628,2.51228677286402,0.985501006101093,0.176365733459159,0.127028265851795,-0.0493374676073639,2.5716282843292,2.4882923750744,0.967594107685536
"pm998q04t","PATTERN04","PATTERN12",421,289,0.31353919239905,0.311418685121107,-0.00212050727794261,0.167741428122051,0.261641541038526,0.0939001129164749,2.54924830853628,2.8112719018696,1.10278464928501,0.176365733459159,0.258905639307649,0.0825399058484904,2.5716282843292,2.80332386168351,1.09009683816522
"pm998q04t","PATTERN09","PATTERN12",394,289,0.302030456852792,0.311418685121107,0.00938822826831537,0.136562261268144,0.261641541038526,0.125079279770382,2.51228677286402,2.8112719018696,1.11900915621378,0.127028265851795,0.258905639307649,0.131877373455854,2.4882923750744,2.80332386168351,1.1266054945009
