person,number_correct,number_of_items,correct_item_pair,unweighted_proportion_correct,correct_items,formula_weighted_raw_score,formula_max_total_score,weighted_raw_score,max_total_score,normalized_weighted_score,normalized_weighted_percent,minimum_achievable_total_score,maximum_achievable_total_score,maximum_is_true_maximum,normalization_status,scoring_model_status,score_type,response_item_pm00fq01,response_item_pm033q01,response_item_pm034q01t,response_item_pm155q01,response_item_pm155q04t,response_item_pm192q01t,response_item_pm305q01,response_item_pm406q01,response_item_pm406q02,response_item_pm411q01,response_item_pm411q02,response_item_pm423q01,response_item_pm442q02,response_item_pm474q01,response_item_pm496q01t,response_item_pm496q02,response_item_pm564q01,response_item_pm564q02,response_item_pm571q01,response_item_pm603q01t,response_item_pm803q01t,response_item_pm903q03,response_item_pm918q01,response_item_pm918q02,response_item_pm918q05,response_item_pm923q01,response_item_pm923q03,response_item_pm923q04,response_item_pm924q02,response_item_pm995q01,response_item_pm995q02,response_item_pm995q03,contribution_item_pm00fq01,contribution_item_pm033q01,contribution_item_pm034q01t,contribution_item_pm155q01,contribution_item_pm155q04t,contribution_item_pm192q01t,contribution_item_pm305q01,contribution_item_pm406q01,contribution_item_pm406q02,contribution_item_pm411q01,contribution_item_pm411q02,contribution_item_pm423q01,contribution_item_pm442q02,contribution_item_pm474q01,contribution_item_pm496q01t,contribution_item_pm496q02,contribution_item_pm564q01,contribution_item_pm564q02,contribution_item_pm571q01,contribution_item_pm603q01t,contribution_item_pm803q01t,contribution_item_pm903q03,contribution_item_pm918q01,contribution_item_pm918q02,contribution_item_pm918q05,contribution_item_pm923q01,contribution_item_pm923q03,contribution_item_pm923q04,contribution_item_pm924q02,contribution_item_pm995q01,contribution_item_pm995q02,contribution_item_pm995q03
"PISA0001",5,32,"(5,32)",0.15625,"pm155q04t|pm411q02|pm571q01|pm918q01|pm918q05",12.7050058159331,124.967526068713,7.01012946916498,68.9522342511883,0.101666458604192,10.1666458604192,0,68.9522342511883,TRUE,"ok","ok","item_rest",0,0,0,0,1,0,0,0,0,0,1,0,0,0,0,0,0,0,1,0,0,0,1,0,1,0,0,0,0,0,0,0,0,0,0,0,1.20257572297271,0,0,0,0,0,1.60594277149801,0,0,0,0,0,0,0,1.83236153892946,0,0,0,1,0,1.36924943576479,0,0,0,0,0,0,0
"PISA0006",6,32,"(6,32)",0.1875,"pm155q01|pm305q01|pm423q01|pm571q01|pm603q01t|pm918q01",14.5240855629022,124.967526068713,8.01382712391123,68.9522342511883,0.116222878213306,11.6222878213306,0,68.9522342511883,TRUE,"ok","ok","item_rest",0,0,0,1,0,0,1,0,0,0,0,1,0,0,0,0,0,0,1,1,0,0,1,0,0,0,0,0,0,0,0,0,0,0,0,1.2942101262835,0,0,1.27673050543826,0,0,0,0,1.11464269391646,0,0,0,0,0,0,1.83236153892946,1.49588225934354,0,0,1,0,0,0,0,0,0,0,0,0
"PISA0015",15,32,"(15,32)",0.46875,"pm033q01|pm034q01t|pm155q01|pm305q01|pm411q01|pm423q01|pm442q02|pm474q01|pm496q01t|pm496q02|pm564q01|pm603q01t|pm923q01|pm924q02|pm995q01",44.3324698259511,124.967526068713,24.4609374974098,68.9522342511883,0.354751920123432,35.4751920123432,0,68.9522342511883,TRUE,"ok","ok","item_rest",0,1,1,1,0,0,1,0,0,1,0,1,1,1,1,1,1,0,0,1,0,0,0,0,0,1,0,0,1,1,0,0,0,1.0000984769457,1.96771446709354,1.2942101262835,0,0,1.27673050543826,0,0,1.93071340341164,0,1.11464269391646,2.58139463965431,1.03016645367673,1.62787399540524,1.37082364536879,1.45473339099819,0,0,1.49588225934354,0,0,0,0,0,1.75539915546177,0,0,2.08739675468112,2.47315752973098,0,0
"PISA0017",8,32,"(8,32)",0.25,"pm00fq01|pm033q01|pm411q02|pm423q01|pm496q02|pm918q01|pm918q02|pm995q03",21.2538305400738,124.967526068713,11.7270394016476,68.9522342511883,0.170074828306894,17.0074828306894,0,68.9522342511883,TRUE,"ok","ok","item_rest",1,1,0,0,0,0,0,0,0,0,1,1,0,0,0,1,0,0,0,0,0,0,1,1,0,0,0,0,0,0,0,1,2.14097710825686,1.0000984769457,0,0,0,0,0,0,0,0,1.60594277149801,1.11464269391646,0,0,0,1.37082364536879,0,0,0,0,0,0,1,1.25755024269656,0,0,0,0,0,0,0,2.23700446296524
"PISA0030",10,32,"(10,32)",0.3125,"pm033q01|pm155q01|pm305q01|pm411q01|pm474q01|pm571q01|pm918q01|pm918q02|pm918q05|pm923q03",24.4723600812679,124.967526068713,13.5028991777847,68.9522342511883,0.195829755546347,19.5829755546347,0,68.9522342511883,TRUE,"ok","ok","item_rest",0,1,0,1,0,0,1,0,0,1,0,0,0,1,0,0,0,0,1,0,0,0,1,1,1,0,1,0,0,0,0,0,0,1.0000984769457,0,1.2942101262835,0,0,1.27673050543826,0,0,1.93071340341164,0,0,0,1.03016645367673,0,0,0,0,1.83236153892946,0,0,0,1,1.25755024269656,1.36924943576479,0,1.51181899463805,0,0,0,0,0
"PISA0035",17,32,"(17,32)",0.53125,"pm00fq01|pm033q01|pm034q01t|pm155q01|pm192q01t|pm406q01|pm411q02|pm423q01|pm474q01|pm496q02|pm571q01|pm603q01t|pm918q01|pm918q02|pm918q05|pm923q03|pm995q01",49.5361687923156,124.967526068713,27.3321367712446,68.9522342511883,0.396392329676737,39.6392329676737,0,68.9522342511883,TRUE,"ok","ok","item_rest",1,1,1,1,0,1,0,1,0,0,1,1,0,1,0,1,0,0,1,1,0,0,1,1,1,0,1,0,0,1,0,0,2.14097710825686,1.0000984769457,1.96771446709354,1.2942101262835,0,2.05942193849789,0,2.80811908860377,0,0,1.60594277149801,1.11464269391646,0,1.03016645367673,0,1.37082364536879,0,0,1.83236153892946,1.49588225934354,0,0,1,1.25755024269656,1.36924943576479,0,1.51181899463805,0,0,2.47315752973098,0,0
"PISA0039",9,32,"(9,32)",0.28125,"pm033q01|pm155q01|pm155q04t|pm192q01t|pm474q01|pm603q01t|pm918q02|pm918q05|pm923q03",22.149026204579,124.967526068713,12.2209736508195,68.9522342511883,0.177238254619847,17.7238254619847,0,68.9522342511883,TRUE,"ok","ok","item_rest",0,1,0,1,1,1,0,0,0,0,0,0,0,1,0,0,0,0,0,1,0,0,0,1,1,0,1,0,0,0,0,0,0,1.0000984769457,0,1.2942101262835,1.20257572297271,2.05942193849789,0,0,0,0,0,0,0,1.03016645367673,0,0,0,0,0,1.49588225934354,0,0,0,1.25755024269656,1.36924943576479,0,1.51181899463805,0,0,0,0,0
"PISA0080",25,32,"(25,32)",0.78125,"pm00fq01|pm033q01|pm034q01t|pm155q01|pm155q04t|pm192q01t|pm305q01|pm411q01|pm411q02|pm423q01|pm442q02|pm474q01|pm496q01t|pm496q02|pm564q01|pm571q01|pm603q01t|pm803q01t|pm918q01|pm918q02|pm918q05|pm923q01|pm923q03|pm924q02|pm995q01",75.1849805682846,124.967526068713,41.4841563676702,68.9522342511883,0.601636144472799,60.1636144472799,0,68.9522342511883,TRUE,"ok","ok","item_rest",1,1,1,1,1,1,1,0,0,1,1,1,1,1,1,1,1,0,1,1,1,0,1,1,1,1,1,0,1,1,0,0,2.14097710825686,1.0000984769457,1.96771446709354,1.2942101262835,1.20257572297271,2.05942193849789,1.27673050543826,0,0,1.93071340341164,1.60594277149801,1.11464269391646,2.58139463965431,1.03016645367673,1.62787399540524,1.37082364536879,1.45473339099819,0,1.83236153892946,1.49588225934354,3.04332111700611,0,1,1.25755024269656,1.36924943576479,1.75539915546177,1.51181899463805,0,2.08739675468112,2.47315752973098,0,0
"PISA0087",19,32,"(19,32)",0.59375,"pm033q01|pm155q01|pm155q04t|pm192q01t|pm411q01|pm411q02|pm423q01|pm442q02|pm474q01|pm496q01t|pm496q02|pm564q02|pm571q01|pm603q01t|pm918q01|pm918q02|pm918q05|pm924q02|pm995q01",54.5661341119799,124.967526068713,30.1074765567673,68.9522342511883,0.436642508886483,43.6642508886483,0,68.9522342511883,TRUE,"ok","ok","item_rest",0,1,0,1,1,1,0,0,0,1,1,1,1,1,1,1,0,1,1,1,0,0,1,1,1,0,0,0,1,1,0,0,0,1.0000984769457,0,1.2942101262835,1.20257572297271,2.05942193849789,0,0,0,1.93071340341164,1.60594277149801,1.11464269391646,2.58139463965431,1.03016645367673,1.62787399540524,1.37082364536879,0,1.77401492798991,1.83236153892946,1.49588225934354,0,0,1,1.25755024269656,1.36924943576479,0,0,0,2.08739675468112,2.47315752973098,0,0
"PISA0088",13,32,"(13,32)",0.40625,"pm033q01|pm034q01t|pm155q01|pm155q04t|pm411q01|pm423q01|pm474q01|pm496q01t|pm496q02|pm918q01|pm918q02|pm918q05|pm923q03",32.0382026103499,124.967526068713,17.6774376581737,68.9522342511883,0.256372224194737,25.6372224194737,0,68.9522342511883,TRUE,"ok","ok","item_rest",0,1,1,1,1,0,0,0,0,1,0,1,0,1,1,1,0,0,0,0,0,0,1,1,1,0,1,0,0,0,0,0,0,1.0000984769457,1.96771446709354,1.2942101262835,1.20257572297271,0,0,0,0,1.93071340341164,0,1.11464269391646,0,1.03016645367673,1.62787399540524,1.37082364536879,0,0,0,0,0,0,1,1.25755024269656,1.36924943576479,0,1.51181899463805,0,0,0,0,0
"PISA0096",10,32,"(10,32)",0.3125,"pm033q01|pm155q01|pm411q01|pm423q01|pm496q02|pm918q01|pm918q02|pm918q05|pm923q01|pm995q01",26.3988193888862,124.967526068713,14.5658447095802,68.9522342511883,0.211245434868982,21.1245434868982,0,68.9522342511883,TRUE,"ok","ok","item_rest",0,1,0,1,0,0,0,0,0,1,0,1,0,0,0,1,0,0,0,0,0,0,1,1,1,1,0,0,0,1,0,0,0,1.0000984769457,0,1.2942101262835,0,0,0,0,0,1.93071340341164,0,1.11464269391646,0,0,0,1.37082364536879,0,0,0,0,0,0,1,1.25755024269656,1.36924943576479,1.75539915546177,0,0,0,2.47315752973098,0,0
"PISA0109",13,32,"(13,32)",0.40625,"pm033q01|pm155q01|pm305q01|pm411q02|pm474q01|pm564q02|pm603q01t|pm803q01t|pm918q01|pm918q05|pm923q01|pm923q03|pm924q02",36.6902028636089,124.967526068713,20.2442309787275,68.9522342511883,0.29359789713237,29.359789713237,0,68.9522342511883,TRUE,"ok","ok","item_rest",0,1,0,1,0,0,1,0,0,0,1,0,0,1,0,0,0,1,0,1,1,0,1,0,1,1,1,0,1,0,0,0,0,1.0000984769457,0,1.2942101262835,0,0,1.27673050543826,0,0,0,1.60594277149801,0,0,1.03016645367673,0,0,0,1.77401492798991,0,1.49588225934354,3.04332111700611,0,1,0,1.36924943576479,1.75539915546177,1.51181899463805,0,2.08739675468112,0,0,0
"PISA0124",20,32,"(20,32)",0.625,"pm033q01|pm034q01t|pm155q01|pm155q04t|pm406q01|pm411q01|pm411q02|pm423q01|pm442q02|pm474q01|pm496q01t|pm496q02|pm564q02|pm571q01|pm803q01t|pm918q01|pm918q02|pm923q01|pm924q02|pm995q03",62.5656944162395,124.967526068713,34.5213236845606,68.9522342511883,0.500655621379892,50.0655621379892,0,68.9522342511883,TRUE,"ok","ok","item_rest",0,1,1,1,1,0,0,1,0,1,1,1,1,1,1,1,0,1,1,0,1,0,1,1,0,1,0,0,1,0,0,1,0,1.0000984769457,1.96771446709354,1.2942101262835,1.20257572297271,0,0,2.80811908860377,0,1.93071340341164,1.60594277149801,1.11464269391646,2.58139463965431,1.03016645367673,1.62787399540524,1.37082364536879,0,1.77401492798991,1.83236153892946,0,3.04332111700611,0,1,1.25755024269656,0,1.75539915546177,0,0,2.08739675468112,0,0,2.23700446296524
"PISA0135",12,32,"(12,32)",0.375,"pm155q01|pm155q04t|pm192q01t|pm411q01|pm474q01|pm564q02|pm571q01|pm903q03|pm918q01|pm918q05|pm995q01|pm995q03",38.2475647069584,124.967526068713,21.1035228444995,68.9522342511883,0.306060029434591,30.6060029434591,0,68.9522342511883,TRUE,"ok","ok","item_rest",0,0,0,1,1,1,0,0,0,1,0,0,0,1,0,0,0,1,1,0,0,1,1,0,1,0,0,0,0,1,0,1,0,0,0,1.2942101262835,1.20257572297271,2.05942193849789,0,0,0,1.93071340341164,0,0,0,1.03016645367673,0,0,0,1.77401492798991,1.83236153892946,0,0,2.90064730427663,1,0,1.36924943576479,0,0,0,0,2.47315752973098,0,2.23700446296524
"PISA0142",20,32,"(20,32)",0.625,"pm00fq01|pm034q01t|pm155q04t|pm192q01t|pm406q01|pm411q01|pm411q02|pm423q01|pm474q01|pm496q01t|pm496q02|pm564q01|pm571q01|pm603q01t|pm803q01t|pm903q03|pm918q01|pm918q02|pm918q05|pm923q03",62.9339912112775,124.967526068713,34.724535572355,68.9522342511883,0.503602761381971,50.3602761381971,0,68.9522342511883,TRUE,"ok","ok","item_rest",1,0,1,0,1,1,0,1,0,1,1,1,0,1,1,1,1,0,1,1,1,1,1,1,1,0,1,0,0,0,0,0,2.14097710825686,0,1.96771446709354,0,1.20257572297271,2.05942193849789,0,2.80811908860377,0,1.93071340341164,1.60594277149801,1.11464269391646,0,1.03016645367673,1.62787399540524,1.37082364536879,1.45473339099819,0,1.83236153892946,1.49588225934354,3.04332111700611,2.90064730427663,1,1.25755024269656,1.36924943576479,0,1.51181899463805,0,0,0,0,0
"PISA0155",4,32,"(4,32)",0.125,"pm474q01|pm603q01t|pm918q01|pm923q03",9.13052159838705,124.967526068713,5.03786770765831,68.9522342511883,0.0730631539698292,7.30631539698292,0,68.9522342511883,TRUE,"ok","ok","item_rest",0,0,0,0,0,0,0,0,0,0,0,0,0,1,0,0,0,0,0,1,0,0,1,0,0,0,1,0,0,0,0,0,0,0,0,0,0,0,0,0,0,0,0,0,0,1.03016645367673,0,0,0,0,0,1.49588225934354,0,0,1,0,0,0,1.51181899463805,0,0,0,0,0
"PISA0174",6,32,"(6,32)",0.1875,"pm033q01|pm496q01t|pm496q02|pm564q02|pm918q01|pm918q02",14.5540517221571,124.967526068713,8.03036128840619,68.9522342511883,0.116462669783145,11.6462669783145,0,68.9522342511883,TRUE,"ok","ok","item_rest",0,1,0,0,0,0,0,0,0,0,0,0,0,0,1,1,0,1,0,0,0,0,1,1,0,0,0,0,0,0,0,0,0,1.0000984769457,0,0,0,0,0,0,0,0,0,0,0,0,1.62787399540524,1.37082364536879,0,1.77401492798991,0,0,0,0,1,1.25755024269656,0,0,0,0,0,0,0,0
"PISA0195",24,32,"(24,32)",0.75,"pm00fq01|pm033q01|pm034q01t|pm155q01|pm155q04t|pm192q01t|pm406q01|pm411q01|pm411q02|pm423q01|pm442q02|pm474q01|pm496q01t|pm496q02|pm564q01|pm571q01|pm903q03|pm918q01|pm918q02|pm918q05|pm923q01|pm924q02|pm995q01|pm995q03",76.3050628802328,124.967526068713,42.1021743470899,68.9522342511883,0.610599131475777,61.0599131475777,0,68.9522342511883,TRUE,"ok","ok","item_rest",1,1,1,1,1,1,0,1,0,1,1,1,1,1,1,1,1,0,1,0,0,1,1,1,1,1,0,0,1,1,0,1,2.14097710825686,1.0000984769457,1.96771446709354,1.2942101262835,1.20257572297271,2.05942193849789,0,2.80811908860377,0,1.93071340341164,1.60594277149801,1.11464269391646,2.58139463965431,1.03016645367673,1.62787399540524,1.37082364536879,1.45473339099819,0,1.83236153892946,0,0,2.90064730427663,1,1.25755024269656,1.36924943576479,1.75539915546177,0,0,2.08739675468112,2.47315752973098,0,2.23700446296524
"PISA0198",19,32,"(19,32)",0.59375,"pm155q01|pm155q04t|pm192q01t|pm411q01|pm411q02|pm423q01|pm474q01|pm496q02|pm564q02|pm571q01|pm603q01t|pm803q01t|pm918q01|pm918q02|pm918q05|pm923q01|pm923q03|pm924q02|pm995q03",56.1338758486383,124.967526068713,30.9724956451023,68.9522342511883,0.44918770191364,44.918770191364,0,68.9522342511883,TRUE,"ok","ok","item_rest",0,0,0,1,1,1,0,0,0,1,1,1,0,1,0,1,0,1,1,1,1,0,1,1,1,1,1,0,1,0,0,1,0,0,0,1.2942101262835,1.20257572297271,2.05942193849789,0,0,0,1.93071340341164,1.60594277149801,1.11464269391646,0,1.03016645367673,0,1.37082364536879,0,1.77401492798991,1.83236153892946,1.49588225934354,3.04332111700611,0,1,1.25755024269656,1.36924943576479,1.75539915546177,1.51181899463805,0,2.08739675468112,0,0,2.23700446296524
"PISA0213",28,32,"(28,32)",0.875,"pm00fq01|pm033q01|pm034q01t|pm155q01|pm155q04t|pm192q01t|pm305q01|pm406q01|pm406q02|pm411q01|pm411q02|pm423q01|pm442q02|pm474q01|pm496q01t|pm496q02|pm564q01|pm564q02|pm571q01|pm603q01t|pm803q01t|pm918q01|pm918q02|pm918q05|pm923q01|pm923q04|pm924q02|pm995q01",97.2921288165588,124.967526068713,53.6820233863595,68.9522342511883,0.77853928838331,77.853928838331,0,68.9522342511883,TRUE,"ok","ok","item_rest",1,1,1,1,1,1,1,1,1,1,1,1,1,1,1,1,1,1,1,1,1,0,1,1,1,1,0,1,1,1,0,0,2.14097710825686,1.0000984769457,1.96771446709354,1.2942101262835,1.20257572297271,2.05942193849789,1.27673050543826,2.80811908860377,4.7812223423438,1.93071340341164,1.60594277149801,1.11464269391646,2.58139463965431,1.03016645367673,1.62787399540524,1.37082364536879,1.45473339099819,1.77401492798991,1.83236153892946,1.49588225934354,3.04332111700611,0,1,1.25755024269656,1.36924943576479,1.75539915546177,0,4.34632965438984,2.08739675468112,2.47315752973098,0,0
"PISA0217",19,32,"(19,32)",0.59375,"pm155q01|pm155q04t|pm411q01|pm411q02|pm423q01|pm442q02|pm474q01|pm496q01t|pm496q02|pm564q01|pm564q02|pm803q01t|pm918q01|pm918q02|pm918q05|pm923q01|pm923q03|pm995q01|pm995q03",57.3338461330832,124.967526068713,31.634592709439,68.9522342511883,0.458789958773436,45.8789958773436,0,68.9522342511883,TRUE,"ok","ok","item_rest",0,0,0,1,1,0,0,0,0,1,1,1,1,1,1,1,1,1,0,0,1,0,1,1,1,1,1,0,0,1,0,1,0,0,0,1.2942101262835,1.20257572297271,0,0,0,0,1.93071340341164,1.60594277149801,1.11464269391646,2.58139463965431,1.03016645367673,1.62787399540524,1.37082364536879,1.45473339099819,1.77401492798991,0,0,3.04332111700611,0,1,1.25755024269656,1.36924943576479,1.75539915546177,1.51181899463805,0,0,2.47315752973098,0,2.23700446296524
"PISA0233",6,32,"(6,32)",0.1875,"pm033q01|pm155q01|pm305q01|pm474q01|pm571q01|pm918q02",13.9392133934161,124.967526068713,7.69111734397021,68.9522342511883,0.11154268498323,11.154268498323,0,68.9522342511883,TRUE,"ok","ok","item_rest",0,1,0,1,0,0,1,0,0,0,0,0,0,1,0,0,0,0,1,0,0,0,0,1,0,0,0,0,0,0,0,0,0,1.0000984769457,0,1.2942101262835,0,0,1.27673050543826,0,0,0,0,0,0,1.03016645367673,0,0,0,0,1.83236153892946,0,0,0,0,1.25755024269656,0,0,0,0,0,0,0,0
"PISA0245",15,32,"(15,32)",0.46875,"pm033q01|pm155q01|pm155q04t|pm305q01|pm411q01|pm423q01|pm474q01|pm564q02|pm571q01|pm918q01|pm918q02|pm918q05|pm923q01|pm923q03|pm995q01",39.5509661447299,124.967526068713,21.8226892078565,68.9522342511883,0.316489950541094,31.6489950541094,0,68.9522342511883,TRUE,"ok","ok","item_rest",0,1,0,1,1,0,1,0,0,1,0,1,0,1,0,0,0,1,1,0,0,0,1,1,1,1,1,0,0,1,0,0,0,1.0000984769457,0,1.2942101262835,1.20257572297271,0,1.27673050543826,0,0,1.93071340341164,0,1.11464269391646,0,1.03016645367673,0,0,0,1.77401492798991,1.83236153892946,0,0,0,1,1.25755024269656,1.36924943576479,1.75539915546177,1.51181899463805,0,0,2.47315752973098,0,0
"PISA0256",17,32,"(17,32)",0.53125,"pm00fq01|pm033q01|pm034q01t|pm155q01|pm155q04t|pm305q01|pm411q02|pm423q01|pm442q02|pm474q01|pm496q01t|pm496q02|pm564q01|pm918q01|pm918q02|pm918q05|pm995q01",46.7010736139034,124.967526068713,25.7678412057006,68.9522342511883,0.373705674450376,37.3705674450376,0,68.9522342511883,TRUE,"ok","ok","item_rest",1,1,1,1,1,0,1,0,0,0,1,1,1,1,1,1,1,0,0,0,0,0,1,1,1,0,0,0,0,1,0,0,2.14097710825686,1.0000984769457,1.96771446709354,1.2942101262835,1.20257572297271,0,1.27673050543826,0,0,0,1.60594277149801,1.11464269391646,2.58139463965431,1.03016645367673,1.62787399540524,1.37082364536879,1.45473339099819,0,0,0,0,0,1,1.25755024269656,1.36924943576479,0,0,0,0,2.47315752973098,0,0
"PISA0258",3,32,"(3,32)",0.09375,"pm918q01|pm918q02|pm918q05",6.57313266620232,124.967526068713,3.62679967846135,68.9522342511883,0.0525987260289372,5.25987260289372,0,68.9522342511883,TRUE,"ok","ok","item_rest",0,0,0,0,0,0,0,0,0,0,0,0,0,0,0,0,0,0,0,0,0,0,1,1,1,0,0,0,0,0,0,0,0,0,0,0,0,0,0,0,0,0,0,0,0,0,0,0,0,0,0,0,0,0,1,1.25755024269656,1.36924943576479,0,0,0,0,0,0,0
"PISA0268",12,32,"(12,32)",0.375,"pm00fq01|pm033q01|pm034q01t|pm155q01|pm155q04t|pm411q02|pm474q01|pm496q01t|pm918q01|pm918q02|pm918q05|pm923q03",30.8252506258751,124.967526068713,17.0081777952317,68.9522342511883,0.246666086747415,24.6666086747415,0,68.9522342511883,TRUE,"ok","ok","item_rest",1,1,1,1,1,0,0,0,0,0,1,0,0,1,1,0,0,0,0,0,0,0,1,1,1,0,1,0,0,0,0,0,2.14097710825686,1.0000984769457,1.96771446709354,1.2942101262835,1.20257572297271,0,0,0,0,0,1.60594277149801,0,0,1.03016645367673,1.62787399540524,0,0,0,0,0,0,0,1,1.25755024269656,1.36924943576479,0,1.51181899463805,0,0,0,0,0
"PISA0273",25,32,"(25,32)",0.78125,"pm00fq01|pm033q01|pm155q01|pm155q04t|pm192q01t|pm305q01|pm411q01|pm411q02|pm423q01|pm442q02|pm474q01|pm496q01t|pm496q02|pm564q01|pm564q02|pm571q01|pm603q01t|pm903q03|pm918q01|pm918q02|pm918q05|pm923q01|pm923q03|pm995q01|pm995q03",74.8464905877581,124.967526068713,41.2973907241212,68.9522342511883,0.598927520951353,59.8927520951353,0,68.9522342511883,TRUE,"ok","ok","item_rest",1,1,0,1,1,1,1,0,0,1,1,1,1,1,1,1,1,1,1,1,0,1,1,1,1,1,1,0,0,1,0,1,2.14097710825686,1.0000984769457,0,1.2942101262835,1.20257572297271,2.05942193849789,1.27673050543826,0,0,1.93071340341164,1.60594277149801,1.11464269391646,2.58139463965431,1.03016645367673,1.62787399540524,1.37082364536879,1.45473339099819,1.77401492798991,1.83236153892946,1.49588225934354,0,2.90064730427663,1,1.25755024269656,1.36924943576479,1.75539915546177,1.51181899463805,0,0,2.47315752973098,0,2.23700446296524
"PISA0276",14,32,"(14,32)",0.4375,"pm033q01|pm155q01|pm155q04t|pm305q01|pm411q01|pm423q01|pm474q01|pm496q01t|pm496q02|pm918q01|pm918q02|pm918q05|pm923q01|pm995q01",35.7096345033732,124.967526068713,19.7031913870731,68.9522342511883,0.285751311774695,28.5751311774695,0,68.9522342511883,TRUE,"ok","ok","item_rest",0,1,0,1,1,0,1,0,0,1,0,1,0,1,1,1,0,0,0,0,0,0,1,1,1,1,0,0,0,1,0,0,0,1.0000984769457,0,1.2942101262835,1.20257572297271,0,1.27673050543826,0,0,1.93071340341164,0,1.11464269391646,0,1.03016645367673,1.62787399540524,1.37082364536879,0,0,0,0,0,0,1,1.25755024269656,1.36924943576479,1.75539915546177,0,0,0,2.47315752973098,0,0
"PISA0306",5,32,"(5,32)",0.15625,"pm033q01|pm423q01|pm564q01|pm918q01|pm923q01",11.4630632311548,124.967526068713,6.32487371732211,68.9522342511883,0.0917283360867035,9.17283360867035,0,68.9522342511883,TRUE,"ok","ok","item_rest",0,1,0,0,0,0,0,0,0,0,0,1,0,0,0,0,1,0,0,0,0,0,1,0,0,1,0,0,0,0,0,0,0,1.0000984769457,0,0,0,0,0,0,0,0,0,1.11464269391646,0,0,0,0,1.45473339099819,0,0,0,0,0,1,0,0,1.75539915546177,0,0,0,0,0,0
"PISA0313",4,32,"(4,32)",0.125,"pm411q02|pm496q02|pm918q01|pm918q05",9.68900257812864,124.967526068713,5.3460158526316,68.9522342511883,0.077532162818052,7.7532162818052,0,68.9522342511883,TRUE,"ok","ok","item_rest",0,0,0,0,0,0,0,0,0,0,1,0,0,0,0,1,0,0,0,0,0,0,1,0,1,0,0,0,0,0,0,0,0,0,0,0,0,0,0,0,0,0,1.60594277149801,0,0,0,0,1.37082364536879,0,0,0,0,0,0,1,0,1.36924943576479,0,0,0,0,0,0,0
"PISA0325",16,32,"(16,32)",0.5,"pm00fq01|pm034q01t|pm305q01|pm411q01|pm423q01|pm442q02|pm474q01|pm496q01t|pm496q02|pm571q01|pm603q01t|pm918q01|pm918q02|pm918q05|pm923q03|pm995q01",47.0875011138995,124.967526068713,25.9810569133252,68.9522342511883,0.376797897783529,37.6797897783529,0,68.9522342511883,TRUE,"ok","ok","item_rest",1,0,1,0,0,0,1,0,0,1,0,1,1,1,1,1,0,0,1,1,0,0,1,1,1,0,1,0,0,1,0,0,2.14097710825686,0,1.96771446709354,0,0,0,1.27673050543826,0,0,1.93071340341164,0,1.11464269391646,2.58139463965431,1.03016645367673,1.62787399540524,1.37082364536879,0,0,1.83236153892946,1.49588225934354,0,0,1,1.25755024269656,1.36924943576479,0,1.51181899463805,0,0,2.47315752973098,0,0
"PISA0328",19,32,"(19,32)",0.59375,"pm033q01|pm034q01t|pm155q01|pm155q04t|pm305q01|pm411q01|pm423q01|pm442q02|pm474q01|pm496q01t|pm496q02|pm564q01|pm803q01t|pm918q01|pm918q02|pm918q05|pm923q01|pm923q03|pm995q03",54.4185057093643,124.967526068713,30.0260209296976,68.9522342511883,0.435461174765053,43.5461174765053,0,68.9522342511883,TRUE,"ok","ok","item_rest",0,1,1,1,1,0,1,0,0,1,0,1,1,1,1,1,1,0,0,0,1,0,1,1,1,1,1,0,0,0,0,1,0,1.0000984769457,1.96771446709354,1.2942101262835,1.20257572297271,0,1.27673050543826,0,0,1.93071340341164,0,1.11464269391646,2.58139463965431,1.03016645367673,1.62787399540524,1.37082364536879,1.45473339099819,0,0,0,3.04332111700611,0,1,1.25755024269656,1.36924943576479,1.75539915546177,1.51181899463805,0,0,0,0,2.23700446296524
"PISA0340",14,32,"(14,32)",0.4375,"pm033q01|pm155q01|pm155q04t|pm305q01|pm411q01|pm423q01|pm442q02|pm474q01|pm496q01t|pm496q02|pm903q03|pm918q01|pm918q02|pm923q03",38.2398138181966,124.967526068713,21.0992462046846,68.9522342511883,0.305998006211393,30.5998006211393,0,68.9522342511883,TRUE,"ok","ok","item_rest",0,1,0,1,1,0,1,0,0,1,0,1,1,1,1,1,0,0,0,0,0,1,1,1,0,0,1,0,0,0,0,0,0,1.0000984769457,0,1.2942101262835,1.20257572297271,0,1.27673050543826,0,0,1.93071340341164,0,1.11464269391646,2.58139463965431,1.03016645367673,1.62787399540524,1.37082364536879,0,0,0,0,0,2.90064730427663,1,1.25755024269656,0,0,1.51181899463805,0,0,0,0,0
"PISA0346",15,32,"(15,32)",0.46875,"pm00fq01|pm155q01|pm155q04t|pm192q01t|pm411q02|pm423q01|pm442q02|pm474q01|pm496q02|pm564q02|pm603q01t|pm918q01|pm918q02|pm918q05|pm995q01",43.080246979091,124.967526068713,23.770009495651,68.9522342511883,0.344731534137944,34.4731534137944,0,68.9522342511883,TRUE,"ok","ok","item_rest",1,0,0,1,1,1,0,0,0,0,1,1,1,1,0,1,0,1,0,1,0,0,1,1,1,0,0,0,0,1,0,0,2.14097710825686,0,0,1.2942101262835,1.20257572297271,2.05942193849789,0,0,0,0,1.60594277149801,1.11464269391646,2.58139463965431,1.03016645367673,0,1.37082364536879,0,1.77401492798991,0,1.49588225934354,0,0,1,1.25755024269656,1.36924943576479,0,0,0,0,2.47315752973098,0,0
"PISA0351",8,32,"(8,32)",0.25,"pm033q01|pm155q01|pm155q04t|pm411q02|pm474q01|pm603q01t|pm918q01|pm923q01",18.8202335520211,124.967526068713,10.3842749661819,68.9522342511883,0.150600993266625,15.0600993266625,0,68.9522342511883,TRUE,"ok","ok","item_rest",0,1,0,1,1,0,0,0,0,0,1,0,0,1,0,0,0,0,0,1,0,0,1,0,0,1,0,0,0,0,0,0,0,1.0000984769457,0,1.2942101262835,1.20257572297271,0,0,0,0,0,1.60594277149801,0,0,1.03016645367673,0,0,0,0,0,1.49588225934354,0,0,1,0,0,1.75539915546177,0,0,0,0,0,0
"PISA0355",10,32,"(10,32)",0.3125,"pm033q01|pm155q01|pm305q01|pm442q02|pm496q01t|pm496q02|pm603q01t|pm918q01|pm918q02|pm924q02",27.1711026215945,124.967526068713,14.991960645817,68.9522342511883,0.217425306208386,21.7425306208387,0,68.9522342511883,TRUE,"ok","ok","item_rest",0,1,0,1,0,0,1,0,0,0,0,0,1,0,1,1,0,0,0,1,0,0,1,1,0,0,0,0,1,0,0,0,0,1.0000984769457,0,1.2942101262835,0,0,1.27673050543826,0,0,0,0,0,2.58139463965431,0,1.62787399540524,1.37082364536879,0,0,0,1.49588225934354,0,0,1,1.25755024269656,0,0,0,0,2.08739675468112,0,0,0
"PISA0371",9,32,"(9,32)",0.28125,"pm033q01|pm155q01|pm155q04t|pm305q01|pm474q01|pm496q01t|pm571q01|pm918q01|pm918q02",20.8814369520101,124.967526068713,11.5215670623482,68.9522342511883,0.167094905443903,16.7094905443903,0,68.9522342511883,TRUE,"ok","ok","item_rest",0,1,0,1,1,0,1,0,0,0,0,0,0,1,1,0,0,0,1,0,0,0,1,1,0,0,0,0,0,0,0,0,0,1.0000984769457,0,1.2942101262835,1.20257572297271,0,1.27673050543826,0,0,0,0,0,0,1.03016645367673,1.62787399540524,0,0,0,1.83236153892946,0,0,0,1,1.25755024269656,0,0,0,0,0,0,0,0
"PISA0378",12,32,"(12,32)",0.375,"pm033q01|pm155q01|pm155q04t|pm411q01|pm423q01|pm474q01|pm564q01|pm603q01t|pm918q01|pm918q02|pm995q01|pm995q03",31.6998263535041,124.967526068713,17.4907347629412,68.9522342511883,0.253664510699156,25.3664510699156,0,68.9522342511883,TRUE,"ok","ok","item_rest",0,1,0,1,1,0,0,0,0,1,0,1,0,1,0,0,1,0,0,1,0,0,1,1,0,0,0,0,0,1,0,1,0,1.0000984769457,0,1.2942101262835,1.20257572297271,0,0,0,0,1.93071340341164,0,1.11464269391646,0,1.03016645367673,0,0,1.45473339099819,0,0,1.49588225934354,0,0,1,1.25755024269656,0,0,0,0,0,2.47315752973098,0,2.23700446296524
"PISA0380",7,32,"(7,32)",0.21875,"pm033q01|pm155q01|pm423q01|pm564q02|pm918q01|pm918q02|pm923q01",16.6664769874352,124.967526068713,9.1959156232939,68.9522342511883,0.13336646336642,13.336646336642,0,68.9522342511883,TRUE,"ok","ok","item_rest",0,1,0,1,0,0,0,0,0,0,0,1,0,0,0,0,0,1,0,0,0,0,1,1,0,1,0,0,0,0,0,0,0,1.0000984769457,0,1.2942101262835,0,0,0,0,0,0,0,1.11464269391646,0,0,0,0,0,1.77401492798991,0,0,0,0,1,1.25755024269656,0,1.75539915546177,0,0,0,0,0,0
"PISA0406",22,32,"(22,32)",0.6875,"pm00fq01|pm033q01|pm034q01t|pm155q01|pm155q04t|pm192q01t|pm411q02|pm423q01|pm442q02|pm474q01|pm496q01t|pm564q02|pm571q01|pm603q01t|pm918q01|pm918q02|pm918q05|pm923q01|pm923q04|pm924q02|pm995q01|pm995q03",71.1419417620663,124.967526068713,39.2533643561541,68.9522342511883,0.569283429064195,56.9283429064195,0,68.9522342511883,TRUE,"ok","ok","item_rest",1,1,1,1,1,1,0,0,0,0,1,1,1,1,1,0,0,1,1,1,0,0,1,1,1,1,0,1,1,1,0,1,2.14097710825686,1.0000984769457,1.96771446709354,1.2942101262835,1.20257572297271,2.05942193849789,0,0,0,0,1.60594277149801,1.11464269391646,2.58139463965431,1.03016645367673,1.62787399540524,0,0,1.77401492798991,1.83236153892946,1.49588225934354,0,0,1,1.25755024269656,1.36924943576479,1.75539915546177,0,4.34632965438984,2.08739675468112,2.47315752973098,0,2.23700446296524
"PISA0409",14,32,"(14,32)",0.4375,"pm155q01|pm155q04t|pm411q01|pm411q02|pm423q01|pm496q02|pm571q01|pm803q01t|pm918q01|pm918q05|pm923q01|pm924q02|pm995q01|pm995q03",44.0712351921716,124.967526068713,24.3167983579906,68.9522342511883,0.352661499979916,35.2661499979916,0,68.9522342511883,TRUE,"ok","ok","item_rest",0,0,0,1,1,0,0,0,0,1,1,1,0,0,0,1,0,0,1,0,1,0,1,0,1,1,0,0,1,1,0,1,0,0,0,1.2942101262835,1.20257572297271,0,0,0,0,1.93071340341164,1.60594277149801,1.11464269391646,0,0,0,1.37082364536879,0,0,1.83236153892946,0,3.04332111700611,0,1,0,1.36924943576479,1.75539915546177,0,0,2.08739675468112,2.47315752973098,0,2.23700446296524
"PISA0421",11,32,"(11,32)",0.34375,"pm033q01|pm155q01|pm474q01|pm496q01t|pm903q03|pm918q01|pm918q02|pm918q05|pm924q02|pm995q01|pm995q03",33.1254793270262,124.967526068713,18.2773547824265,68.9522342511883,0.265072698236917,26.5072698236917,0,68.9522342511883,TRUE,"ok","ok","item_rest",0,1,0,1,0,0,0,0,0,0,0,0,0,1,1,0,0,0,0,0,0,1,1,1,1,0,0,0,1,1,0,1,0,1.0000984769457,0,1.2942101262835,0,0,0,0,0,0,0,0,0,1.03016645367673,1.62787399540524,0,0,0,0,0,0,2.90064730427663,1,1.25755024269656,1.36924943576479,0,0,0,2.08739675468112,2.47315752973098,0,2.23700446296524
"PISA0423",14,32,"(14,32)",0.4375,"pm00fq01|pm155q01|pm155q04t|pm305q01|pm411q01|pm474q01|pm496q01t|pm496q02|pm564q02|pm918q01|pm918q02|pm918q05|pm923q01|pm924q02",38.2732255045568,124.967526068713,21.1176814774079,68.9522342511883,0.306265369160883,30.6265369160883,0,68.9522342511883,TRUE,"ok","ok","item_rest",1,0,0,1,1,0,1,0,0,1,0,0,0,1,1,1,0,1,0,0,0,0,1,1,1,1,0,0,1,0,0,0,2.14097710825686,0,0,1.2942101262835,1.20257572297271,0,1.27673050543826,0,0,1.93071340341164,0,0,0,1.03016645367673,1.62787399540524,1.37082364536879,0,1.77401492798991,0,0,0,0,1,1.25755024269656,1.36924943576479,1.75539915546177,0,0,2.08739675468112,0,0,0
"PISA0425",18,32,"(18,32)",0.5625,"pm033q01|pm034q01t|pm155q01|pm305q01|pm406q01|pm411q01|pm474q01|pm564q02|pm571q01|pm603q01t|pm903q03|pm918q01|pm918q02|pm918q05|pm923q01|pm923q03|pm924q02|pm995q01",55.7582333174048,124.967526068713,30.7652306649659,68.9522342511883,0.446181780751154,44.6181780751154,0,68.9522342511883,TRUE,"ok","ok","item_rest",0,1,1,1,0,0,1,1,0,1,0,0,0,1,0,0,0,1,1,1,0,1,1,1,1,1,1,0,1,1,0,0,0,1.0000984769457,1.96771446709354,1.2942101262835,0,0,1.27673050543826,2.80811908860377,0,1.93071340341164,0,0,0,1.03016645367673,0,0,0,1.77401492798991,1.83236153892946,1.49588225934354,0,2.90064730427663,1,1.25755024269656,1.36924943576479,1.75539915546177,1.51181899463805,0,2.08739675468112,2.47315752973098,0,0
"PISA0428",5,32,"(5,32)",0.15625,"pm496q02|pm603q01t|pm923q01|pm923q03|pm995q01",15.5992870132906,124.967526068713,8.60708158454312,68.9522342511883,0.124826725022254,12.4826725022254,0,68.9522342511883,TRUE,"ok","ok","item_rest",0,0,0,0,0,0,0,0,0,0,0,0,0,0,0,1,0,0,0,1,0,0,0,0,0,1,1,0,0,1,0,0,0,0,0,0,0,0,0,0,0,0,0,0,0,0,0,1.37082364536879,0,0,0,1.49588225934354,0,0,0,0,0,1.75539915546177,1.51181899463805,0,0,2.47315752973098,0,0
"PISA0446",18,32,"(18,32)",0.5625,"pm00fq01|pm155q01|pm192q01t|pm305q01|pm411q01|pm411q02|pm423q01|pm442q02|pm474q01|pm496q01t|pm564q02|pm571q01|pm903q03|pm918q01|pm918q02|pm918q05|pm923q03|pm995q03",55.3585855804312,124.967526068713,30.5447205432995,68.9522342511883,0.442983768039005,44.2983768039005,0,68.9522342511883,TRUE,"ok","ok","item_rest",1,0,0,1,0,1,1,0,0,1,1,1,1,1,1,0,0,1,1,0,0,1,1,1,1,0,1,0,0,0,0,1,2.14097710825686,0,0,1.2942101262835,0,2.05942193849789,1.27673050543826,0,0,1.93071340341164,1.60594277149801,1.11464269391646,2.58139463965431,1.03016645367673,1.62787399540524,0,0,1.77401492798991,1.83236153892946,0,0,2.90064730427663,1,1.25755024269656,1.36924943576479,0,1.51181899463805,0,0,0,0,2.23700446296524
"PISA0456",12,32,"(12,32)",0.375,"pm033q01|pm155q01|pm155q04t|pm305q01|pm411q02|pm474q01|pm496q01t|pm564q02|pm918q01|pm918q02|pm918q05|pm923q03",28.907852103467,124.967526068713,15.9502316533095,68.9522342511883,0.231322912542672,23.1322912542672,0,68.9522342511883,TRUE,"ok","ok","item_rest",0,1,0,1,1,0,1,0,0,0,1,0,0,1,1,0,0,1,0,0,0,0,1,1,1,0,1,0,0,0,0,0,0,1.0000984769457,0,1.2942101262835,1.20257572297271,0,1.27673050543826,0,0,0,1.60594277149801,0,0,1.03016645367673,1.62787399540524,0,0,1.77401492798991,0,0,0,0,1,1.25755024269656,1.36924943576479,0,1.51181899463805,0,0,0,0,0
"PISA0458",18,32,"(18,32)",0.5625,"pm033q01|pm155q01|pm155q04t|pm192q01t|pm305q01|pm411q01|pm423q01|pm474q01|pm496q02|pm564q01|pm564q02|pm903q03|pm918q01|pm918q02|pm918q05|pm923q03|pm995q01|pm995q03",51.2133843269633,124.967526068713,28.257559255572,68.9522342511883,0.409813540669787,40.9813540669787,0,68.9522342511883,TRUE,"ok","ok","item_rest",0,1,0,1,1,1,1,0,0,1,0,1,0,1,0,1,1,1,0,0,0,1,1,1,1,0,1,0,0,1,0,1,0,1.0000984769457,0,1.2942101262835,1.20257572297271,2.05942193849789,1.27673050543826,0,0,1.93071340341164,0,1.11464269391646,0,1.03016645367673,0,1.37082364536879,1.45473339099819,1.77401492798991,0,0,0,2.90064730427663,1,1.25755024269656,1.36924943576479,0,1.51181899463805,0,0,2.47315752973098,0,2.23700446296524
"PISA0470",22,32,"(22,32)",0.6875,"pm033q01|pm155q01|pm155q04t|pm305q01|pm406q01|pm411q01|pm411q02|pm423q01|pm442q02|pm474q01|pm496q02|pm564q01|pm564q02|pm571q01|pm603q01t|pm803q01t|pm918q01|pm918q02|pm918q05|pm923q03|pm924q02|pm995q03",65.7508167382387,124.967526068713,36.2787506527828,68.9522342511883,0.526143221416463,52.6143221416464,0,68.9522342511883,TRUE,"ok","ok","item_rest",0,1,0,1,1,0,1,1,0,1,1,1,1,1,0,1,1,1,1,1,1,0,1,1,1,0,1,0,1,0,0,1,0,1.0000984769457,0,1.2942101262835,1.20257572297271,0,1.27673050543826,2.80811908860377,0,1.93071340341164,1.60594277149801,1.11464269391646,2.58139463965431,1.03016645367673,0,1.37082364536879,1.45473339099819,1.77401492798991,1.83236153892946,1.49588225934354,3.04332111700611,0,1,1.25755024269656,1.36924943576479,0,1.51181899463805,0,2.08739675468112,0,0,2.23700446296524
"PISA0496",5,32,"(5,32)",0.15625,"pm033q01|pm155q01|pm411q02|pm603q01t|pm918q05",12.2614327777194,124.967526068713,6.76538306983554,68.9522342511883,0.0981169521670568,9.81169521670568,0,68.9522342511883,TRUE,"ok","ok","item_rest",0,1,0,1,0,0,0,0,0,0,1,0,0,0,0,0,0,0,0,1,0,0,0,0,1,0,0,0,0,0,0,0,0,1.0000984769457,0,1.2942101262835,0,0,0,0,0,0,1.60594277149801,0,0,0,0,0,0,0,0,1.49588225934354,0,0,0,0,1.36924943576479,0,0,0,0,0,0,0
"PISA0504",6,32,"(6,32)",0.1875,"pm033q01|pm305q01|pm474q01|pm564q01|pm918q01|pm923q03",13.1824194950474,124.967526068713,7.27354782169691,68.9522342511883,0.105486760518881,10.5486760518881,0,68.9522342511883,TRUE,"ok","ok","item_rest",0,1,0,0,0,0,1,0,0,0,0,0,0,1,0,0,1,0,0,0,0,0,1,0,0,0,1,0,0,0,0,0,0,1.0000984769457,0,0,0,0,1.27673050543826,0,0,0,0,0,0,1.03016645367673,0,0,1.45473339099819,0,0,0,0,0,1,0,0,0,1.51181899463805,0,0,0,0,0
"PISA0549",9,32,"(9,32)",0.28125,"pm033q01|pm155q04t|pm423q01|pm474q01|pm496q02|pm918q01|pm918q02|pm923q01|pm995q03",21.6910150412439,124.967526068713,11.968260854004,68.9522342511883,0.173573213166732,17.3573213166732,0,68.9522342511883,TRUE,"ok","ok","item_rest",0,1,0,0,1,0,0,0,0,0,0,1,0,1,0,1,0,0,0,0,0,0,1,1,0,1,0,0,0,0,0,1,0,1.0000984769457,0,0,1.20257572297271,0,0,0,0,0,0,1.11464269391646,0,1.03016645367673,0,1.37082364536879,0,0,0,0,0,0,1,1.25755024269656,0,1.75539915546177,0,0,0,0,0,2.23700446296524
"PISA0569",15,32,"(15,32)",0.46875,"pm00fq01|pm033q01|pm155q01|pm155q04t|pm192q01t|pm305q01|pm411q01|pm496q01t|pm496q02|pm803q01t|pm918q01|pm918q02|pm918q05|pm923q01|pm995q01",44.950789663244,124.967526068713,24.8021024032408,68.9522342511883,0.359699764229371,35.9699764229371,0,68.9522342511883,TRUE,"ok","ok","item_rest",1,1,0,1,1,1,1,0,0,1,0,0,0,0,1,1,0,0,0,0,1,0,1,1,1,1,0,0,0,1,0,0,2.14097710825686,1.0000984769457,0,1.2942101262835,1.20257572297271,2.05942193849789,1.27673050543826,0,0,1.93071340341164,0,0,0,0,1.62787399540524,1.37082364536879,0,0,0,0,3.04332111700611,0,1,1.25755024269656,1.36924943576479,1.75539915546177,0,0,0,2.47315752973098,0,0
"PISA0586",15,32,"(15,32)",0.46875,"pm033q01|pm155q01|pm305q01|pm411q01|pm423q01|pm474q01|pm496q01t|pm496q02|pm571q01|pm803q01t|pm918q01|pm918q02|pm918q05|pm924q02|pm995q01",42.9683986387033,124.967526068713,23.7082959192554,68.9522342511883,0.343836514896495,34.3836514896495,0,68.9522342511883,TRUE,"ok","ok","item_rest",0,1,0,1,0,0,1,0,0,1,0,1,0,1,1,1,0,0,1,0,1,0,1,1,1,0,0,0,1,1,0,0,0,1.0000984769457,0,1.2942101262835,0,0,1.27673050543826,0,0,1.93071340341164,0,1.11464269391646,0,1.03016645367673,1.62787399540524,1.37082364536879,0,0,1.83236153892946,0,3.04332111700611,0,1,1.25755024269656,1.36924943576479,0,0,0,2.08739675468112,2.47315752973098,0,0
"PISA0620",22,32,"(22,32)",0.6875,"pm00fq01|pm033q01|pm155q01|pm155q04t|pm305q01|pm411q01|pm411q02|pm423q01|pm442q02|pm474q01|pm496q02|pm571q01|pm803q01t|pm903q03|pm918q01|pm918q02|pm918q05|pm923q01|pm923q03|pm923q04|pm924q02|pm995q01",72.7225945738267,124.967526068713,40.1255072749983,68.9522342511883,0.581931937532637,58.1931937532637,0,68.9522342511883,TRUE,"ok","ok","item_rest",1,1,0,1,1,0,1,0,0,1,1,1,1,1,0,1,0,0,1,0,1,1,1,1,1,1,1,1,1,1,0,0,2.14097710825686,1.0000984769457,0,1.2942101262835,1.20257572297271,0,1.27673050543826,0,0,1.93071340341164,1.60594277149801,1.11464269391646,2.58139463965431,1.03016645367673,0,1.37082364536879,0,0,1.83236153892946,0,3.04332111700611,2.90064730427663,1,1.25755024269656,1.36924943576479,1.75539915546177,1.51181899463805,4.34632965438984,2.08739675468112,2.47315752973098,0,0
"PISA0621",11,32,"(11,32)",0.34375,"pm033q01|pm034q01t|pm155q04t|pm423q01|pm496q02|pm564q02|pm603q01t|pm918q01|pm918q02|pm918q05|pm923q03",27.3023373272985,124.967526068713,15.06437086673,68.9522342511883,0.218475456674131,21.8475456674131,0,68.9522342511883,TRUE,"ok","ok","item_rest",0,1,1,0,1,0,0,0,0,0,0,1,0,0,0,1,0,1,0,1,0,0,1,1,1,0,1,0,0,0,0,0,0,1.0000984769457,1.96771446709354,0,1.20257572297271,0,0,0,0,0,0,1.11464269391646,0,0,0,1.37082364536879,0,1.77401492798991,0,1.49588225934354,0,0,1,1.25755024269656,1.36924943576479,0,1.51181899463805,0,0,0,0,0
"PISA0640",22,32,"(22,32)",0.6875,"pm00fq01|pm034q01t|pm155q01|pm192q01t|pm411q01|pm411q02|pm423q01|pm442q02|pm474q01|pm496q01t|pm496q02|pm564q01|pm564q02|pm603q01t|pm903q03|pm918q01|pm918q02|pm918q05|pm923q01|pm923q03|pm924q02|pm995q01",68.514658304615,124.967526068713,37.8037312386445,68.9522342511883,0.548259699619421,54.8259699619421,0,68.9522342511883,TRUE,"ok","ok","item_rest",1,0,1,1,0,1,0,0,0,1,1,1,1,1,1,1,1,1,0,1,0,1,1,1,1,1,1,0,1,1,0,0,2.14097710825686,0,1.96771446709354,1.2942101262835,0,2.05942193849789,0,0,0,1.93071340341164,1.60594277149801,1.11464269391646,2.58139463965431,1.03016645367673,1.62787399540524,1.37082364536879,1.45473339099819,1.77401492798991,0,1.49588225934354,0,2.90064730427663,1,1.25755024269656,1.36924943576479,1.75539915546177,1.51181899463805,0,2.08739675468112,2.47315752973098,0,0
"PISA0652",24,32,"(24,32)",0.75,"pm00fq01|pm033q01|pm034q01t|pm155q01|pm155q04t|pm305q01|pm411q01|pm411q02|pm423q01|pm442q02|pm474q01|pm496q01t|pm496q02|pm564q01|pm564q02|pm571q01|pm603q01t|pm903q03|pm918q01|pm918q02|pm918q05|pm923q04|pm924q02|pm995q03",75.9368957113073,124.967526068713,41.899033981957,68.9522342511883,0.607653028752073,60.7653028752073,0,68.9522342511883,TRUE,"ok","ok","item_rest",1,1,1,1,1,0,1,0,0,1,1,1,1,1,1,1,1,1,1,1,0,1,1,1,1,0,0,1,1,0,0,1,2.14097710825686,1.0000984769457,1.96771446709354,1.2942101262835,1.20257572297271,0,1.27673050543826,0,0,1.93071340341164,1.60594277149801,1.11464269391646,2.58139463965431,1.03016645367673,1.62787399540524,1.37082364536879,1.45473339099819,1.77401492798991,1.83236153892946,1.49588225934354,0,2.90064730427663,1,1.25755024269656,1.36924943576479,0,0,4.34632965438984,2.08739675468112,0,0,2.23700446296524
"PISA0671",19,32,"(19,32)",0.59375,"pm033q01|pm034q01t|pm155q01|pm155q04t|pm305q01|pm411q01|pm411q02|pm423q01|pm474q01|pm496q01t|pm496q02|pm571q01|pm603q01t|pm918q01|pm918q02|pm923q03|pm924q02|pm995q01|pm995q03",53.1328827568419,124.967526068713,29.3166640449955,68.9522342511883,0.425173518499733,42.5173518499733,0,68.9522342511883,TRUE,"ok","ok","item_rest",0,1,1,1,1,0,1,0,0,1,1,1,0,1,1,1,0,0,1,1,0,0,1,1,0,0,1,0,1,1,0,1,0,1.0000984769457,1.96771446709354,1.2942101262835,1.20257572297271,0,1.27673050543826,0,0,1.93071340341164,1.60594277149801,1.11464269391646,0,1.03016645367673,1.62787399540524,1.37082364536879,0,0,1.83236153892946,1.49588225934354,0,0,1,1.25755024269656,0,0,1.51181899463805,0,2.08739675468112,2.47315752973098,0,2.23700446296524
"PISA0683",22,32,"(22,32)",0.6875,"pm00fq01|pm033q01|pm155q01|pm192q01t|pm305q01|pm411q02|pm423q01|pm442q02|pm496q01t|pm496q02|pm564q01|pm564q02|pm571q01|pm903q03|pm918q01|pm918q02|pm918q05|pm923q01|pm923q03|pm924q02|pm995q01|pm995q03",68.3727824408259,124.967526068713,37.7254496393977,68.9522342511883,0.547124397767394,54.7124397767394,0,68.9522342511883,TRUE,"ok","ok","item_rest",1,1,0,1,0,1,1,0,0,0,1,1,1,0,1,1,1,1,1,0,0,1,1,1,1,1,1,0,1,1,0,1,2.14097710825686,1.0000984769457,0,1.2942101262835,0,2.05942193849789,1.27673050543826,0,0,0,1.60594277149801,1.11464269391646,2.58139463965431,0,1.62787399540524,1.37082364536879,1.45473339099819,1.77401492798991,1.83236153892946,0,0,2.90064730427663,1,1.25755024269656,1.36924943576479,1.75539915546177,1.51181899463805,0,2.08739675468112,2.47315752973098,0,2.23700446296524
"PISA0700",25,32,"(25,32)",0.78125,"pm00fq01|pm033q01|pm034q01t|pm155q01|pm155q04t|pm305q01|pm411q01|pm411q02|pm423q01|pm442q02|pm474q01|pm496q01t|pm496q02|pm564q01|pm564q02|pm571q01|pm603q01t|pm918q01|pm918q02|pm918q05|pm923q01|pm923q03|pm924q02|pm995q01|pm995q03",73.2063644002815,124.967526068713,40.3924327031213,68.9522342511883,0.585803101839665,58.5803101839665,0,68.9522342511883,TRUE,"ok","ok","item_rest",1,1,1,1,1,0,1,0,0,1,1,1,1,1,1,1,1,1,1,1,0,0,1,1,1,1,1,0,1,1,0,1,2.14097710825686,1.0000984769457,1.96771446709354,1.2942101262835,1.20257572297271,0,1.27673050543826,0,0,1.93071340341164,1.60594277149801,1.11464269391646,2.58139463965431,1.03016645367673,1.62787399540524,1.37082364536879,1.45473339099819,1.77401492798991,1.83236153892946,1.49588225934354,0,0,1,1.25755024269656,1.36924943576479,1.75539915546177,1.51181899463805,0,2.08739675468112,2.47315752973098,0,2.23700446296524
"PISA0704",12,32,"(12,32)",0.375,"pm033q01|pm034q01t|pm155q01|pm155q04t|pm305q01|pm423q01|pm442q02|pm496q02|pm564q02|pm918q01|pm918q02|pm995q01",33.1899242256126,124.967526068713,18.3129129780907,68.9522342511883,0.265588391398283,26.5588391398283,0,68.9522342511883,TRUE,"ok","ok","item_rest",0,1,1,1,1,0,1,0,0,0,0,1,1,0,0,1,0,1,0,0,0,0,1,1,0,0,0,0,0,1,0,0,0,1.0000984769457,1.96771446709354,1.2942101262835,1.20257572297271,0,1.27673050543826,0,0,0,0,1.11464269391646,2.58139463965431,0,0,1.37082364536879,0,1.77401492798991,0,0,0,0,1,1.25755024269656,0,0,0,0,0,2.47315752973098,0,0
"PISA0726",5,32,"(5,32)",0.15625,"pm033q01|pm155q01|pm155q04t|pm423q01|pm474q01",10.2248822523982,124.967526068713,5.6416934737951,68.9522342511883,0.0818203142372848,8.18203142372848,0,68.9522342511883,TRUE,"ok","ok","item_rest",0,1,0,1,1,0,0,0,0,0,0,1,0,1,0,0,0,0,0,0,0,0,0,0,0,0,0,0,0,0,0,0,0,1.0000984769457,0,1.2942101262835,1.20257572297271,0,0,0,0,0,0,1.11464269391646,0,1.03016645367673,0,0,0,0,0,0,0,0,0,0,0,0,0,0,0,0,0,0
"PISA0735",10,32,"(10,32)",0.3125,"pm033q01|pm034q01t|pm155q01|pm423q01|pm442q02|pm496q01t|pm603q01t|pm918q01|pm918q02|pm923q01",27.3574249071102,124.967526068713,15.0947660568006,68.9522342511883,0.218916271832634,21.8916271832634,0,68.9522342511883,TRUE,"ok","ok","item_rest",0,1,1,1,0,0,0,0,0,0,0,1,1,0,1,0,0,0,0,1,0,0,1,1,0,1,0,0,0,0,0,0,0,1.0000984769457,1.96771446709354,1.2942101262835,0,0,0,0,0,0,0,1.11464269391646,2.58139463965431,0,1.62787399540524,0,0,0,0,1.49588225934354,0,0,1,1.25755024269656,0,1.75539915546177,0,0,0,0,0,0
"PISA0745",11,32,"(11,32)",0.34375,"pm033q01|pm155q01|pm192q01t|pm423q01|pm474q01|pm496q02|pm571q01|pm603q01t|pm918q02|pm918q05|pm924q02",28.8382058760213,124.967526068713,15.9118035661045,68.9522342511883,0.230765597937536,23.0765597937536,0,68.9522342511883,TRUE,"ok","ok","item_rest",0,1,0,1,0,1,0,0,0,0,0,1,0,1,0,1,0,0,1,1,0,0,0,1,1,0,0,0,1,0,0,0,0,1.0000984769457,0,1.2942101262835,0,2.05942193849789,0,0,0,0,0,1.11464269391646,0,1.03016645367673,0,1.37082364536879,0,0,1.83236153892946,1.49588225934354,0,0,0,1.25755024269656,1.36924943576479,0,0,0,2.08739675468112,0,0,0
"PISA0763",29,32,"(29,32)",0.90625,"pm00fq01|pm033q01|pm034q01t|pm155q01|pm155q04t|pm192q01t|pm305q01|pm406q01|pm411q01|pm411q02|pm423q01|pm442q02|pm474q01|pm496q01t|pm496q02|pm564q01|pm564q02|pm571q01|pm603q01t|pm803q01t|pm903q03|pm918q01|pm918q02|pm918q05|pm923q01|pm923q03|pm924q02|pm995q01|pm995q03",92.8009084133326,124.967526068713,51.2039421515058,68.9522342511883,0.742600188486616,74.2600188486616,0,68.9522342511883,TRUE,"ok","ok","item_rest",1,1,1,1,1,1,1,1,0,1,1,1,1,1,1,1,1,1,1,1,1,1,1,1,1,1,1,0,1,1,0,1,2.14097710825686,1.0000984769457,1.96771446709354,1.2942101262835,1.20257572297271,2.05942193849789,1.27673050543826,2.80811908860377,0,1.93071340341164,1.60594277149801,1.11464269391646,2.58139463965431,1.03016645367673,1.62787399540524,1.37082364536879,1.45473339099819,1.77401492798991,1.83236153892946,1.49588225934354,3.04332111700611,2.90064730427663,1,1.25755024269656,1.36924943576479,1.75539915546177,1.51181899463805,0,2.08739675468112,2.47315752973098,0,2.23700446296524
"PISA0764",8,32,"(8,32)",0.25,"pm155q01|pm305q01|pm423q01|pm496q02|pm564q02|pm918q01|pm918q05|pm923q03",19.4132715424079,124.967526068713,10.7114903293998,68.9522342511883,0.1553465300396,15.53465300396,0,68.9522342511883,TRUE,"ok","ok","item_rest",0,0,0,1,0,0,1,0,0,0,0,1,0,0,0,1,0,1,0,0,0,0,1,0,1,0,1,0,0,0,0,0,0,0,0,1.2942101262835,0,0,1.27673050543826,0,0,0,0,1.11464269391646,0,0,0,1.37082364536879,0,1.77401492798991,0,0,0,0,1,0,1.36924943576479,0,1.51181899463805,0,0,0,0,0
"PISA0777",22,32,"(22,32)",0.6875,"pm00fq01|pm033q01|pm034q01t|pm155q04t|pm305q01|pm406q01|pm411q01|pm411q02|pm423q01|pm442q02|pm496q01t|pm496q02|pm564q01|pm564q02|pm571q01|pm603q01t|pm918q01|pm918q02|pm918q05|pm923q01|pm995q01|pm995q03",67.5599486220459,124.967526068713,37.2769594624457,68.9522342511883,0.540620037439951,54.0620037439951,0,68.9522342511883,TRUE,"ok","ok","item_rest",1,1,1,0,1,0,1,1,0,1,1,1,1,0,1,1,1,1,1,1,0,0,1,1,1,1,0,0,0,1,0,1,2.14097710825686,1.0000984769457,1.96771446709354,0,1.20257572297271,0,1.27673050543826,2.80811908860377,0,1.93071340341164,1.60594277149801,1.11464269391646,2.58139463965431,0,1.62787399540524,1.37082364536879,1.45473339099819,1.77401492798991,1.83236153892946,1.49588225934354,0,0,1,1.25755024269656,1.36924943576479,1.75539915546177,0,0,0,2.47315752973098,0,2.23700446296524
"PISA0804",24,32,"(24,32)",0.75,"pm00fq01|pm033q01|pm034q01t|pm155q01|pm155q04t|pm192q01t|pm305q01|pm411q02|pm423q01|pm442q02|pm496q01t|pm496q02|pm564q01|pm564q02|pm571q01|pm603q01t|pm803q01t|pm918q01|pm918q02|pm918q05|pm923q01|pm923q03|pm995q01|pm995q03",73.3050781954352,124.967526068713,40.4468991468559,68.9522342511883,0.586593017414208,58.6593017414208,0,68.9522342511883,TRUE,"ok","ok","item_rest",1,1,1,1,1,1,1,0,0,0,1,1,1,0,1,1,1,1,1,1,1,0,1,1,1,1,1,0,0,1,0,1,2.14097710825686,1.0000984769457,1.96771446709354,1.2942101262835,1.20257572297271,2.05942193849789,1.27673050543826,0,0,0,1.60594277149801,1.11464269391646,2.58139463965431,0,1.62787399540524,1.37082364536879,1.45473339099819,1.77401492798991,1.83236153892946,1.49588225934354,3.04332111700611,0,1,1.25755024269656,1.36924943576479,1.75539915546177,1.51181899463805,0,0,2.47315752973098,0,2.23700446296524
"PISA0811",7,32,"(7,32)",0.21875,"pm033q01|pm155q01|pm411q02|pm442q02|pm496q02|pm918q01|pm918q02",18.3231796537828,124.967526068713,10.1100199024469,68.9522342511883,0.146623528769449,14.6623528769449,0,68.9522342511883,TRUE,"ok","ok","item_rest",0,1,0,1,0,0,0,0,0,0,1,0,1,0,0,1,0,0,0,0,0,0,1,1,0,0,0,0,0,0,0,0,0,1.0000984769457,0,1.2942101262835,0,0,0,0,0,0,1.60594277149801,0,2.58139463965431,0,0,1.37082364536879,0,0,0,0,0,0,1,1.25755024269656,0,0,0,0,0,0,0,0
"PISA0815",5,32,"(5,32)",0.15625,"pm033q01|pm155q01|pm564q01|pm918q01|pm918q02",10.8862168152149,124.967526068713,6.00659223692395,68.9522342511883,0.0871123655695091,8.71123655695091,0,68.9522342511883,TRUE,"ok","ok","item_rest",0,1,0,1,0,0,0,0,0,0,0,0,0,0,0,0,1,0,0,0,0,0,1,1,0,0,0,0,0,0,0,0,0,1.0000984769457,0,1.2942101262835,0,0,0,0,0,0,0,0,0,0,0,0,1.45473339099819,0,0,0,0,0,1,1.25755024269656,0,0,0,0,0,0,0,0
"PISA0824",11,32,"(11,32)",0.34375,"pm033q01|pm034q01t|pm192q01t|pm305q01|pm406q01|pm411q01|pm411q02|pm474q01|pm918q02|pm918q05|pm923q01",32.7335546379914,124.967526068713,18.0611059390887,68.9522342511883,0.261936485963504,26.1936485963504,0,68.9522342511883,TRUE,"ok","ok","item_rest",0,1,1,0,0,1,1,1,0,1,1,0,0,1,0,0,0,0,0,0,0,0,0,1,1,1,0,0,0,0,0,0,0,1.0000984769457,1.96771446709354,0,0,2.05942193849789,1.27673050543826,2.80811908860377,0,1.93071340341164,1.60594277149801,0,0,1.03016645367673,0,0,0,0,0,0,0,0,0,1.25755024269656,1.36924943576479,1.75539915546177,0,0,0,0,0,0
"PISA0846",9,32,"(9,32)",0.28125,"pm033q01|pm155q01|pm423q01|pm474q01|pm496q01t|pm496q02|pm918q01|pm918q02|pm923q01",20.7531164567843,124.967526068713,11.4507647897547,68.9522342511883,0.166068074720253,16.6068074720253,0,68.9522342511883,TRUE,"ok","ok","item_rest",0,1,0,1,0,0,0,0,0,0,0,1,0,1,1,1,0,0,0,0,0,0,1,1,0,1,0,0,0,0,0,0,0,1.0000984769457,0,1.2942101262835,0,0,0,0,0,0,0,1.11464269391646,0,1.03016645367673,1.62787399540524,1.37082364536879,0,0,0,0,0,0,1,1.25755024269656,0,1.75539915546177,0,0,0,0,0,0
"PISA0848",24,32,"(24,32)",0.75,"pm00fq01|pm033q01|pm034q01t|pm155q01|pm155q04t|pm192q01t|pm411q01|pm411q02|pm423q01|pm442q02|pm474q01|pm496q02|pm564q01|pm564q02|pm571q01|pm603q01t|pm803q01t|pm903q03|pm918q01|pm918q02|pm918q05|pm923q01|pm924q02|pm995q01",75.6530068247445,124.967526068713,41.7423951044552,68.9522342511883,0.605381327491006,60.5381327491006,0,68.9522342511883,TRUE,"ok","ok","item_rest",1,1,1,1,1,1,0,0,0,1,1,1,1,1,0,1,1,1,1,1,1,1,1,1,1,1,0,0,1,1,0,0,2.14097710825686,1.0000984769457,1.96771446709354,1.2942101262835,1.20257572297271,2.05942193849789,0,0,0,1.93071340341164,1.60594277149801,1.11464269391646,2.58139463965431,1.03016645367673,0,1.37082364536879,1.45473339099819,1.77401492798991,1.83236153892946,1.49588225934354,3.04332111700611,2.90064730427663,1,1.25755024269656,1.36924943576479,1.75539915546177,0,0,2.08739675468112,2.47315752973098,0,0
"PISA0851",5,32,"(5,32)",0.15625,"pm474q01|pm496q01t|pm496q02|pm918q01|pm918q05",11.5958014712775,124.967526068713,6.39811353021555,68.9522342511883,0.0927905179534525,9.27905179534525,0,68.9522342511883,TRUE,"ok","ok","item_rest",0,0,0,0,0,0,0,0,0,0,0,0,0,1,1,1,0,0,0,0,0,0,1,0,1,0,0,0,0,0,0,0,0,0,0,0,0,0,0,0,0,0,0,0,0,1.03016645367673,1.62787399540524,1.37082364536879,0,0,0,0,0,0,1,0,1.36924943576479,0,0,0,0,0,0,0
"PISA0878",8,32,"(8,32)",0.25,"pm155q04t|pm411q01|pm411q02|pm496q02|pm564q01|pm803q01t|pm918q01|pm918q02",23.3174422212134,124.967526068713,12.865660293952,68.9522342511883,0.186588011739885,18.6588011739885,0,68.9522342511883,TRUE,"ok","ok","item_rest",0,0,0,0,1,0,0,0,0,1,1,0,0,0,0,1,1,0,0,0,1,0,1,1,0,0,0,0,0,0,0,0,0,0,0,0,1.20257572297271,0,0,0,0,1.93071340341164,1.60594277149801,0,0,0,0,1.37082364536879,1.45473339099819,0,0,0,3.04332111700611,0,1,1.25755024269656,0,0,0,0,0,0,0,0
"PISA0890",4,32,"(4,32)",0.125,"pm033q01|pm564q01|pm564q02|pm918q02",9.94342637905941,124.967526068713,5.48639703863035,68.9522342511883,0.0795680821399314,7.95680821399314,0,68.9522342511883,TRUE,"ok","ok","item_rest",0,1,0,0,0,0,0,0,0,0,0,0,0,0,0,0,1,1,0,0,0,0,0,1,0,0,0,0,0,0,0,0,0,1.0000984769457,0,0,0,0,0,0,0,0,0,0,0,0,0,0,1.45473339099819,1.77401492798991,0,0,0,0,0,1.25755024269656,0,0,0,0,0,0,0,0
"PISA0904",11,32,"(11,32)",0.34375,"pm033q01|pm155q01|pm155q04t|pm423q01|pm442q02|pm474q01|pm571q01|pm603q01t|pm918q01|pm918q02|pm923q01",28.2083641154788,124.967526068713,15.5642813098807,68.9522342511883,0.225725554493,22.5725554493,0,68.9522342511883,TRUE,"ok","ok","item_rest",0,1,0,1,1,0,0,0,0,0,0,1,1,1,0,0,0,0,1,1,0,0,1,1,0,1,0,0,0,0,0,0,0,1.0000984769457,0,1.2942101262835,1.20257572297271,0,0,0,0,0,0,1.11464269391646,2.58139463965431,1.03016645367673,0,0,0,0,1.83236153892946,1.49588225934354,0,0,1,1.25755024269656,0,1.75539915546177,0,0,0,0,0,0
"PISA0919",18,32,"(18,32)",0.5625,"pm033q01|pm155q01|pm192q01t|pm305q01|pm406q02|pm411q02|pm442q02|pm474q01|pm496q01t|pm564q01|pm564q02|pm803q01t|pm903q03|pm918q01|pm918q02|pm918q05|pm924q02|pm995q01",62.7393352329556,124.967526068713,34.6171319528877,68.9522342511883,0.502045108890596,50.2045108890596,0,68.9522342511883,TRUE,"ok","ok","item_rest",0,1,0,1,0,1,1,0,1,0,1,0,1,1,1,0,1,1,0,0,1,1,1,1,1,0,0,0,1,1,0,0,0,1.0000984769457,0,1.2942101262835,0,2.05942193849789,1.27673050543826,0,4.7812223423438,0,1.60594277149801,0,2.58139463965431,1.03016645367673,1.62787399540524,0,1.45473339099819,1.77401492798991,0,0,3.04332111700611,2.90064730427663,1,1.25755024269656,1.36924943576479,0,0,0,2.08739675468112,2.47315752973098,0,0
"PISA0934",11,32,"(11,32)",0.34375,"pm034q01t|pm155q01|pm155q04t|pm411q02|pm423q01|pm442q02|pm474q01|pm603q01t|pm918q01|pm918q05|pm995q03",30.6269859441235,124.967526068713,16.8987830331688,68.9522342511883,0.245079557126571,24.5079557126571,0,68.9522342511883,TRUE,"ok","ok","item_rest",0,0,1,1,1,0,0,0,0,0,1,1,1,1,0,0,0,0,0,1,0,0,1,0,1,0,0,0,0,0,0,1,0,0,1.96771446709354,1.2942101262835,1.20257572297271,0,0,0,0,0,1.60594277149801,1.11464269391646,2.58139463965431,1.03016645367673,0,0,0,0,0,1.49588225934354,0,0,1,0,1.36924943576479,0,0,0,0,0,0,2.23700446296524
"PISA0960",21,32,"(21,32)",0.65625,"pm034q01t|pm155q01|pm192q01t|pm305q01|pm411q01|pm411q02|pm423q01|pm442q02|pm474q01|pm496q01t|pm496q02|pm564q01|pm571q01|pm603q01t|pm803q01t|pm918q01|pm918q02|pm918q05|pm923q01|pm995q01|pm995q03",64.8437996004753,124.967526068713,35.778293773141,68.9522342511883,0.518885198742119,51.8885198742119,0,68.9522342511883,TRUE,"ok","ok","item_rest",0,0,1,1,0,1,1,0,0,1,1,1,1,1,1,1,1,0,1,1,1,0,1,1,1,1,0,0,0,1,0,1,0,0,1.96771446709354,1.2942101262835,0,2.05942193849789,1.27673050543826,0,0,1.93071340341164,1.60594277149801,1.11464269391646,2.58139463965431,1.03016645367673,1.62787399540524,1.37082364536879,1.45473339099819,0,1.83236153892946,1.49588225934354,3.04332111700611,0,1,1.25755024269656,1.36924943576479,1.75539915546177,0,0,0,2.47315752973098,0,2.23700446296524
"PISA0963",16,32,"(16,32)",0.5,"pm155q01|pm155q04t|pm411q02|pm423q01|pm442q02|pm474q01|pm496q01t|pm496q02|pm571q01|pm918q01|pm918q02|pm923q01|pm923q03|pm923q04|pm924q02|pm995q01",50.912682988776,124.967526068713,28.0916439193035,68.9522342511883,0.407407304844794,40.7407304844794,0,68.9522342511883,TRUE,"ok","ok","item_rest",0,0,0,1,1,0,0,0,0,0,1,1,1,1,1,1,0,0,1,0,0,0,1,1,0,1,1,1,1,1,0,0,0,0,0,1.2942101262835,1.20257572297271,0,0,0,0,0,1.60594277149801,1.11464269391646,2.58139463965431,1.03016645367673,1.62787399540524,1.37082364536879,0,0,1.83236153892946,0,0,0,1,1.25755024269656,0,1.75539915546177,1.51181899463805,4.34632965438984,2.08739675468112,2.47315752973098,0,0
"PISA0965",24,32,"(24,32)",0.75,"pm00fq01|pm033q01|pm034q01t|pm155q01|pm155q04t|pm192q01t|pm305q01|pm411q01|pm411q02|pm423q01|pm442q02|pm496q01t|pm496q02|pm564q01|pm564q02|pm571q01|pm903q03|pm918q02|pm918q05|pm923q01|pm923q03|pm924q02|pm995q01|pm995q03",75.8053519440687,124.967526068713,41.8264532328756,68.9522342511883,0.606600405151553,60.6600405151553,0,68.9522342511883,TRUE,"ok","ok","item_rest",1,1,1,1,1,1,1,0,0,1,1,1,1,0,1,1,1,1,1,0,0,1,0,1,1,1,1,0,1,1,0,1,2.14097710825686,1.0000984769457,1.96771446709354,1.2942101262835,1.20257572297271,2.05942193849789,1.27673050543826,0,0,1.93071340341164,1.60594277149801,1.11464269391646,2.58139463965431,0,1.62787399540524,1.37082364536879,1.45473339099819,1.77401492798991,1.83236153892946,0,0,2.90064730427663,0,1.25755024269656,1.36924943576479,1.75539915546177,1.51181899463805,0,2.08739675468112,2.47315752973098,0,2.23700446296524
"PISA0969",14,32,"(14,32)",0.4375,"pm033q01|pm155q01|pm411q01|pm411q02|pm423q01|pm474q01|pm496q01t|pm564q01|pm571q01|pm603q01t|pm803q01t|pm918q01|pm918q05|pm995q01",40.3659273477225,124.967526068713,22.2723531929103,68.9522342511883,0.323011334364796,32.3011334364796,0,68.9522342511883,TRUE,"ok","ok","item_rest",0,1,0,1,0,0,0,0,0,1,1,1,0,1,1,0,1,0,1,1,1,0,1,0,1,0,0,0,0,1,0,0,0,1.0000984769457,0,1.2942101262835,0,0,0,0,0,1.93071340341164,1.60594277149801,1.11464269391646,0,1.03016645367673,1.62787399540524,0,1.45473339099819,0,1.83236153892946,1.49588225934354,3.04332111700611,0,1,0,1.36924943576479,0,0,0,0,2.47315752973098,0,0
"PISA0986",3,32,"(3,32)",0.09375,"pm603q01t|pm918q01|pm918q05",7.00508041708795,124.967526068713,3.86513169510833,68.9522342511883,0.0560552059999668,5.60552059999668,0,68.9522342511883,TRUE,"ok","ok","item_rest",0,0,0,0,0,0,0,0,0,0,0,0,0,0,0,0,0,0,0,1,0,0,1,0,1,0,0,0,0,0,0,0,0,0,0,0,0,0,0,0,0,0,0,0,0,0,0,0,0,0,0,1.49588225934354,0,0,1,0,1.36924943576479,0,0,0,0,0,0,0
"PISA0989",7,32,"(7,32)",0.21875,"pm155q01|pm305q01|pm411q01|pm423q01|pm496q01t|pm918q01|pm918q02",17.2207119255124,124.967526068713,9.50172096715166,68.9522342511883,0.137801495054352,13.7801495054352,0,68.9522342511883,TRUE,"ok","ok","item_rest",0,0,0,1,0,0,1,0,0,1,0,1,0,0,1,0,0,0,0,0,0,0,1,1,0,0,0,0,0,0,0,0,0,0,0,1.2942101262835,0,0,1.27673050543826,0,0,1.93071340341164,0,1.11464269391646,0,0,1.62787399540524,0,0,0,0,0,0,0,1,1.25755024269656,0,0,0,0,0,0,0,0
"PISA1006",10,32,"(10,32)",0.3125,"pm155q01|pm155q04t|pm305q01|pm423q01|pm474q01|pm496q01t|pm496q02|pm571q01|pm918q01|pm918q02",23.5734852819067,124.967526068713,13.0069349246877,68.9522342511883,0.188636888506097,18.8636888506097,0,68.9522342511883,TRUE,"ok","ok","item_rest",0,0,0,1,1,0,1,0,0,0,0,1,0,1,1,1,0,0,1,0,0,0,1,1,0,0,0,0,0,0,0,0,0,0,0,1.2942101262835,1.20257572297271,0,1.27673050543826,0,0,0,0,1.11464269391646,0,1.03016645367673,1.62787399540524,1.37082364536879,0,0,1.83236153892946,0,0,0,1,1.25755024269656,0,0,0,0,0,0,0,0
"PISA1012",6,32,"(6,32)",0.1875,"pm00fq01|pm033q01|pm155q01|pm423q01|pm474q01|pm496q01t",14.8759438027391,124.967526068713,8.20796885448449,68.9522342511883,0.119038475600129,11.9038475600129,0,68.9522342511883,TRUE,"ok","ok","item_rest",1,1,0,1,0,0,0,0,0,0,0,1,0,1,1,0,0,0,0,0,0,0,0,0,0,0,0,0,0,0,0,0,2.14097710825686,1.0000984769457,0,1.2942101262835,0,0,0,0,0,0,0,1.11464269391646,0,1.03016645367673,1.62787399540524,0,0,0,0,0,0,0,0,0,0,0,0,0,0,0,0,0
"PISA1035",23,32,"(23,32)",0.71875,"pm033q01|pm034q01t|pm155q01|pm155q04t|pm192q01t|pm305q01|pm411q01|pm423q01|pm442q02|pm474q01|pm496q01t|pm496q02|pm564q01|pm564q02|pm571q01|pm803q01t|pm918q01|pm918q02|pm918q05|pm923q01|pm924q02|pm995q01|pm995q03",70.212536585336,124.967526068713,38.7405546248889,68.9522342511883,0.561846255536255,56.1846255536255,0,68.9522342511883,TRUE,"ok","ok","item_rest",0,1,1,1,1,1,1,0,0,1,0,1,1,1,1,1,1,1,1,0,1,0,1,1,1,1,0,0,1,1,0,1,0,1.0000984769457,1.96771446709354,1.2942101262835,1.20257572297271,2.05942193849789,1.27673050543826,0,0,1.93071340341164,0,1.11464269391646,2.58139463965431,1.03016645367673,1.62787399540524,1.37082364536879,1.45473339099819,1.77401492798991,1.83236153892946,0,3.04332111700611,0,1,1.25755024269656,1.36924943576479,1.75539915546177,0,0,2.08739675468112,2.47315752973098,0,2.23700446296524
"PISA1040",24,32,"(24,32)",0.75,"pm00fq01|pm033q01|pm155q01|pm305q01|pm406q01|pm411q01|pm411q02|pm423q01|pm442q02|pm474q01|pm496q01t|pm496q02|pm564q01|pm564q02|pm571q01|pm603q01t|pm803q01t|pm918q01|pm918q05|pm923q01|pm923q03|pm995q01|pm995q02|pm995q03",87.6273546366937,124.967526068713,48.3493758242362,68.9522342511883,0.701201003119097,70.1201003119097,0,68.9522342511883,TRUE,"ok","ok","item_rest",1,1,0,1,0,0,1,1,0,1,1,1,1,1,1,1,1,1,1,1,1,0,1,0,1,1,1,0,0,1,1,1,2.14097710825686,1.0000984769457,0,1.2942101262835,0,0,1.27673050543826,2.80811908860377,0,1.93071340341164,1.60594277149801,1.11464269391646,2.58139463965431,1.03016645367673,1.62787399540524,1.37082364536879,1.45473339099819,1.77401492798991,1.83236153892946,1.49588225934354,3.04332111700611,0,1,0,1.36924943576479,1.75539915546177,1.51181899463805,0,0,2.47315752973098,8.62074010294895,2.23700446296524
"PISA1047",7,32,"(7,32)",0.21875,"pm034q01t|pm192q01t|pm474q01|pm496q02|pm571q01|pm918q01|pm918q05",19.2651044593092,124.967526068713,10.6297374793312,68.9522342511883,0.154160885354458,15.4160885354458,0,68.9522342511883,TRUE,"ok","ok","item_rest",0,0,1,0,0,1,0,0,0,0,0,0,0,1,0,1,0,0,1,0,0,0,1,0,1,0,0,0,0,0,0,0,0,0,1.96771446709354,0,0,2.05942193849789,0,0,0,0,0,0,0,1.03016645367673,0,1.37082364536879,0,0,1.83236153892946,0,0,0,1,0,1.36924943576479,0,0,0,0,0,0,0
"PISA1061",13,32,"(13,32)",0.40625,"pm00fq01|pm033q01|pm155q01|pm155q04t|pm305q01|pm406q01|pm423q01|pm474q01|pm496q02|pm603q01t|pm918q01|pm923q01|pm924q02",35.4809678405679,124.967526068713,19.5770219909492,68.9522342511883,0.283921503103604,28.3921503103604,0,68.9522342511883,TRUE,"ok","ok","item_rest",1,1,0,1,1,0,1,1,0,0,0,1,0,1,0,1,0,0,0,1,0,0,1,0,0,1,0,0,1,0,0,0,2.14097710825686,1.0000984769457,0,1.2942101262835,1.20257572297271,0,1.27673050543826,2.80811908860377,0,0,0,1.11464269391646,0,1.03016645367673,0,1.37082364536879,0,0,0,1.49588225934354,0,0,1,0,0,1.75539915546177,0,0,2.08739675468112,0,0,0
"PISA1064",24,32,"(24,32)",0.75,"pm00fq01|pm033q01|pm034q01t|pm155q01|pm155q04t|pm192q01t|pm305q01|pm406q01|pm411q01|pm411q02|pm423q01|pm442q02|pm474q01|pm496q01t|pm803q01t|pm903q03|pm918q01|pm918q02|pm918q05|pm923q01|pm923q03|pm924q02|pm995q01|pm995q03",78.4327079664075,124.967526068713,43.2761263888759,68.9522342511883,0.627624715266279,62.7624715266279,0,68.9522342511883,TRUE,"ok","ok","item_rest",1,1,1,1,1,1,1,1,0,1,1,1,1,1,1,0,0,0,0,0,1,1,1,1,1,1,1,0,1,1,0,1,2.14097710825686,1.0000984769457,1.96771446709354,1.2942101262835,1.20257572297271,2.05942193849789,1.27673050543826,2.80811908860377,0,1.93071340341164,1.60594277149801,1.11464269391646,2.58139463965431,1.03016645367673,1.62787399540524,0,0,0,0,0,3.04332111700611,2.90064730427663,1,1.25755024269656,1.36924943576479,1.75539915546177,1.51181899463805,0,2.08739675468112,2.47315752973098,0,2.23700446296524
"PISA1074",21,32,"(21,32)",0.65625,"pm00fq01|pm033q01|pm034q01t|pm155q01|pm155q04t|pm192q01t|pm305q01|pm411q01|pm411q02|pm423q01|pm442q02|pm496q01t|pm571q01|pm603q01t|pm903q03|pm918q01|pm918q02|pm918q05|pm923q01|pm923q03|pm924q02",63.4560756818975,124.967526068713,35.012601535166,68.9522342511883,0.507780522493549,50.778052249355,0,68.9522342511883,TRUE,"ok","ok","item_rest",1,1,1,1,1,1,1,0,0,1,1,1,1,0,1,0,0,0,1,1,0,1,1,1,1,1,1,0,1,0,0,0,2.14097710825686,1.0000984769457,1.96771446709354,1.2942101262835,1.20257572297271,2.05942193849789,1.27673050543826,0,0,1.93071340341164,1.60594277149801,1.11464269391646,2.58139463965431,0,1.62787399540524,0,0,0,1.83236153892946,1.49588225934354,0,2.90064730427663,1,1.25755024269656,1.36924943576479,1.75539915546177,1.51181899463805,0,2.08739675468112,0,0,0
"PISA1086",8,32,"(8,32)",0.25,"pm00fq01|pm155q01|pm423q01|pm496q01t|pm496q02|pm918q01|pm918q05|pm923q01",21.1562099760604,124.967526068713,11.6731761604574,68.9522342511883,0.169293660854162,16.9293660854162,0,68.9522342511883,TRUE,"ok","ok","item_rest",1,0,0,1,0,0,0,0,0,0,0,1,0,0,1,1,0,0,0,0,0,0,1,0,1,1,0,0,0,0,0,0,2.14097710825686,0,0,1.2942101262835,0,0,0,0,0,0,0,1.11464269391646,0,0,1.62787399540524,1.37082364536879,0,0,0,0,0,0,1,0,1.36924943576479,1.75539915546177,0,0,0,0,0,0
"PISA1094",4,32,"(4,32)",0.125,"pm305q01|pm474q01|pm603q01t|pm918q01",8.70445234593172,124.967526068713,4.80277921845852,68.9522342511883,0.0696537142068859,6.96537142068859,0,68.9522342511883,TRUE,"ok","ok","item_rest",0,0,0,0,0,0,1,0,0,0,0,0,0,1,0,0,0,0,0,1,0,0,1,0,0,0,0,0,0,0,0,0,0,0,0,0,0,0,1.27673050543826,0,0,0,0,0,0,1.03016645367673,0,0,0,0,0,1.49588225934354,0,0,1,0,0,0,0,0,0,0,0,0
"PISA1117",5,32,"(5,32)",0.15625,"pm033q01|pm192q01t|pm411q02|pm564q01|pm923q03",13.8320986314741,124.967526068713,7.63201557257783,68.9522342511883,0.11068554420985,11.068554420985,0,68.9522342511883,TRUE,"ok","ok","item_rest",0,1,0,0,0,1,0,0,0,0,1,0,0,0,0,0,1,0,0,0,0,0,0,0,0,0,1,0,0,0,0,0,0,1.0000984769457,0,0,0,2.05942193849789,0,0,0,0,1.60594277149801,0,0,0,0,0,1.45473339099819,0,0,0,0,0,0,0,0,0,1.51181899463805,0,0,0,0,0
"PISA1156",10,32,"(10,32)",0.3125,"pm00fq01|pm033q01|pm155q01|pm192q01t|pm411q02|pm496q01t|pm571q01|pm603q01t|pm918q01|pm918q05",27.9577780743947,124.967526068713,15.426017650925,68.9522342511883,0.223720345228105,22.3720345228105,0,68.9522342511883,TRUE,"ok","ok","item_rest",1,1,0,1,0,1,0,0,0,0,1,0,0,0,1,0,0,0,1,1,0,0,1,0,1,0,0,0,0,0,0,0,2.14097710825686,1.0000984769457,0,1.2942101262835,0,2.05942193849789,0,0,0,0,1.60594277149801,0,0,0,1.62787399540524,0,0,0,1.83236153892946,1.49588225934354,0,0,1,0,1.36924943576479,0,0,0,0,0,0,0
"PISA1166",16,32,"(16,32)",0.5,"pm033q01|pm155q01|pm155q04t|pm406q02|pm411q01|pm496q01t|pm496q02|pm571q01|pm803q01t|pm903q03|pm918q01|pm918q02|pm918q05|pm924q02|pm995q01|pm995q03",56.9235479755821,124.967526068713,31.4082060987823,68.9522342511883,0.455506720556209,45.5506720556209,0,68.9522342511883,TRUE,"ok","ok","item_rest",0,1,0,1,1,0,0,0,1,1,0,0,0,0,1,1,0,0,1,0,1,1,1,1,1,0,0,0,1,1,0,1,0,1.0000984769457,0,1.2942101262835,1.20257572297271,0,0,0,4.7812223423438,1.93071340341164,0,0,0,0,1.62787399540524,1.37082364536879,0,0,1.83236153892946,0,3.04332111700611,2.90064730427663,1,1.25755024269656,1.36924943576479,0,0,0,2.08739675468112,2.47315752973098,0,2.23700446296524
"PISA1182",24,32,"(24,32)",0.75,"pm00fq01|pm033q01|pm034q01t|pm155q01|pm155q04t|pm305q01|pm406q01|pm406q02|pm411q02|pm423q01|pm442q02|pm474q01|pm564q01|pm571q01|pm803q01t|pm903q03|pm918q01|pm918q02|pm918q05|pm923q01|pm923q03|pm924q02|pm995q01|pm995q03",82.8735926464104,124.967526068713,45.7264343238325,68.9522342511883,0.663161024735678,66.3161024735678,0,68.9522342511883,TRUE,"ok","ok","item_rest",1,1,1,1,1,0,1,1,1,0,1,1,1,1,0,0,1,0,1,0,1,1,1,1,1,1,1,0,1,1,0,1,2.14097710825686,1.0000984769457,1.96771446709354,1.2942101262835,1.20257572297271,0,1.27673050543826,2.80811908860377,4.7812223423438,0,1.60594277149801,1.11464269391646,2.58139463965431,1.03016645367673,0,0,1.45473339099819,0,1.83236153892946,0,3.04332111700611,2.90064730427663,1,1.25755024269656,1.36924943576479,1.75539915546177,1.51181899463805,0,2.08739675468112,2.47315752973098,0,2.23700446296524
"PISA1184",11,32,"(11,32)",0.34375,"pm00fq01|pm033q01|pm423q01|pm474q01|pm564q02|pm918q01|pm918q02|pm918q05|pm923q01|pm923q03|pm995q01",29.7720726235051,124.967526068713,16.4270750190778,68.9522342511883,0.238238473306537,23.8238473306537,0,68.9522342511883,TRUE,"ok","ok","item_rest",1,1,0,0,0,0,0,0,0,0,0,1,0,1,0,0,0,1,0,0,0,0,1,1,1,1,1,0,0,1,0,0,2.14097710825686,1.0000984769457,0,0,0,0,0,0,0,0,0,1.11464269391646,0,1.03016645367673,0,0,0,1.77401492798991,0,0,0,0,1,1.25755024269656,1.36924943576479,1.75539915546177,1.51181899463805,0,0,2.47315752973098,0,0
"PISA1196",15,32,"(15,32)",0.46875,"pm033q01|pm155q01|pm305q01|pm411q02|pm423q01|pm442q02|pm496q02|pm603q01t|pm803q01t|pm918q01|pm918q02|pm918q05|pm923q03|pm924q02|pm995q01",44.3710403069967,124.967526068713,24.4822191929662,68.9522342511883,0.355060564154877,35.5060564154877,0,68.9522342511883,TRUE,"ok","ok","item_rest",0,1,0,1,0,0,1,0,0,0,1,1,1,0,0,1,0,0,0,1,1,0,1,1,1,0,1,0,1,1,0,0,0,1.0000984769457,0,1.2942101262835,0,0,1.27673050543826,0,0,0,1.60594277149801,1.11464269391646,2.58139463965431,0,0,1.37082364536879,0,0,0,1.49588225934354,3.04332111700611,0,1,1.25755024269656,1.36924943576479,0,1.51181899463805,0,2.08739675468112,2.47315752973098,0,0
"PISA1211",2,32,"(2,32)",0.0625,"pm474q01|pm918q02",4.14620786398857,124.967526068713,2.28771669637329,68.9522342511883,0.0331782823459975,3.31782823459975,0,68.9522342511883,TRUE,"ok","ok","item_rest",0,0,0,0,0,0,0,0,0,0,0,0,0,1,0,0,0,0,0,0,0,0,0,1,0,0,0,0,0,0,0,0,0,0,0,0,0,0,0,0,0,0,0,0,0,1.03016645367673,0,0,0,0,0,0,0,0,0,1.25755024269656,0,0,0,0,0,0,0,0
"PISA1213",14,32,"(14,32)",0.4375,"pm033q01|pm155q01|pm155q04t|pm305q01|pm411q01|pm423q01|pm496q01t|pm496q02|pm564q01|pm918q01|pm918q02|pm918q05|pm923q03|pm995q01",36.0376509912463,124.967526068713,19.8841781635709,68.9522342511883,0.288376125581865,28.8376125581865,0,68.9522342511883,TRUE,"ok","ok","item_rest",0,1,0,1,1,0,1,0,0,1,0,1,0,0,1,1,1,0,0,0,0,0,1,1,1,0,1,0,0,1,0,0,0,1.0000984769457,0,1.2942101262835,1.20257572297271,0,1.27673050543826,0,0,1.93071340341164,0,1.11464269391646,0,0,1.62787399540524,1.37082364536879,1.45473339099819,0,0,0,0,0,1,1.25755024269656,1.36924943576479,0,1.51181899463805,0,0,2.47315752973098,0,0
"PISA1227",20,32,"(20,32)",0.625,"pm00fq01|pm033q01|pm155q01|pm155q04t|pm192q01t|pm305q01|pm411q01|pm411q02|pm423q01|pm442q02|pm496q01t|pm496q02|pm571q01|pm603q01t|pm918q01|pm918q02|pm918q05|pm923q03|pm924q02|pm995q01",58.4180634642748,124.967526068713,32.2328217834339,68.9522342511883,0.467465951371668,46.7465951371668,0,68.9522342511883,TRUE,"ok","ok","item_rest",1,1,0,1,1,1,1,0,0,1,1,1,1,0,1,1,0,0,1,1,0,0,1,1,1,0,1,0,1,1,0,0,2.14097710825686,1.0000984769457,0,1.2942101262835,1.20257572297271,2.05942193849789,1.27673050543826,0,0,1.93071340341164,1.60594277149801,1.11464269391646,2.58139463965431,0,1.62787399540524,1.37082364536879,0,0,1.83236153892946,1.49588225934354,0,0,1,1.25755024269656,1.36924943576479,0,1.51181899463805,0,2.08739675468112,2.47315752973098,0,0
"PISA1239",18,32,"(18,32)",0.5625,"pm00fq01|pm033q01|pm155q04t|pm192q01t|pm305q01|pm411q01|pm411q02|pm423q01|pm474q01|pm603q01t|pm803q01t|pm903q03|pm918q01|pm918q02|pm918q05|pm923q01|pm923q03|pm995q01",54.6763603383027,124.967526068713,30.1682951135327,68.9522342511883,0.437524547843245,43.7524547843245,0,68.9522342511883,TRUE,"ok","ok","item_rest",1,1,0,0,1,1,1,0,0,1,1,1,0,1,0,0,0,0,0,1,1,1,1,1,1,1,1,0,0,1,0,0,2.14097710825686,1.0000984769457,0,0,1.20257572297271,2.05942193849789,1.27673050543826,0,0,1.93071340341164,1.60594277149801,1.11464269391646,0,1.03016645367673,0,0,0,0,0,1.49588225934354,3.04332111700611,2.90064730427663,1,1.25755024269656,1.36924943576479,1.75539915546177,1.51181899463805,0,0,2.47315752973098,0,0
"PISA1240",6,32,"(6,32)",0.1875,"pm155q01|pm192q01t|pm411q02|pm571q01|pm918q01|pm995q03",18.1762337253706,124.967526068713,10.0289408381741,68.9522342511883,0.145447655860423,14.5447655860423,0,68.9522342511883,TRUE,"ok","ok","item_rest",0,0,0,1,0,1,0,0,0,0,1,0,0,0,0,0,0,0,1,0,0,0,1,0,0,0,0,0,0,0,0,1,0,0,0,1.2942101262835,0,2.05942193849789,0,0,0,0,1.60594277149801,0,0,0,0,0,0,0,1.83236153892946,0,0,0,1,0,0,0,0,0,0,0,0,2.23700446296524
"PISA1248",12,32,"(12,32)",0.375,"pm00fq01|pm033q01|pm155q01|pm305q01|pm411q01|pm496q02|pm903q03|pm918q01|pm918q02|pm918q05|pm924q02|pm995q01",36.4316191837236,124.967526068713,20.1015545328548,68.9522342511883,0.291528690131,29.1528690131001,0,68.9522342511883,TRUE,"ok","ok","item_rest",1,1,0,1,0,0,1,0,0,1,0,0,0,0,0,1,0,0,0,0,0,1,1,1,1,0,0,0,1,1,0,0,2.14097710825686,1.0000984769457,0,1.2942101262835,0,0,1.27673050543826,0,0,1.93071340341164,0,0,0,0,0,1.37082364536879,0,0,0,0,0,2.90064730427663,1,1.25755024269656,1.36924943576479,0,0,0,2.08739675468112,2.47315752973098,0,0
"PISA1263",17,32,"(17,32)",0.53125,"pm033q01|pm034q01t|pm155q04t|pm406q01|pm411q01|pm411q02|pm423q01|pm442q02|pm474q01|pm564q01|pm564q02|pm918q01|pm918q02|pm918q05|pm924q02|pm995q01|pm995q03",52.367715562233,124.967526068713,28.8944744625996,68.9522342511883,0.419050590258454,41.9050590258454,0,68.9522342511883,TRUE,"ok","ok","item_rest",0,1,1,0,1,0,0,1,0,1,1,1,1,1,0,0,1,1,0,0,0,0,1,1,1,0,0,0,1,1,0,1,0,1.0000984769457,1.96771446709354,0,1.20257572297271,0,0,2.80811908860377,0,1.93071340341164,1.60594277149801,1.11464269391646,2.58139463965431,1.03016645367673,0,0,1.45473339099819,1.77401492798991,0,0,0,0,1,1.25755024269656,1.36924943576479,0,0,0,2.08739675468112,2.47315752973098,0,2.23700446296524
"PISA1267",13,32,"(13,32)",0.40625,"pm033q01|pm155q01|pm192q01t|pm406q01|pm496q01t|pm564q01|pm564q02|pm571q01|pm603q01t|pm918q01|pm918q02|pm918q05|pm923q03",37.1271734769891,124.967526068713,20.4853344160966,68.9522342511883,0.297094570445243,29.7094570445243,0,68.9522342511883,TRUE,"ok","ok","item_rest",0,1,0,1,0,1,0,1,0,0,0,0,0,0,1,0,1,1,1,1,0,0,1,1,1,0,1,0,0,0,0,0,0,1.0000984769457,0,1.2942101262835,0,2.05942193849789,0,2.80811908860377,0,0,0,0,0,0,1.62787399540524,0,1.45473339099819,1.77401492798991,1.83236153892946,1.49588225934354,0,0,1,1.25755024269656,1.36924943576479,0,1.51181899463805,0,0,0,0,0
"PISA1275",13,32,"(13,32)",0.40625,"pm033q01|pm155q01|pm192q01t|pm305q01|pm411q01|pm411q02|pm423q01|pm474q01|pm918q02|pm918q05|pm923q01|pm924q02|pm995q01",36.7091395140235,124.967526068713,20.2546794880034,68.9522342511883,0.293749429702553,29.3749429702553,0,68.9522342511883,TRUE,"ok","ok","item_rest",0,1,0,1,0,1,1,0,0,1,1,1,0,1,0,0,0,0,0,0,0,0,0,1,1,1,0,0,1,1,0,0,0,1.0000984769457,0,1.2942101262835,0,2.05942193849789,1.27673050543826,0,0,1.93071340341164,1.60594277149801,1.11464269391646,0,1.03016645367673,0,0,0,0,0,0,0,0,0,1.25755024269656,1.36924943576479,1.75539915546177,0,0,2.08739675468112,2.47315752973098,0,0
"PISA1283",23,32,"(23,32)",0.71875,"pm00fq01|pm033q01|pm034q01t|pm155q01|pm192q01t|pm305q01|pm406q01|pm406q02|pm411q01|pm423q01|pm496q01t|pm564q01|pm564q02|pm603q01t|pm803q01t|pm918q01|pm918q02|pm918q05|pm923q01|pm923q03|pm924q02|pm995q01|pm995q03",78.7682263445419,124.967526068713,43.4612524174729,68.9522342511883,0.630309559791007,63.0309559791007,0,68.9522342511883,TRUE,"ok","ok","item_rest",1,1,1,1,0,1,1,1,1,1,0,1,0,0,1,0,1,1,0,1,1,0,1,1,1,1,1,0,1,1,0,1,2.14097710825686,1.0000984769457,1.96771446709354,1.2942101262835,0,2.05942193849789,1.27673050543826,2.80811908860377,4.7812223423438,1.93071340341164,0,1.11464269391646,0,0,1.62787399540524,0,1.45473339099819,1.77401492798991,0,1.49588225934354,3.04332111700611,0,1,1.25755024269656,1.36924943576479,1.75539915546177,1.51181899463805,0,2.08739675468112,2.47315752973098,0,2.23700446296524
"PISA1311",5,32,"(5,32)",0.15625,"pm423q01|pm474q01|pm496q02|pm918q02|pm923q01",11.8322600278396,124.967526068713,6.52858219112031,68.9522342511883,0.0946826779729446,9.46826779729446,0,68.9522342511883,TRUE,"ok","ok","item_rest",0,0,0,0,0,0,0,0,0,0,0,1,0,1,0,1,0,0,0,0,0,0,0,1,0,1,0,0,0,0,0,0,0,0,0,0,0,0,0,0,0,0,0,1.11464269391646,0,1.03016645367673,0,1.37082364536879,0,0,0,0,0,0,0,1.25755024269656,0,1.75539915546177,0,0,0,0,0,0
"PISA1328",23,32,"(23,32)",0.71875,"pm033q01|pm034q01t|pm155q01|pm155q04t|pm305q01|pm406q01|pm406q02|pm411q01|pm411q02|pm423q01|pm442q02|pm474q01|pm496q01t|pm496q02|pm564q01|pm564q02|pm571q01|pm603q01t|pm803q01t|pm918q01|pm918q05|pm923q01|pm924q02",75.0407706230184,124.967526068713,41.4045869127873,68.9522342511883,0.600482165116698,60.0482165116698,0,68.9522342511883,TRUE,"ok","ok","item_rest",0,1,1,1,1,0,1,1,1,1,1,1,1,1,1,1,1,1,1,1,1,0,1,0,1,1,0,0,1,0,0,0,0,1.0000984769457,1.96771446709354,1.2942101262835,1.20257572297271,0,1.27673050543826,2.80811908860377,4.7812223423438,1.93071340341164,1.60594277149801,1.11464269391646,2.58139463965431,1.03016645367673,1.62787399540524,1.37082364536879,1.45473339099819,1.77401492798991,1.83236153892946,1.49588225934354,3.04332111700611,0,1,0,1.36924943576479,1.75539915546177,0,0,2.08739675468112,0,0,0
"PISA1331",18,32,"(18,32)",0.5625,"pm00fq01|pm033q01|pm155q01|pm155q04t|pm192q01t|pm305q01|pm411q02|pm423q01|pm442q02|pm474q01|pm496q02|pm571q01|pm603q01t|pm803q01t|pm918q01|pm918q02|pm995q01|pm995q03",54.4008174481775,124.967526068713,30.0162612331811,68.9522342511883,0.435319631903934,43.5319631903934,0,68.9522342511883,TRUE,"ok","ok","item_rest",1,1,0,1,1,1,1,0,0,0,1,1,1,1,0,1,0,0,1,1,1,0,1,1,0,0,0,0,0,1,0,1,2.14097710825686,1.0000984769457,0,1.2942101262835,1.20257572297271,2.05942193849789,1.27673050543826,0,0,0,1.60594277149801,1.11464269391646,2.58139463965431,1.03016645367673,0,1.37082364536879,0,0,1.83236153892946,1.49588225934354,3.04332111700611,0,1,1.25755024269656,0,0,0,0,0,2.47315752973098,0,2.23700446296524
"PISA1354",6,32,"(6,32)",0.1875,"pm033q01|pm305q01|pm423q01|pm474q01|pm603q01t|pm918q01",12.5371631386751,124.967526068713,6.91752038932068,68.9522342511883,0.10032336826274,10.032336826274,0,68.9522342511883,TRUE,"ok","ok","item_rest",0,1,0,0,0,0,1,0,0,0,0,1,0,1,0,0,0,0,0,1,0,0,1,0,0,0,0,0,0,0,0,0,0,1.0000984769457,0,0,0,0,1.27673050543826,0,0,0,0,1.11464269391646,0,1.03016645367673,0,0,0,0,0,1.49588225934354,0,0,1,0,0,0,0,0,0,0,0,0
"PISA1369",13,32,"(13,32)",0.40625,"pm00fq01|pm155q01|pm192q01t|pm411q02|pm474q01|pm496q01t|pm496q02|pm603q01t|pm918q01|pm918q02|pm918q05|pm923q01|pm995q03",36.690693323038,124.967526068713,20.2445015952189,68.9522342511883,0.293601821827405,29.3601821827405,0,68.9522342511883,TRUE,"ok","ok","item_rest",1,0,0,1,0,1,0,0,0,0,1,0,0,1,1,1,0,0,0,1,0,0,1,1,1,1,0,0,0,0,0,1,2.14097710825686,0,0,1.2942101262835,0,2.05942193849789,0,0,0,0,1.60594277149801,0,0,1.03016645367673,1.62787399540524,1.37082364536879,0,0,0,1.49588225934354,0,0,1,1.25755024269656,1.36924943576479,1.75539915546177,0,0,0,0,0,2.23700446296524
"PISA1384",2,32,"(2,32)",0.0625,"pm033q01|pm923q01",4.99400383395442,124.967526068713,2.75549763240746,68.9522342511883,0.0399624125647528,3.99624125647528,0,68.9522342511883,TRUE,"ok","ok","item_rest",0,1,0,0,0,0,0,0,0,0,0,0,0,0,0,0,0,0,0,0,0,0,0,0,0,1,0,0,0,0,0,0,0,1.0000984769457,0,0,0,0,0,0,0,0,0,0,0,0,0,0,0,0,0,0,0,0,0,0,0,1.75539915546177,0,0,0,0,0,0
"PISA1388",12,32,"(12,32)",0.375,"pm00fq01|pm033q01|pm155q04t|pm192q01t|pm411q01|pm423q01|pm474q01|pm496q02|pm918q01|pm918q02|pm918q05|pm995q03",32.103060242975,124.967526068713,17.7132235844734,68.9522342511883,0.256891220086434,25.6891220086434,0,68.9522342511883,TRUE,"ok","ok","item_rest",1,1,0,0,1,1,0,0,0,1,0,1,0,1,0,1,0,0,0,0,0,0,1,1,1,0,0,0,0,0,0,1,2.14097710825686,1.0000984769457,0,0,1.20257572297271,2.05942193849789,0,0,0,1.93071340341164,0,1.11464269391646,0,1.03016645367673,0,1.37082364536879,0,0,0,0,0,0,1,1.25755024269656,1.36924943576479,0,0,0,0,0,0,2.23700446296524
"PISA1404",23,32,"(23,32)",0.71875,"pm033q01|pm034q01t|pm155q04t|pm192q01t|pm406q01|pm406q02|pm411q02|pm423q01|pm442q02|pm474q01|pm496q01t|pm496q02|pm564q01|pm564q02|pm603q01t|pm918q01|pm918q02|pm918q05|pm923q01|pm923q03|pm924q02|pm995q01|pm995q03",75.3336808032239,124.967526068713,41.5662033902471,68.9522342511883,0.602826055481019,60.2826055481019,0,68.9522342511883,TRUE,"ok","ok","item_rest",0,1,1,0,1,1,0,1,1,0,1,1,1,1,1,1,1,1,0,1,0,0,1,1,1,1,1,0,1,1,0,1,0,1.0000984769457,1.96771446709354,0,1.20257572297271,2.05942193849789,0,2.80811908860377,4.7812223423438,0,1.60594277149801,1.11464269391646,2.58139463965431,1.03016645367673,1.62787399540524,1.37082364536879,1.45473339099819,1.77401492798991,0,1.49588225934354,0,0,1,1.25755024269656,1.36924943576479,1.75539915546177,1.51181899463805,0,2.08739675468112,2.47315752973098,0,2.23700446296524
"PISA1423",10,32,"(10,32)",0.3125,"pm00fq01|pm033q01|pm155q01|pm155q04t|pm305q01|pm423q01|pm474q01|pm496q02|pm603q01t|pm918q01",23.4269944992712,124.967526068713,12.9261069922025,68.9522342511883,0.187464657709475,18.7464657709475,0,68.9522342511883,TRUE,"ok","ok","item_rest",1,1,0,1,1,0,1,0,0,0,0,1,0,1,0,1,0,0,0,1,0,0,1,0,0,0,0,0,0,0,0,0,2.14097710825686,1.0000984769457,0,1.2942101262835,1.20257572297271,0,1.27673050543826,0,0,0,0,1.11464269391646,0,1.03016645367673,0,1.37082364536879,0,0,0,1.49588225934354,0,0,1,0,0,0,0,0,0,0,0,0
"PISA1434",20,32,"(20,32)",0.625,"pm034q01t|pm155q01|pm155q04t|pm192q01t|pm411q01|pm411q02|pm423q01|pm442q02|pm474q01|pm496q01t|pm496q02|pm564q01|pm571q01|pm603q01t|pm803q01t|pm918q02|pm918q05|pm923q01|pm995q01|pm995q03",62.8970248913253,124.967526068713,34.7041389906755,68.9522342511883,0.503306953974118,50.3306953974118,0,68.9522342511883,TRUE,"ok","ok","item_rest",0,0,1,1,1,1,0,0,0,1,1,1,1,1,1,1,1,0,1,1,1,0,0,1,1,1,0,0,0,1,0,1,0,0,1.96771446709354,1.2942101262835,1.20257572297271,2.05942193849789,0,0,0,1.93071340341164,1.60594277149801,1.11464269391646,2.58139463965431,1.03016645367673,1.62787399540524,1.37082364536879,1.45473339099819,0,1.83236153892946,1.49588225934354,3.04332111700611,0,0,1.25755024269656,1.36924943576479,1.75539915546177,0,0,0,2.47315752973098,0,2.23700446296524
"PISA1443",21,32,"(21,32)",0.65625,"pm00fq01|pm155q01|pm155q04t|pm192q01t|pm305q01|pm411q02|pm423q01|pm496q01t|pm496q02|pm564q01|pm564q02|pm571q01|pm603q01t|pm803q01t|pm918q01|pm918q02|pm918q05|pm923q01|pm924q02|pm995q01|pm995q03",64.2909799375175,124.967526068713,35.4732693232054,68.9522342511883,0.514461492197318,51.4461492197319,0,68.9522342511883,TRUE,"ok","ok","item_rest",1,0,0,1,1,1,1,0,0,0,1,1,0,0,1,1,1,1,1,1,1,0,1,1,1,1,0,0,1,1,0,1,2.14097710825686,0,0,1.2942101262835,1.20257572297271,2.05942193849789,1.27673050543826,0,0,0,1.60594277149801,1.11464269391646,0,0,1.62787399540524,1.37082364536879,1.45473339099819,1.77401492798991,1.83236153892946,1.49588225934354,3.04332111700611,0,1,1.25755024269656,1.36924943576479,1.75539915546177,0,0,2.08739675468112,2.47315752973098,0,2.23700446296524
"PISA1459",2,32,"(2,32)",0.0625,"pm603q01t|pm918q05",5.1927022189651,124.967526068713,2.86513169510833,68.9522342511883,0.0415524127132828,4.15524127132828,0,68.9522342511883,TRUE,"ok","ok","item_rest",0,0,0,0,0,0,0,0,0,0,0,0,0,0,0,0,0,0,0,1,0,0,0,0,1,0,0,0,0,0,0,0,0,0,0,0,0,0,0,0,0,0,0,0,0,0,0,0,0,0,0,1.49588225934354,0,0,0,0,1.36924943576479,0,0,0,0,0,0,0
"PISA1464",25,32,"(25,32)",0.78125,"pm00fq01|pm033q01|pm155q01|pm155q04t|pm192q01t|pm305q01|pm411q01|pm411q02|pm423q01|pm474q01|pm496q01t|pm496q02|pm564q02|pm571q01|pm803q01t|pm903q03|pm918q01|pm918q02|pm918q05|pm923q01|pm923q03|pm923q04|pm924q02|pm995q01|pm995q03",81.9963900652142,124.967526068713,45.2424279602023,68.9522342511883,0.656141580494508,65.6141580494508,0,68.9522342511883,TRUE,"ok","ok","item_rest",1,1,0,1,1,1,1,0,0,1,1,1,0,1,1,1,0,1,1,0,1,1,1,1,1,1,1,1,1,1,0,1,2.14097710825686,1.0000984769457,0,1.2942101262835,1.20257572297271,2.05942193849789,1.27673050543826,0,0,1.93071340341164,1.60594277149801,1.11464269391646,0,1.03016645367673,1.62787399540524,1.37082364536879,0,1.77401492798991,1.83236153892946,0,3.04332111700611,2.90064730427663,1,1.25755024269656,1.36924943576479,1.75539915546177,1.51181899463805,4.34632965438984,2.08739675468112,2.47315752973098,0,2.23700446296524
"PISA1484",24,32,"(24,32)",0.75,"pm033q01|pm155q01|pm155q04t|pm305q01|pm411q01|pm411q02|pm423q01|pm442q02|pm474q01|pm496q01t|pm496q02|pm564q01|pm564q02|pm571q01|pm803q01t|pm903q03|pm918q01|pm918q02|pm918q05|pm923q01|pm923q03|pm924q02|pm995q01|pm995q03",73.821475749576,124.967526068713,40.7318272897101,68.9522342511883,0.590725271371582,59.0725271371582,0,68.9522342511883,TRUE,"ok","ok","item_rest",0,1,0,1,1,0,1,0,0,1,1,1,1,1,1,1,1,1,1,0,1,1,1,1,1,1,1,0,1,1,0,1,0,1.0000984769457,0,1.2942101262835,1.20257572297271,0,1.27673050543826,0,0,1.93071340341164,1.60594277149801,1.11464269391646,2.58139463965431,1.03016645367673,1.62787399540524,1.37082364536879,1.45473339099819,1.77401492798991,1.83236153892946,0,3.04332111700611,2.90064730427663,1,1.25755024269656,1.36924943576479,1.75539915546177,1.51181899463805,0,2.08739675468112,2.47315752973098,0,2.23700446296524
"PISA1494",9,32,"(9,32)",0.28125,"pm033q01|pm155q01|pm155q04t|pm423q01|pm474q01|pm496q01t|pm496q02|pm918q01|pm918q05",19.9536325025945,124.967526068713,11.0096405503339,68.9522342511883,0.159670541062187,15.9670541062187,0,68.9522342511883,TRUE,"ok","ok","item_rest",0,1,0,1,1,0,0,0,0,0,0,1,0,1,1,1,0,0,0,0,0,0,1,0,1,0,0,0,0,0,0,0,0,1.0000984769457,0,1.2942101262835,1.20257572297271,0,0,0,0,0,0,1.11464269391646,0,1.03016645367673,1.62787399540524,1.37082364536879,0,0,0,0,0,0,1,0,1.36924943576479,0,0,0,0,0,0,0
"PISA1504",15,32,"(15,32)",0.46875,"pm033q01|pm034q01t|pm155q01|pm305q01|pm406q01|pm411q01|pm474q01|pm496q01t|pm496q02|pm918q01|pm918q02|pm918q05|pm923q01|pm995q01|pm995q03",44.2198730963056,124.967526068713,24.3988109888465,68.9522342511883,0.353850912212116,35.3850912212116,0,68.9522342511883,TRUE,"ok","ok","item_rest",0,1,1,1,0,0,1,1,0,1,0,0,0,1,1,1,0,0,0,0,0,0,1,1,1,1,0,0,0,1,0,1,0,1.0000984769457,1.96771446709354,1.2942101262835,0,0,1.27673050543826,2.80811908860377,0,1.93071340341164,0,0,0,1.03016645367673,1.62787399540524,1.37082364536879,0,0,0,0,0,0,1,1.25755024269656,1.36924943576479,1.75539915546177,0,0,0,2.47315752973098,0,2.23700446296524
"PISA1506",19,32,"(19,32)",0.59375,"pm00fq01|pm033q01|pm034q01t|pm155q04t|pm192q01t|pm411q01|pm411q02|pm423q01|pm474q01|pm496q01t|pm564q01|pm571q01|pm603q01t|pm918q01|pm918q02|pm918q05|pm923q03|pm995q01|pm995q03",54.9365993127399,124.967526068713,30.3118848867416,68.9522342511883,0.439607000642175,43.9607000642175,0,68.9522342511883,TRUE,"ok","ok","item_rest",1,1,1,0,1,1,0,0,0,1,1,1,0,1,1,0,1,0,1,1,0,0,1,1,1,0,1,0,0,1,0,1,2.14097710825686,1.0000984769457,1.96771446709354,0,1.20257572297271,2.05942193849789,0,0,0,1.93071340341164,1.60594277149801,1.11464269391646,0,1.03016645367673,1.62787399540524,0,1.45473339099819,0,1.83236153892946,1.49588225934354,0,0,1,1.25755024269656,1.36924943576479,0,1.51181899463805,0,0,2.47315752973098,0,2.23700446296524
"PISA1510",11,32,"(11,32)",0.34375,"pm033q01|pm034q01t|pm155q01|pm155q04t|pm192q01t|pm474q01|pm496q02|pm603q01t|pm918q01|pm918q02|pm995q03",28.8448105985504,124.967526068713,15.9154477958442,68.9522342511883,0.23081844944814,23.081844944814,0,68.9522342511883,TRUE,"ok","ok","item_rest",0,1,1,1,1,1,0,0,0,0,0,0,0,1,0,1,0,0,0,1,0,0,1,1,0,0,0,0,0,0,0,1,0,1.0000984769457,1.96771446709354,1.2942101262835,1.20257572297271,2.05942193849789,0,0,0,0,0,0,0,1.03016645367673,0,1.37082364536879,0,0,0,1.49588225934354,0,0,1,1.25755024269656,0,0,0,0,0,0,0,2.23700446296524
"PISA1537",19,32,"(19,32)",0.59375,"pm00fq01|pm033q01|pm034q01t|pm155q01|pm192q01t|pm411q01|pm411q02|pm423q01|pm442q02|pm496q01t|pm496q02|pm564q02|pm571q01|pm903q03|pm918q01|pm918q02|pm918q05|pm995q01|pm995q03",60.7831751926543,124.967526068713,33.5377987086855,68.9522342511883,0.486391761962485,48.6391761962485,0,68.9522342511883,TRUE,"ok","ok","item_rest",1,1,1,1,0,1,0,0,0,1,1,1,1,0,1,1,0,1,1,0,0,1,1,1,1,0,0,0,0,1,0,1,2.14097710825686,1.0000984769457,1.96771446709354,1.2942101262835,0,2.05942193849789,0,0,0,1.93071340341164,1.60594277149801,1.11464269391646,2.58139463965431,0,1.62787399540524,1.37082364536879,0,1.77401492798991,1.83236153892946,0,0,2.90064730427663,1,1.25755024269656,1.36924943576479,0,0,0,0,2.47315752973098,0,2.23700446296524
"PISA1540",14,32,"(14,32)",0.4375,"pm155q01|pm155q04t|pm305q01|pm406q01|pm423q01|pm442q02|pm474q01|pm496q02|pm571q01|pm603q01t|pm918q01|pm918q02|pm918q05|pm923q03",38.3236891272769,124.967526068713,21.1455253472869,68.9522342511883,0.30666918305004,30.666918305004,0,68.9522342511883,TRUE,"ok","ok","item_rest",0,0,0,1,1,0,1,1,0,0,0,1,1,1,0,1,0,0,1,1,0,0,1,1,1,0,1,0,0,0,0,0,0,0,0,1.2942101262835,1.20257572297271,0,1.27673050543826,2.80811908860377,0,0,0,1.11464269391646,2.58139463965431,1.03016645367673,0,1.37082364536879,0,0,1.83236153892946,1.49588225934354,0,0,1,1.25755024269656,1.36924943576479,0,1.51181899463805,0,0,0,0,0
"PISA1546",18,32,"(18,32)",0.5625,"pm033q01|pm155q04t|pm192q01t|pm305q01|pm411q01|pm411q02|pm474q01|pm496q01t|pm496q02|pm571q01|pm603q01t|pm903q03|pm918q01|pm918q02|pm918q05|pm923q01|pm924q02|pm995q01",53.0591680598803,124.967526068713,29.2759911340998,68.9522342511883,0.424583647680645,42.4583647680645,0,68.9522342511883,TRUE,"ok","ok","item_rest",0,1,0,0,1,1,1,0,0,1,1,0,0,1,1,1,0,0,1,1,0,1,1,1,1,1,0,0,1,1,0,0,0,1.0000984769457,0,0,1.20257572297271,2.05942193849789,1.27673050543826,0,0,1.93071340341164,1.60594277149801,0,0,1.03016645367673,1.62787399540524,1.37082364536879,0,0,1.83236153892946,1.49588225934354,0,2.90064730427663,1,1.25755024269656,1.36924943576479,1.75539915546177,0,0,2.08739675468112,2.47315752973098,0,0
"PISA1548",10,32,"(10,32)",0.3125,"pm033q01|pm155q04t|pm305q01|pm411q01|pm423q01|pm474q01|pm571q01|pm918q01|pm918q02|pm995q01",25.5871491805062,124.967526068713,14.1179965677185,68.9522342511883,0.204750385843736,20.4750385843736,0,68.9522342511883,TRUE,"ok","ok","item_rest",0,1,0,0,1,0,1,0,0,1,0,1,0,1,0,0,0,0,1,0,0,0,1,1,0,0,0,0,0,1,0,0,0,1.0000984769457,0,0,1.20257572297271,0,1.27673050543826,0,0,1.93071340341164,0,1.11464269391646,0,1.03016645367673,0,0,0,0,1.83236153892946,0,0,0,1,1.25755024269656,0,0,0,0,0,2.47315752973098,0,0
"PISA1552",5,32,"(5,32)",0.15625,"pm155q01|pm305q01|pm564q01|pm564q02|pm918q01",12.3236080082834,124.967526068713,6.79968895070986,68.9522342511883,0.0986144832658946,9.86144832658946,0,68.9522342511883,TRUE,"ok","ok","item_rest",0,0,0,1,0,0,1,0,0,0,0,0,0,0,0,0,1,1,0,0,0,0,1,0,0,0,0,0,0,0,0,0,0,0,0,1.2942101262835,0,0,1.27673050543826,0,0,0,0,0,0,0,0,0,1.45473339099819,1.77401492798991,0,0,0,0,1,0,0,0,0,0,0,0,0,0
"PISA1554",14,32,"(14,32)",0.4375,"pm00fq01|pm033q01|pm155q01|pm305q01|pm411q01|pm411q02|pm423q01|pm474q01|pm496q02|pm803q01t|pm918q01|pm918q02|pm918q05|pm923q01",38.4039770980239,124.967526068713,21.1898251357252,68.9522342511883,0.307311653724404,30.7311653724404,0,68.9522342511883,TRUE,"ok","ok","item_rest",1,1,0,1,0,0,1,0,0,1,1,1,0,1,0,1,0,0,0,0,1,0,1,1,1,1,0,0,0,0,0,0,2.14097710825686,1.0000984769457,0,1.2942101262835,0,0,1.27673050543826,0,0,1.93071340341164,1.60594277149801,1.11464269391646,0,1.03016645367673,0,1.37082364536879,0,0,0,0,3.04332111700611,0,1,1.25755024269656,1.36924943576479,1.75539915546177,0,0,0,0,0,0
"PISA1591",9,32,"(9,32)",0.28125,"pm033q01|pm192q01t|pm305q01|pm423q01|pm564q01|pm564q02|pm918q01|pm918q02|pm918q05",22.3039264745097,124.967526068713,12.3064416122478,68.9522342511883,0.178477778797076,17.8477778797076,0,68.9522342511883,TRUE,"ok","ok","item_rest",0,1,0,0,0,1,1,0,0,0,0,1,0,0,0,0,1,1,0,0,0,0,1,1,1,0,0,0,0,0,0,0,0,1.0000984769457,0,0,0,2.05942193849789,1.27673050543826,0,0,0,0,1.11464269391646,0,0,0,0,1.45473339099819,1.77401492798991,0,0,0,0,1,1.25755024269656,1.36924943576479,0,0,0,0,0,0,0
"PISA1593",14,32,"(14,32)",0.4375,"pm155q01|pm155q04t|pm305q01|pm411q02|pm423q01|pm496q02|pm564q02|pm603q01t|pm918q01|pm918q02|pm923q01|pm923q03|pm924q02|pm995q03",38.0309300874999,124.967526068713,20.9839922632539,68.9522342511883,0.304326502123349,30.4326502123349,0,68.9522342511883,TRUE,"ok","ok","item_rest",0,0,0,1,1,0,1,0,0,0,1,1,0,0,0,1,0,1,0,1,0,0,1,1,0,1,1,0,1,0,0,1,0,0,0,1.2942101262835,1.20257572297271,0,1.27673050543826,0,0,0,1.60594277149801,1.11464269391646,0,0,0,1.37082364536879,0,1.77401492798991,0,1.49588225934354,0,0,1,1.25755024269656,0,1.75539915546177,1.51181899463805,0,2.08739675468112,0,0,2.23700446296524
"PISA1619",12,32,"(12,32)",0.375,"pm033q01|pm155q01|pm155q04t|pm411q01|pm423q01|pm474q01|pm496q01t|pm496q02|pm564q01|pm918q01|pm918q05|pm923q01",29.2707896220499,124.967526068713,16.1504865002055,68.9522342511883,0.234227167191862,23.4227167191862,0,68.9522342511883,TRUE,"ok","ok","item_rest",0,1,0,1,1,0,0,0,0,1,0,1,0,1,1,1,1,0,0,0,0,0,1,0,1,1,0,0,0,0,0,0,0,1.0000984769457,0,1.2942101262835,1.20257572297271,0,0,0,0,1.93071340341164,0,1.11464269391646,0,1.03016645367673,1.62787399540524,1.37082364536879,1.45473339099819,0,0,0,0,0,1,0,1.36924943576479,1.75539915546177,0,0,0,0,0,0
"PISA1620",29,32,"(29,32)",0.90625,"pm00fq01|pm033q01|pm034q01t|pm155q01|pm192q01t|pm406q01|pm411q01|pm411q02|pm423q01|pm442q02|pm474q01|pm496q01t|pm496q02|pm564q01|pm564q02|pm571q01|pm603q01t|pm803q01t|pm903q03|pm918q01|pm918q02|pm918q05|pm923q01|pm923q03|pm923q04|pm924q02|pm995q01|pm995q02|pm995q03",111.808702380229,124.967526068713,61.6917056804336,68.9522342511883,0.89470205498628,89.470205498628,0,68.9522342511883,TRUE,"ok","ok","item_rest",1,1,1,1,0,1,0,1,0,1,1,1,1,1,1,1,1,1,1,1,1,1,1,1,1,1,1,1,1,1,1,1,2.14097710825686,1.0000984769457,1.96771446709354,1.2942101262835,0,2.05942193849789,0,2.80811908860377,0,1.93071340341164,1.60594277149801,1.11464269391646,2.58139463965431,1.03016645367673,1.62787399540524,1.37082364536879,1.45473339099819,1.77401492798991,1.83236153892946,1.49588225934354,3.04332111700611,2.90064730427663,1,1.25755024269656,1.36924943576479,1.75539915546177,1.51181899463805,4.34632965438984,2.08739675468112,2.47315752973098,8.62074010294895,2.23700446296524
"PISA1637",23,32,"(23,32)",0.71875,"pm00fq01|pm034q01t|pm155q01|pm192q01t|pm305q01|pm411q01|pm411q02|pm423q01|pm442q02|pm474q01|pm496q01t|pm496q02|pm564q02|pm571q01|pm603q01t|pm918q01|pm918q02|pm918q05|pm923q01|pm923q03|pm924q02|pm995q01|pm995q03",70.3102100429247,124.967526068713,38.7944470507026,68.9522342511883,0.56262784624755,56.262784624755,0,68.9522342511883,TRUE,"ok","ok","item_rest",1,0,1,1,0,1,1,0,0,1,1,1,1,1,1,1,0,1,1,1,0,0,1,1,1,1,1,0,1,1,0,1,2.14097710825686,0,1.96771446709354,1.2942101262835,0,2.05942193849789,1.27673050543826,0,0,1.93071340341164,1.60594277149801,1.11464269391646,2.58139463965431,1.03016645367673,1.62787399540524,1.37082364536879,0,1.77401492798991,1.83236153892946,1.49588225934354,0,0,1,1.25755024269656,1.36924943576479,1.75539915546177,1.51181899463805,0,2.08739675468112,2.47315752973098,0,2.23700446296524
"PISA1638",21,32,"(21,32)",0.65625,"pm00fq01|pm033q01|pm034q01t|pm155q01|pm155q04t|pm192q01t|pm305q01|pm406q01|pm411q01|pm411q02|pm423q01|pm442q02|pm474q01|pm564q01|pm571q01|pm803q01t|pm918q01|pm918q02|pm918q05|pm924q02|pm995q01",66.2070408177563,124.967526068713,36.5304774060566,68.9522342511883,0.529793962483921,52.9793962483921,0,68.9522342511883,TRUE,"ok","ok","item_rest",1,1,1,1,1,1,1,1,0,1,1,1,1,1,0,0,1,0,1,0,1,0,1,1,1,0,0,0,1,1,0,0,2.14097710825686,1.0000984769457,1.96771446709354,1.2942101262835,1.20257572297271,2.05942193849789,1.27673050543826,2.80811908860377,0,1.93071340341164,1.60594277149801,1.11464269391646,2.58139463965431,1.03016645367673,0,0,1.45473339099819,0,1.83236153892946,0,3.04332111700611,0,1,1.25755024269656,1.36924943576479,0,0,0,2.08739675468112,2.47315752973098,0,0
"PISA1651",7,32,"(7,32)",0.21875,"pm00fq01|pm305q01|pm496q01t|pm496q02|pm564q01|pm918q01|pm918q02",18.3570149164774,124.967526068713,10.1286888881639,68.9522342511883,0.146894281210175,14.6894281210175,0,68.9522342511883,TRUE,"ok","ok","item_rest",1,0,0,0,0,0,1,0,0,0,0,0,0,0,1,1,1,0,0,0,0,0,1,1,0,0,0,0,0,0,0,0,2.14097710825686,0,0,0,0,0,1.27673050543826,0,0,0,0,0,0,0,1.62787399540524,1.37082364536879,1.45473339099819,0,0,0,0,0,1,1.25755024269656,0,0,0,0,0,0,0,0
"PISA1666",12,32,"(12,32)",0.375,"pm00fq01|pm033q01|pm034q01t|pm411q02|pm474q01|pm496q02|pm571q01|pm918q01|pm918q02|pm918q05|pm923q01|pm923q03",32.3366371996723,124.967526068713,17.8421022903303,68.9522342511883,0.258760321316532,25.8760321316532,0,68.9522342511883,TRUE,"ok","ok","item_rest",1,1,1,0,0,0,0,0,0,0,1,0,0,1,0,1,0,0,1,0,0,0,1,1,1,1,1,0,0,0,0,0,2.14097710825686,1.0000984769457,1.96771446709354,0,0,0,0,0,0,0,1.60594277149801,0,0,1.03016645367673,0,1.37082364536879,0,0,1.83236153892946,0,0,0,1,1.25755024269656,1.36924943576479,1.75539915546177,1.51181899463805,0,0,0,0,0
"PISA1681",13,32,"(13,32)",0.40625,"pm033q01|pm034q01t|pm155q01|pm155q04t|pm192q01t|pm305q01|pm411q01|pm423q01|pm474q01|pm496q01t|pm496q02|pm564q01|pm564q02",34.6231651743215,124.967526068713,19.1037197479986,68.9522342511883,0.277057298511967,27.7057298511967,0,68.9522342511883,TRUE,"ok","ok","item_rest",0,1,1,1,1,1,1,0,0,1,0,1,0,1,1,1,1,1,0,0,0,0,0,0,0,0,0,0,0,0,0,0,0,1.0000984769457,1.96771446709354,1.2942101262835,1.20257572297271,2.05942193849789,1.27673050543826,0,0,1.93071340341164,0,1.11464269391646,0,1.03016645367673,1.62787399540524,1.37082364536879,1.45473339099819,1.77401492798991,0,0,0,0,0,0,0,0,0,0,0,0,0,0
"PISA1687",10,32,"(10,32)",0.3125,"pm033q01|pm155q01|pm305q01|pm411q01|pm411q02|pm423q01|pm564q02|pm918q01|pm924q02|pm995q03",27.7670007515613,124.967526068713,15.3207541231298,68.9522342511883,0.222193730043864,22.2193730043864,0,68.9522342511883,TRUE,"ok","ok","item_rest",0,1,0,1,0,0,1,0,0,1,1,1,0,0,0,0,0,1,0,0,0,0,1,0,0,0,0,0,1,0,0,1,0,1.0000984769457,0,1.2942101262835,0,0,1.27673050543826,0,0,1.93071340341164,1.60594277149801,1.11464269391646,0,0,0,0,0,1.77401492798991,0,0,0,0,1,0,0,0,0,0,2.08739675468112,0,0,2.23700446296524
"PISA1690",16,32,"(16,32)",0.5,"pm033q01|pm034q01t|pm155q01|pm155q04t|pm305q01|pm406q01|pm411q01|pm423q01|pm442q02|pm474q01|pm496q01t|pm496q02|pm564q01|pm564q02|pm571q01|pm603q01t",46.6905874298583,124.967526068713,25.7620553360317,68.9522342511883,0.373621763178584,37.3621763178584,0,68.9522342511883,TRUE,"ok","ok","item_rest",0,1,1,1,1,0,1,1,0,1,0,1,1,1,1,1,1,1,1,1,0,0,0,0,0,0,0,0,0,0,0,0,0,1.0000984769457,1.96771446709354,1.2942101262835,1.20257572297271,0,1.27673050543826,2.80811908860377,0,1.93071340341164,0,1.11464269391646,2.58139463965431,1.03016645367673,1.62787399540524,1.37082364536879,1.45473339099819,1.77401492798991,1.83236153892946,1.49588225934354,0,0,0,0,0,0,0,0,0,0,0,0
"PISA1704",26,32,"(26,32)",0.8125,"pm00fq01|pm155q01|pm155q04t|pm192q01t|pm305q01|pm406q02|pm411q01|pm411q02|pm423q01|pm496q01t|pm496q02|pm564q01|pm564q02|pm571q01|pm603q01t|pm803q01t|pm903q03|pm918q01|pm918q02|pm918q05|pm923q01|pm923q03|pm923q04|pm924q02|pm995q01|pm995q02",103.899540074388,124.967526068713,57.3277366622491,68.9522342511883,0.831412314406057,83.1412314406057,0,68.9522342511883,TRUE,"ok","ok","item_rest",1,0,0,1,1,1,1,0,1,1,1,1,0,0,1,1,1,1,1,1,1,1,1,1,1,1,1,1,1,1,1,0,2.14097710825686,0,0,1.2942101262835,1.20257572297271,2.05942193849789,1.27673050543826,0,4.7812223423438,1.93071340341164,1.60594277149801,1.11464269391646,0,0,1.62787399540524,1.37082364536879,1.45473339099819,1.77401492798991,1.83236153892946,1.49588225934354,3.04332111700611,2.90064730427663,1,1.25755024269656,1.36924943576479,1.75539915546177,1.51181899463805,4.34632965438984,2.08739675468112,2.47315752973098,8.62074010294895,0
"PISA1742",10,32,"(10,32)",0.3125,"pm033q01|pm155q01|pm423q01|pm474q01|pm496q02|pm564q02|pm603q01t|pm918q01|pm923q03|pm924q02",24.791619843784,124.967526068713,13.6790543328438,68.9522342511883,0.198384497346553,19.8384497346553,0,68.9522342511883,TRUE,"ok","ok","item_rest",0,1,0,1,0,0,0,0,0,0,0,1,0,1,0,1,0,1,0,1,0,0,1,0,0,0,1,0,1,0,0,0,0,1.0000984769457,0,1.2942101262835,0,0,0,0,0,0,0,1.11464269391646,0,1.03016645367673,0,1.37082364536879,0,1.77401492798991,0,1.49588225934354,0,0,1,0,0,0,1.51181899463805,0,2.08739675468112,0,0,0
"PISA1743",14,32,"(14,32)",0.4375,"pm00fq01|pm033q01|pm034q01t|pm155q01|pm155q04t|pm192q01t|pm411q01|pm423q01|pm474q01|pm564q01|pm571q01|pm918q01|pm918q02|pm923q01",38.133460773164,124.967526068713,21.040564719141,68.9522342511883,0.305146960756799,30.5146960756799,0,68.9522342511883,TRUE,"ok","ok","item_rest",1,1,1,1,1,1,0,0,0,1,0,1,0,1,0,0,1,0,1,0,0,0,1,1,0,1,0,0,0,0,0,0,2.14097710825686,1.0000984769457,1.96771446709354,1.2942101262835,1.20257572297271,2.05942193849789,0,0,0,1.93071340341164,0,1.11464269391646,0,1.03016645367673,0,0,1.45473339099819,0,1.83236153892946,0,0,0,1,1.25755024269656,0,1.75539915546177,0,0,0,0,0,0
"PISA1745",6,32,"(6,32)",0.1875,"pm033q01|pm155q04t|pm423q01|pm474q01|pm918q01|pm918q05",12.1732600590271,124.967526068713,6.71673278327639,68.9522342511883,0.0974113871177515,9.74113871177515,0,68.9522342511883,TRUE,"ok","ok","item_rest",0,1,0,0,1,0,0,0,0,0,0,1,0,1,0,0,0,0,0,0,0,0,1,0,1,0,0,0,0,0,0,0,0,1.0000984769457,0,0,1.20257572297271,0,0,0,0,0,0,1.11464269391646,0,1.03016645367673,0,0,0,0,0,0,0,0,1,0,1.36924943576479,0,0,0,0,0,0,0
"PISA1747",14,32,"(14,32)",0.4375,"pm033q01|pm155q01|pm155q04t|pm305q01|pm411q01|pm411q02|pm496q01t|pm496q02|pm564q02|pm571q01|pm918q01|pm918q02|pm918q05|pm923q01",36.7868261270971,124.967526068713,20.2975439481663,68.9522342511883,0.294371084107641,29.4371084107641,0,68.9522342511883,TRUE,"ok","ok","item_rest",0,1,0,1,1,0,1,0,0,1,1,0,0,0,1,1,0,1,1,0,0,0,1,1,1,1,0,0,0,0,0,0,0,1.0000984769457,0,1.2942101262835,1.20257572297271,0,1.27673050543826,0,0,1.93071340341164,1.60594277149801,0,0,0,1.62787399540524,1.37082364536879,0,1.77401492798991,1.83236153892946,0,0,0,1,1.25755024269656,1.36924943576479,1.75539915546177,0,0,0,0,0,0
"PISA1769",15,32,"(15,32)",0.46875,"pm033q01|pm034q01t|pm155q01|pm192q01t|pm411q01|pm474q01|pm496q02|pm571q01|pm603q01t|pm903q03|pm918q01|pm918q05|pm923q01|pm923q04|pm995q01",50.431553612483,124.967526068713,27.8261753891748,68.9522342511883,0.403557269628217,40.3557269628217,0,68.9522342511883,TRUE,"ok","ok","item_rest",0,1,1,1,0,1,0,0,0,1,0,0,0,1,0,1,0,0,1,1,0,1,1,0,1,1,0,1,0,1,0,0,0,1.0000984769457,1.96771446709354,1.2942101262835,0,2.05942193849789,0,0,0,1.93071340341164,0,0,0,1.03016645367673,0,1.37082364536879,0,0,1.83236153892946,1.49588225934354,0,2.90064730427663,1,0,1.36924943576479,1.75539915546177,0,4.34632965438984,0,2.47315752973098,0,0
"PISA1786",27,32,"(27,32)",0.84375,"pm00fq01|pm034q01t|pm155q01|pm155q04t|pm192q01t|pm305q01|pm406q01|pm406q02|pm411q01|pm411q02|pm423q01|pm442q02|pm496q01t|pm496q02|pm564q01|pm564q02|pm603q01t|pm803q01t|pm903q03|pm918q01|pm918q02|pm918q05|pm923q01|pm923q03|pm924q02|pm995q01|pm995q03",94.4657515460663,124.967526068713,52.1225380242977,68.9522342511883,0.755922394543718,75.5922394543718,0,68.9522342511883,TRUE,"ok","ok","item_rest",1,0,1,1,1,1,1,1,1,1,1,1,1,0,1,1,1,1,0,1,1,1,1,1,1,1,1,0,1,1,0,1,2.14097710825686,0,1.96771446709354,1.2942101262835,1.20257572297271,2.05942193849789,1.27673050543826,2.80811908860377,4.7812223423438,1.93071340341164,1.60594277149801,1.11464269391646,2.58139463965431,0,1.62787399540524,1.37082364536879,1.45473339099819,1.77401492798991,0,1.49588225934354,3.04332111700611,2.90064730427663,1,1.25755024269656,1.36924943576479,1.75539915546177,1.51181899463805,0,2.08739675468112,2.47315752973098,0,2.23700446296524
"PISA1792",18,32,"(18,32)",0.5625,"pm033q01|pm034q01t|pm155q01|pm406q01|pm411q01|pm411q02|pm423q01|pm442q02|pm474q01|pm496q02|pm564q02|pm571q01|pm903q03|pm918q01|pm918q02|pm918q05|pm924q02|pm995q01",56.9054194845704,124.967526068713,31.3982035005219,68.9522342511883,0.455361654941309,45.5361654941309,0,68.9522342511883,TRUE,"ok","ok","item_rest",0,1,1,1,0,0,0,1,0,1,1,1,1,1,0,1,0,1,1,0,0,1,1,1,1,0,0,0,1,1,0,0,0,1.0000984769457,1.96771446709354,1.2942101262835,0,0,0,2.80811908860377,0,1.93071340341164,1.60594277149801,1.11464269391646,2.58139463965431,1.03016645367673,0,1.37082364536879,0,1.77401492798991,1.83236153892946,0,0,2.90064730427663,1,1.25755024269656,1.36924943576479,0,0,0,2.08739675468112,2.47315752973098,0,0
"PISA1804",23,32,"(23,32)",0.71875,"pm00fq01|pm033q01|pm034q01t|pm155q01|pm155q04t|pm192q01t|pm411q01|pm411q02|pm423q01|pm442q02|pm474q01|pm496q01t|pm496q02|pm564q01|pm571q01|pm603q01t|pm918q01|pm918q02|pm918q05|pm923q03|pm924q02|pm995q01|pm995q03",68.2282641524207,124.967526068713,37.6457100527293,68.9522342511883,0.545967951025177,54.5967951025177,0,68.9522342511883,TRUE,"ok","ok","item_rest",1,1,1,1,1,1,0,0,0,1,1,1,1,1,1,1,1,0,1,1,0,0,1,1,1,0,1,0,1,1,0,1,2.14097710825686,1.0000984769457,1.96771446709354,1.2942101262835,1.20257572297271,2.05942193849789,0,0,0,1.93071340341164,1.60594277149801,1.11464269391646,2.58139463965431,1.03016645367673,1.62787399540524,1.37082364536879,1.45473339099819,0,1.83236153892946,1.49588225934354,0,0,1,1.25755024269656,1.36924943576479,0,1.51181899463805,0,2.08739675468112,2.47315752973098,0,2.23700446296524
"PISA1823",27,32,"(27,32)",0.84375,"pm00fq01|pm033q01|pm034q01t|pm155q01|pm155q04t|pm192q01t|pm305q01|pm406q01|pm411q01|pm411q02|pm423q01|pm442q02|pm474q01|pm496q01t|pm496q02|pm564q01|pm564q02|pm571q01|pm603q01t|pm803q01t|pm918q01|pm918q05|pm923q01|pm923q04|pm924q02|pm995q01|pm995q03",90.4018871577914,124.967526068713,49.8802552642844,68.9522342511883,0.72340303118495,72.340303118495,0,68.9522342511883,TRUE,"ok","ok","item_rest",1,1,1,1,1,1,1,1,0,1,1,1,1,1,1,1,1,1,1,1,1,0,1,0,1,1,0,1,1,1,0,1,2.14097710825686,1.0000984769457,1.96771446709354,1.2942101262835,1.20257572297271,2.05942193849789,1.27673050543826,2.80811908860377,0,1.93071340341164,1.60594277149801,1.11464269391646,2.58139463965431,1.03016645367673,1.62787399540524,1.37082364536879,1.45473339099819,1.77401492798991,1.83236153892946,1.49588225934354,3.04332111700611,0,1,0,1.36924943576479,1.75539915546177,0,4.34632965438984,2.08739675468112,2.47315752973098,0,2.23700446296524
"PISA1825",8,32,"(8,32)",0.25,"pm033q01|pm155q01|pm423q01|pm496q02|pm564q01|pm603q01t|pm918q01|pm923q03",18.5627573569794,124.967526068713,10.2422095874942,68.9522342511883,0.148540648446322,14.8540648446322,0,68.9522342511883,TRUE,"ok","ok","item_rest",0,1,0,1,0,0,0,0,0,0,0,1,0,0,0,1,1,0,0,1,0,0,1,0,0,0,1,0,0,0,0,0,0,1.0000984769457,0,1.2942101262835,0,0,0,0,0,0,0,1.11464269391646,0,0,0,1.37082364536879,1.45473339099819,0,0,1.49588225934354,0,0,1,0,0,0,1.51181899463805,0,0,0,0,0
"PISA1849",16,32,"(16,32)",0.5,"pm033q01|pm305q01|pm411q01|pm411q02|pm423q01|pm474q01|pm496q02|pm564q01|pm603q01t|pm918q01|pm918q02|pm918q05|pm923q03|pm924q02|pm995q01|pm995q03",43.8883891822774,124.967526068713,24.215911021074,68.9522342511883,0.351198351787371,35.1198351787371,0,68.9522342511883,TRUE,"ok","ok","item_rest",0,1,0,0,0,0,1,0,0,1,1,1,0,1,0,1,1,0,0,1,0,0,1,1,1,0,1,0,1,1,0,1,0,1.0000984769457,0,0,0,0,1.27673050543826,0,0,1.93071340341164,1.60594277149801,1.11464269391646,0,1.03016645367673,0,1.37082364536879,1.45473339099819,0,0,1.49588225934354,0,0,1,1.25755024269656,1.36924943576479,0,1.51181899463805,0,2.08739675468112,2.47315752973098,0,2.23700446296524
"PISA1860",26,32,"(26,32)",0.8125,"pm00fq01|pm033q01|pm034q01t|pm155q01|pm155q04t|pm192q01t|pm411q01|pm411q02|pm423q01|pm442q02|pm496q01t|pm496q02|pm564q01|pm564q02|pm571q01|pm603q01t|pm803q01t|pm903q03|pm918q01|pm918q02|pm918q05|pm923q01|pm923q03|pm924q02|pm995q01|pm995q03",83.5305648453986,124.967526068713,46.088926103787,68.9522342511883,0.668418168088479,66.8418168088479,0,68.9522342511883,TRUE,"ok","ok","item_rest",1,1,1,1,1,1,0,0,0,1,1,1,1,0,1,1,1,1,1,1,1,1,1,1,1,1,1,0,1,1,0,1,2.14097710825686,1.0000984769457,1.96771446709354,1.2942101262835,1.20257572297271,2.05942193849789,0,0,0,1.93071340341164,1.60594277149801,1.11464269391646,2.58139463965431,0,1.62787399540524,1.37082364536879,1.45473339099819,1.77401492798991,1.83236153892946,1.49588225934354,3.04332111700611,2.90064730427663,1,1.25755024269656,1.36924943576479,1.75539915546177,1.51181899463805,0,2.08739675468112,2.47315752973098,0,2.23700446296524
"PISA1868",12,32,"(12,32)",0.375,"pm033q01|pm155q01|pm155q04t|pm423q01|pm474q01|pm496q01t|pm496q02|pm564q02|pm903q03|pm918q01|pm918q02|pm918q05",30.70504505885,124.967526068713,16.941853025297,68.9522342511883,0.245704192319265,24.5704192319266,0,68.9522342511883,TRUE,"ok","ok","item_rest",0,1,0,1,1,0,0,0,0,0,0,1,0,1,1,1,0,1,0,0,0,1,1,1,1,0,0,0,0,0,0,0,0,1.0000984769457,0,1.2942101262835,1.20257572297271,0,0,0,0,0,0,1.11464269391646,0,1.03016645367673,1.62787399540524,1.37082364536879,0,1.77401492798991,0,0,0,2.90064730427663,1,1.25755024269656,1.36924943576479,0,0,0,0,0,0,0
"PISA1875",9,32,"(9,32)",0.28125,"pm033q01|pm155q01|pm155q04t|pm305q01|pm411q02|pm496q01t|pm496q02|pm603q01t|pm918q01",21.5204279324136,124.967526068713,11.8741375032557,68.9522342511883,0.172208161667381,17.2208161667381,0,68.9522342511883,TRUE,"ok","ok","item_rest",0,1,0,1,1,0,1,0,0,0,1,0,0,0,1,1,0,0,0,1,0,0,1,0,0,0,0,0,0,0,0,0,0,1.0000984769457,0,1.2942101262835,1.20257572297271,0,1.27673050543826,0,0,0,1.60594277149801,0,0,0,1.62787399540524,1.37082364536879,0,0,0,1.49588225934354,0,0,1,0,0,0,0,0,0,0,0,0
"PISA1895",19,32,"(19,32)",0.59375,"pm033q01|pm034q01t|pm155q01|pm305q01|pm411q01|pm423q01|pm442q02|pm474q01|pm496q01t|pm496q02|pm564q02|pm571q01|pm903q03|pm918q01|pm918q02|pm918q05|pm923q03|pm995q01|pm995q03",57.1808454098099,124.967526068713,31.5501728441858,68.9522342511883,0.457565634918379,45.7565634918379,0,68.9522342511883,TRUE,"ok","ok","item_rest",0,1,1,1,0,0,1,0,0,1,0,1,1,1,1,1,0,1,1,0,0,1,1,1,1,0,1,0,0,1,0,1,0,1.0000984769457,1.96771446709354,1.2942101262835,0,0,1.27673050543826,0,0,1.93071340341164,0,1.11464269391646,2.58139463965431,1.03016645367673,1.62787399540524,1.37082364536879,0,1.77401492798991,1.83236153892946,0,0,2.90064730427663,1,1.25755024269656,1.36924943576479,0,1.51181899463805,0,0,2.47315752973098,0,2.23700446296524
"PISA1896",13,32,"(13,32)",0.40625,"pm033q01|pm155q01|pm155q04t|pm192q01t|pm423q01|pm442q02|pm474q01|pm496q01t|pm564q01|pm571q01|pm918q01|pm918q02|pm923q01",34.8165615642453,124.967526068713,19.2104283754385,68.9522342511883,0.278604871677634,27.8604871677634,0,68.9522342511883,TRUE,"ok","ok","item_rest",0,1,0,1,1,1,0,0,0,0,0,1,1,1,1,0,1,0,1,0,0,0,1,1,0,1,0,0,0,0,0,0,0,1.0000984769457,0,1.2942101262835,1.20257572297271,2.05942193849789,0,0,0,0,0,1.11464269391646,2.58139463965431,1.03016645367673,1.62787399540524,0,1.45473339099819,0,1.83236153892946,0,0,0,1,1.25755024269656,0,1.75539915546177,0,0,0,0,0,0
"PISA1902",12,32,"(12,32)",0.375,"pm033q01|pm034q01t|pm155q01|pm423q01|pm474q01|pm496q02|pm564q01|pm918q01|pm918q02|pm923q01|pm923q03|pm995q01",31.2278475732362,124.967526068713,17.2303151768103,68.9522342511883,0.249887699273694,24.9887699273694,0,68.9522342511883,TRUE,"ok","ok","item_rest",0,1,1,1,0,0,0,0,0,0,0,1,0,1,0,1,1,0,0,0,0,0,1,1,0,1,1,0,0,1,0,0,0,1.0000984769457,1.96771446709354,1.2942101262835,0,0,0,0,0,0,0,1.11464269391646,0,1.03016645367673,0,1.37082364536879,1.45473339099819,0,0,0,0,0,1,1.25755024269656,0,1.75539915546177,1.51181899463805,0,0,2.47315752973098,0,0
"PISA1925",12,32,"(12,32)",0.375,"pm034q01t|pm155q01|pm423q01|pm474q01|pm496q01t|pm496q02|pm564q01|pm571q01|pm603q01t|pm918q01|pm918q02|pm918q05",30.4755168282472,124.967526068713,16.8152082494768,68.9522342511883,0.243867489314706,24.3867489314706,0,68.9522342511883,TRUE,"ok","ok","item_rest",0,0,1,1,0,0,0,0,0,0,0,1,0,1,1,1,1,0,1,1,0,0,1,1,1,0,0,0,0,0,0,0,0,0,1.96771446709354,1.2942101262835,0,0,0,0,0,0,0,1.11464269391646,0,1.03016645367673,1.62787399540524,1.37082364536879,1.45473339099819,0,1.83236153892946,1.49588225934354,0,0,1,1.25755024269656,1.36924943576479,0,0,0,0,0,0,0
"PISA1926",11,32,"(11,32)",0.34375,"pm033q01|pm411q02|pm423q01|pm496q01t|pm564q01|pm571q01|pm603q01t|pm918q01|pm918q02|pm918q05|pm923q01",28.1167532023214,124.967526068713,15.5137339609597,68.9522342511883,0.224992476740409,22.4992476740409,0,68.9522342511883,TRUE,"ok","ok","item_rest",0,1,0,0,0,0,0,0,0,0,1,1,0,0,1,0,1,0,1,1,0,0,1,1,1,1,0,0,0,0,0,0,0,1.0000984769457,0,0,0,0,0,0,0,0,1.60594277149801,1.11464269391646,0,0,1.62787399540524,0,1.45473339099819,0,1.83236153892946,1.49588225934354,0,0,1,1.25755024269656,1.36924943576479,1.75539915546177,0,0,0,0,0,0
"PISA1959",9,32,"(9,32)",0.28125,"pm033q01|pm155q04t|pm305q01|pm411q01|pm474q01|pm918q01|pm918q05|pm923q03|pm924q02",22.489347508384,124.967526068713,12.408749747529,68.9522342511883,0.179961532534606,17.9961532534606,0,68.9522342511883,TRUE,"ok","ok","item_rest",0,1,0,0,1,0,1,0,0,1,0,0,0,1,0,0,0,0,0,0,0,0,1,0,1,0,1,0,1,0,0,0,0,1.0000984769457,0,0,1.20257572297271,0,1.27673050543826,0,0,1.93071340341164,0,0,0,1.03016645367673,0,0,0,0,0,0,0,0,1,0,1.36924943576479,0,1.51181899463805,0,2.08739675468112,0,0,0
"PISA1965",7,32,"(7,32)",0.21875,"pm033q01|pm034q01t|pm155q04t|pm423q01|pm474q01|pm918q01|pm918q02",15.5370616770536,124.967526068713,8.57274805730169,68.9522342511883,0.124328792973869,12.4328792973869,0,68.9522342511883,TRUE,"ok","ok","item_rest",0,1,1,0,1,0,0,0,0,0,0,1,0,1,0,0,0,0,0,0,0,0,1,1,0,0,0,0,0,0,0,0,0,1.0000984769457,1.96771446709354,0,1.20257572297271,0,0,0,0,0,0,1.11464269391646,0,1.03016645367673,0,0,0,0,0,0,0,0,1,1.25755024269656,0,0,0,0,0,0,0,0
"PISA1978",9,32,"(9,32)",0.28125,"pm033q01|pm155q04t|pm423q01|pm474q01|pm496q01t|pm564q01|pm564q02|pm918q01|pm918q05",20.9752964581505,124.967526068713,11.5733550976697,68.9522342511883,0.167845976614895,16.7845976614895,0,68.9522342511883,TRUE,"ok","ok","item_rest",0,1,0,0,1,0,0,0,0,0,0,1,0,1,1,0,1,1,0,0,0,0,1,0,1,0,0,0,0,0,0,0,0,1.0000984769457,0,0,1.20257572297271,0,0,0,0,0,0,1.11464269391646,0,1.03016645367673,1.62787399540524,0,1.45473339099819,1.77401492798991,0,0,0,0,1,0,1.36924943576479,0,0,0,0,0,0,0
"PISA1993",2,32,"(2,32)",0.0625,"pm033q01|pm423q01",3.83271079274337,124.967526068713,2.11474117086216,68.9522342511883,0.0306696540558541,3.06696540558541,0,68.9522342511883,TRUE,"ok","ok","item_rest",0,1,0,0,0,0,0,0,0,0,0,1,0,0,0,0,0,0,0,0,0,0,0,0,0,0,0,0,0,0,0,0,0,1.0000984769457,0,0,0,0,0,0,0,0,0,1.11464269391646,0,0,0,0,0,0,0,0,0,0,0,0,0,0,0,0,0,0,0,0
"PISA1996",29,32,"(29,32)",0.90625,"pm00fq01|pm033q01|pm034q01t|pm155q01|pm155q04t|pm192q01t|pm305q01|pm406q01|pm406q02|pm411q01|pm411q02|pm423q01|pm442q02|pm496q01t|pm496q02|pm564q01|pm564q02|pm571q01|pm603q01t|pm803q01t|pm903q03|pm918q01|pm918q02|pm918q05|pm923q01|pm923q03|pm924q02|pm995q01|pm995q02",111.168983622379,124.967526068713,61.3387336801565,68.9522342511883,0.889582975030275,88.9582975030275,0,68.9522342511883,TRUE,"ok","ok","item_rest",1,1,1,1,1,1,1,1,1,1,1,1,1,0,1,1,1,1,1,1,1,1,1,1,1,1,1,0,1,1,1,0,2.14097710825686,1.0000984769457,1.96771446709354,1.2942101262835,1.20257572297271,2.05942193849789,1.27673050543826,2.80811908860377,4.7812223423438,1.93071340341164,1.60594277149801,1.11464269391646,2.58139463965431,0,1.62787399540524,1.37082364536879,1.45473339099819,1.77401492798991,1.83236153892946,1.49588225934354,3.04332111700611,2.90064730427663,1,1.25755024269656,1.36924943576479,1.75539915546177,1.51181899463805,0,2.08739675468112,2.47315752973098,8.62074010294895,0
"PISA2018",12,32,"(12,32)",0.375,"pm155q01|pm305q01|pm406q01|pm411q01|pm411q02|pm423q01|pm496q02|pm564q01|pm918q01|pm918q02|pm918q05|pm924q02",33.6560662318156,124.967526068713,18.5701120586611,68.9522342511883,0.269318496497321,26.9318496497321,0,68.9522342511883,TRUE,"ok","ok","item_rest",0,0,0,1,0,0,1,1,0,1,1,1,0,0,0,1,1,0,0,0,0,0,1,1,1,0,0,0,1,0,0,0,0,0,0,1.2942101262835,0,0,1.27673050543826,2.80811908860377,0,1.93071340341164,1.60594277149801,1.11464269391646,0,0,0,1.37082364536879,1.45473339099819,0,0,0,0,0,1,1.25755024269656,1.36924943576479,0,0,0,2.08739675468112,0,0,0
"PISA2036",12,32,"(12,32)",0.375,"pm033q01|pm155q01|pm155q04t|pm192q01t|pm411q02|pm423q01|pm442q02|pm496q01t|pm496q02|pm918q01|pm918q05|pm923q01",32.5895188941015,124.967526068713,17.9816326017692,68.9522342511883,0.260783900580557,26.0783900580557,0,68.9522342511883,TRUE,"ok","ok","item_rest",0,1,0,1,1,1,0,0,0,0,1,1,1,0,1,1,0,0,0,0,0,0,1,0,1,1,0,0,0,0,0,0,0,1.0000984769457,0,1.2942101262835,1.20257572297271,2.05942193849789,0,0,0,0,1.60594277149801,1.11464269391646,2.58139463965431,0,1.62787399540524,1.37082364536879,0,0,0,0,0,0,1,0,1.36924943576479,1.75539915546177,0,0,0,0,0,0
"PISA2038",6,32,"(6,32)",0.1875,"pm423q01|pm474q01|pm564q01|pm918q01|pm918q05|pm923q03",13.5576962288438,124.967526068713,7.48061096899421,68.9522342511883,0.108489754541424,10.8489754541424,0,68.9522342511883,TRUE,"ok","ok","item_rest",0,0,0,0,0,0,0,0,0,0,0,1,0,1,0,0,1,0,0,0,0,0,1,0,1,0,1,0,0,0,0,0,0,0,0,0,0,0,0,0,0,0,0,1.11464269391646,0,1.03016645367673,0,0,1.45473339099819,0,0,0,0,0,1,0,1.36924943576479,0,1.51181899463805,0,0,0,0,0
"PISA2053",15,32,"(15,32)",0.46875,"pm033q01|pm192q01t|pm406q01|pm411q01|pm423q01|pm442q02|pm474q01|pm496q02|pm564q01|pm918q01|pm918q02|pm918q05|pm923q03|pm924q02|pm995q03",44.9707824032942,124.967526068713,24.8131336218192,68.9522342511883,0.359859747712114,35.9859747712114,0,68.9522342511883,TRUE,"ok","ok","item_rest",0,1,0,0,0,1,0,1,0,1,0,1,1,1,0,1,1,0,0,0,0,0,1,1,1,0,1,0,1,0,0,1,0,1.0000984769457,0,0,0,2.05942193849789,0,2.80811908860377,0,1.93071340341164,0,1.11464269391646,2.58139463965431,1.03016645367673,0,1.37082364536879,1.45473339099819,0,0,0,0,0,1,1.25755024269656,1.36924943576479,0,1.51181899463805,0,2.08739675468112,0,0,2.23700446296524
"PISA2066",11,32,"(11,32)",0.34375,"pm155q01|pm155q04t|pm411q01|pm496q01t|pm496q02|pm564q01|pm571q01|pm918q01|pm918q02|pm918q05|pm923q03",28.729656982395,124.967526068713,15.8519104964689,68.9522342511883,0.229896981129306,22.9896981129306,0,68.9522342511883,TRUE,"ok","ok","item_rest",0,0,0,1,1,0,0,0,0,1,0,0,0,0,1,1,1,0,1,0,0,0,1,1,1,0,1,0,0,0,0,0,0,0,0,1.2942101262835,1.20257572297271,0,0,0,0,1.93071340341164,0,0,0,0,1.62787399540524,1.37082364536879,1.45473339099819,0,1.83236153892946,0,0,0,1,1.25755024269656,1.36924943576479,0,1.51181899463805,0,0,0,0,0
"PISA2081",7,32,"(7,32)",0.21875,"pm00fq01|pm033q01|pm155q01|pm423q01|pm474q01|pm496q01t|pm918q01",16.6883220008619,124.967526068713,9.20796885448449,68.9522342511883,0.133541268886813,13.3541268886813,0,68.9522342511883,TRUE,"ok","ok","item_rest",1,1,0,1,0,0,0,0,0,0,0,1,0,1,1,0,0,0,0,0,0,0,1,0,0,0,0,0,0,0,0,0,2.14097710825686,1.0000984769457,0,1.2942101262835,0,0,0,0,0,0,0,1.11464269391646,0,1.03016645367673,1.62787399540524,0,0,0,0,0,0,0,1,0,0,0,0,0,0,0,0,0
"PISA2089",5,32,"(5,32)",0.15625,"pm033q01|pm192q01t|pm305q01|pm423q01|pm474q01",11.7461319688287,124.967526068713,6.48106006847504,68.9522342511883,0.0939934744516759,9.39934744516759,0,68.9522342511883,TRUE,"ok","ok","item_rest",0,1,0,0,0,1,1,0,0,0,0,1,0,1,0,0,0,0,0,0,0,0,0,0,0,0,0,0,0,0,0,0,0,1.0000984769457,0,0,0,2.05942193849789,1.27673050543826,0,0,0,0,1.11464269391646,0,1.03016645367673,0,0,0,0,0,0,0,0,0,0,0,0,0,0,0,0,0,0
"PISA2102",12,32,"(12,32)",0.375,"pm033q01|pm034q01t|pm155q01|pm155q04t|pm192q01t|pm305q01|pm411q02|pm423q01|pm496q01t|pm564q01|pm564q02|pm923q01",32.8645030105939,124.967526068713,18.1333581725012,68.9522342511883,0.262984345169187,26.2984345169187,0,68.9522342511883,TRUE,"ok","ok","item_rest",0,1,1,1,1,1,1,0,0,0,1,1,0,0,1,0,1,1,0,0,0,0,0,0,0,1,0,0,0,0,0,0,0,1.0000984769457,1.96771446709354,1.2942101262835,1.20257572297271,2.05942193849789,1.27673050543826,0,0,0,1.60594277149801,1.11464269391646,0,0,1.62787399540524,0,1.45473339099819,1.77401492798991,0,0,0,0,0,0,0,1.75539915546177,0,0,0,0,0,0
"PISA2113",5,32,"(5,32)",0.15625,"pm155q01|pm411q02|pm474q01|pm918q01|pm923q03",11.6755910877561,124.967526068713,6.44213834609629,68.9522342511883,0.0934290007576551,9.34290007576551,0,68.9522342511883,TRUE,"ok","ok","item_rest",0,0,0,1,0,0,0,0,0,0,1,0,0,1,0,0,0,0,0,0,0,0,1,0,0,0,1,0,0,0,0,0,0,0,0,1.2942101262835,0,0,0,0,0,0,1.60594277149801,0,0,1.03016645367673,0,0,0,0,0,0,0,0,1,0,0,0,1.51181899463805,0,0,0,0,0
"PISA2119",19,32,"(19,32)",0.59375,"pm00fq01|pm033q01|pm034q01t|pm305q01|pm411q02|pm423q01|pm442q02|pm474q01|pm496q01t|pm564q01|pm564q02|pm571q01|pm603q01t|pm918q01|pm918q02|pm918q05|pm923q03|pm924q02|pm995q03",55.0338664484334,124.967526068713,30.3655531198919,68.9522342511883,0.440385339933617,44.0385339933617,0,68.9522342511883,TRUE,"ok","ok","item_rest",1,1,1,0,0,0,1,0,0,0,1,1,1,1,1,0,1,1,1,1,0,0,1,1,1,0,1,0,1,0,0,1,2.14097710825686,1.0000984769457,1.96771446709354,0,0,0,1.27673050543826,0,0,0,1.60594277149801,1.11464269391646,2.58139463965431,1.03016645367673,1.62787399540524,0,1.45473339099819,1.77401492798991,1.83236153892946,1.49588225934354,0,0,1,1.25755024269656,1.36924943576479,0,1.51181899463805,0,2.08739675468112,0,0,2.23700446296524
"PISA2129",30,32,"(30,32)",0.9375,"pm00fq01|pm033q01|pm034q01t|pm155q01|pm155q04t|pm192q01t|pm305q01|pm406q01|pm406q02|pm411q01|pm411q02|pm423q01|pm442q02|pm474q01|pm496q01t|pm496q02|pm564q01|pm564q02|pm603q01t|pm803q01t|pm903q03|pm918q01|pm918q02|pm918q05|pm923q01|pm923q03|pm923q04|pm924q02|pm995q01|pm995q03",106.022552550211,124.967526068713,58.4991326093099,68.9522342511883,0.84840082768314,84.840082768314,0,68.9522342511883,TRUE,"ok","ok","item_rest",1,1,1,1,1,1,1,1,1,1,1,1,1,1,1,1,1,1,0,1,1,1,1,1,1,1,1,1,1,1,0,1,2.14097710825686,1.0000984769457,1.96771446709354,1.2942101262835,1.20257572297271,2.05942193849789,1.27673050543826,2.80811908860377,4.7812223423438,1.93071340341164,1.60594277149801,1.11464269391646,2.58139463965431,1.03016645367673,1.62787399540524,1.37082364536879,1.45473339099819,1.77401492798991,0,1.49588225934354,3.04332111700611,2.90064730427663,1,1.25755024269656,1.36924943576479,1.75539915546177,1.51181899463805,4.34632965438984,2.08739675468112,2.47315752973098,0,2.23700446296524
"PISA2132",23,32,"(23,32)",0.71875,"pm00fq01|pm033q01|pm034q01t|pm155q01|pm155q04t|pm305q01|pm411q02|pm423q01|pm442q02|pm474q01|pm564q01|pm571q01|pm603q01t|pm803q01t|pm903q03|pm918q01|pm918q02|pm918q05|pm923q01|pm923q03|pm924q02|pm995q01|pm995q03",71.8299400926436,124.967526068713,39.6329751522285,68.9522342511883,0.574788845969055,57.4788845969055,0,68.9522342511883,TRUE,"ok","ok","item_rest",1,1,1,1,1,0,1,0,0,0,1,1,1,1,0,0,1,0,1,1,1,1,1,1,1,1,1,0,1,1,0,1,2.14097710825686,1.0000984769457,1.96771446709354,1.2942101262835,1.20257572297271,0,1.27673050543826,0,0,0,1.60594277149801,1.11464269391646,2.58139463965431,1.03016645367673,0,0,1.45473339099819,0,1.83236153892946,1.49588225934354,3.04332111700611,2.90064730427663,1,1.25755024269656,1.36924943576479,1.75539915546177,1.51181899463805,0,2.08739675468112,2.47315752973098,0,2.23700446296524
"PISA2148",11,32,"(11,32)",0.34375,"pm155q01|pm155q04t|pm406q01|pm411q01|pm474q01|pm496q01t|pm496q02|pm564q02|pm918q01|pm918q02|pm918q05",30.2038210244767,124.967526068713,16.6652970421736,68.9522342511883,0.241693358063831,24.1693358063831,0,68.9522342511883,TRUE,"ok","ok","item_rest",0,0,0,1,1,0,0,1,0,1,0,0,0,1,1,1,0,1,0,0,0,0,1,1,1,0,0,0,0,0,0,0,0,0,0,1.2942101262835,1.20257572297271,0,0,2.80811908860377,0,1.93071340341164,0,0,0,1.03016645367673,1.62787399540524,1.37082364536879,0,1.77401492798991,0,0,0,0,1,1.25755024269656,1.36924943576479,0,0,0,0,0,0,0
"PISA2159",7,32,"(7,32)",0.21875,"pm033q01|pm305q01|pm423q01|pm496q01t|pm564q02|pm918q01|pm918q05",16.60611466617,124.967526068713,9.16261003546036,68.9522342511883,0.132883439310778,13.2883439310778,0,68.9522342511883,TRUE,"ok","ok","item_rest",0,1,0,0,0,0,1,0,0,0,0,1,0,0,1,0,0,1,0,0,0,0,1,0,1,0,0,0,0,0,0,0,0,1.0000984769457,0,0,0,0,1.27673050543826,0,0,0,0,1.11464269391646,0,0,1.62787399540524,0,0,1.77401492798991,0,0,0,0,1,0,1.36924943576479,0,0,0,0,0,0,0
"PISA2165",25,32,"(25,32)",0.78125,"pm033q01|pm034q01t|pm155q01|pm155q04t|pm192q01t|pm305q01|pm411q02|pm423q01|pm442q02|pm474q01|pm496q01t|pm496q02|pm564q01|pm564q02|pm571q01|pm603q01t|pm803q01t|pm903q03|pm918q01|pm918q02|pm918q05|pm923q01|pm923q03|pm924q02|pm995q01",76.2777933687811,124.967526068713,42.0871280882682,68.9522342511883,0.610380918694348,61.0380918694348,0,68.9522342511883,TRUE,"ok","ok","item_rest",0,1,1,1,1,1,1,0,0,0,1,1,1,1,1,1,1,1,1,1,1,1,1,1,1,1,1,0,1,1,0,0,0,1.0000984769457,1.96771446709354,1.2942101262835,1.20257572297271,2.05942193849789,1.27673050543826,0,0,0,1.60594277149801,1.11464269391646,2.58139463965431,1.03016645367673,1.62787399540524,1.37082364536879,1.45473339099819,1.77401492798991,1.83236153892946,1.49588225934354,3.04332111700611,2.90064730427663,1,1.25755024269656,1.36924943576479,1.75539915546177,1.51181899463805,0,2.08739675468112,2.47315752973098,0,0
"PISA2175",25,32,"(25,32)",0.78125,"pm00fq01|pm033q01|pm034q01t|pm155q01|pm155q04t|pm192q01t|pm305q01|pm406q01|pm406q02|pm411q01|pm423q01|pm442q02|pm496q01t|pm564q01|pm564q02|pm571q01|pm803q01t|pm903q03|pm918q01|pm918q05|pm923q01|pm923q03|pm923q04|pm924q02|pm995q01",93.0368477240484,124.967526068713,51.3341243126905,68.9522342511883,0.744488193459893,74.4488193459893,0,68.9522342511883,TRUE,"ok","ok","item_rest",1,1,1,1,1,1,1,1,1,1,0,1,1,0,1,0,1,1,1,0,1,1,1,0,1,1,1,1,1,1,0,0,2.14097710825686,1.0000984769457,1.96771446709354,1.2942101262835,1.20257572297271,2.05942193849789,1.27673050543826,2.80811908860377,4.7812223423438,1.93071340341164,0,1.11464269391646,2.58139463965431,0,1.62787399540524,0,1.45473339099819,1.77401492798991,1.83236153892946,0,3.04332111700611,2.90064730427663,1,0,1.36924943576479,1.75539915546177,1.51181899463805,4.34632965438984,2.08739675468112,2.47315752973098,0,0
"PISA2202",14,32,"(14,32)",0.4375,"pm033q01|pm155q04t|pm192q01t|pm305q01|pm406q01|pm423q01|pm442q02|pm496q01t|pm496q02|pm803q01t|pm918q01|pm923q01|pm924q02|pm995q01",46.0361375313931,124.967526068713,25.4009552636831,68.9522342511883,0.368384803473505,36.8384803473505,0,68.9522342511883,TRUE,"ok","ok","item_rest",0,1,0,0,1,1,1,1,0,0,0,1,1,0,1,1,0,0,0,0,1,0,1,0,0,1,0,0,1,1,0,0,0,1.0000984769457,0,0,1.20257572297271,2.05942193849789,1.27673050543826,2.80811908860377,0,0,0,1.11464269391646,2.58139463965431,0,1.62787399540524,1.37082364536879,0,0,0,0,3.04332111700611,0,1,0,0,1.75539915546177,0,0,2.08739675468112,2.47315752973098,0,0
"PISA2216",10,32,"(10,32)",0.3125,"pm423q01|pm474q01|pm564q01|pm603q01t|pm918q01|pm918q02|pm918q05|pm923q01|pm923q03|pm924q02",25.5125567929227,124.967526068713,14.0768393811772,68.9522342511883,0.204153491675066,20.4153491675066,0,68.9522342511883,TRUE,"ok","ok","item_rest",0,0,0,0,0,0,0,0,0,0,0,1,0,1,0,0,1,0,0,1,0,0,1,1,1,1,1,0,1,0,0,0,0,0,0,0,0,0,0,0,0,0,0,1.11464269391646,0,1.03016645367673,0,0,1.45473339099819,0,0,1.49588225934354,0,0,1,1.25755024269656,1.36924943576479,1.75539915546177,1.51181899463805,0,2.08739675468112,0,0,0
"PISA2217",30,32,"(30,32)",0.9375,"pm00fq01|pm033q01|pm034q01t|pm155q01|pm155q04t|pm192q01t|pm406q01|pm406q02|pm411q01|pm411q02|pm423q01|pm442q02|pm474q01|pm496q01t|pm496q02|pm564q01|pm564q02|pm571q01|pm603q01t|pm803q01t|pm903q03|pm918q01|pm918q02|pm918q05|pm923q01|pm923q03|pm923q04|pm924q02|pm995q01|pm995q03",107.029566121511,124.967526068713,59.0547636428011,68.9522342511883,0.85645902970553,85.645902970553,0,68.9522342511883,TRUE,"ok","ok","item_rest",1,1,1,1,1,1,0,1,1,1,1,1,1,1,1,1,1,1,1,1,1,1,1,1,1,1,1,1,1,1,0,1,2.14097710825686,1.0000984769457,1.96771446709354,1.2942101262835,1.20257572297271,2.05942193849789,0,2.80811908860377,4.7812223423438,1.93071340341164,1.60594277149801,1.11464269391646,2.58139463965431,1.03016645367673,1.62787399540524,1.37082364536879,1.45473339099819,1.77401492798991,1.83236153892946,1.49588225934354,3.04332111700611,2.90064730427663,1,1.25755024269656,1.36924943576479,1.75539915546177,1.51181899463805,4.34632965438984,2.08739675468112,2.47315752973098,0,2.23700446296524
"PISA2222",15,32,"(15,32)",0.46875,"pm033q01|pm034q01t|pm155q01|pm155q04t|pm305q01|pm411q01|pm423q01|pm474q01|pm496q02|pm571q01|pm603q01t|pm918q01|pm918q02|pm918q05|pm995q01",39.1761433047663,124.967526068713,21.6158765015727,68.9522342511883,0.313490588612799,31.3490588612799,0,68.9522342511883,TRUE,"ok","ok","item_rest",0,1,1,1,1,0,1,0,0,1,0,1,0,1,0,1,0,0,1,1,0,0,1,1,1,0,0,0,0,1,0,0,0,1.0000984769457,1.96771446709354,1.2942101262835,1.20257572297271,0,1.27673050543826,0,0,1.93071340341164,0,1.11464269391646,0,1.03016645367673,0,1.37082364536879,0,0,1.83236153892946,1.49588225934354,0,0,1,1.25755024269656,1.36924943576479,0,0,0,0,2.47315752973098,0,0
"PISA2235",17,32,"(17,32)",0.53125,"pm033q01|pm155q01|pm155q04t|pm192q01t|pm305q01|pm411q01|pm411q02|pm423q01|pm474q01|pm496q01t|pm564q02|pm803q01t|pm918q01|pm918q02|pm918q05|pm923q01|pm995q01",48.5990455245832,124.967526068713,26.8150684966963,68.9522342511883,0.388893395375859,38.8893395375859,0,68.9522342511883,TRUE,"ok","ok","item_rest",0,1,0,1,1,1,1,0,0,1,1,1,0,1,1,0,0,1,0,0,1,0,1,1,1,1,0,0,0,1,0,0,0,1.0000984769457,0,1.2942101262835,1.20257572297271,2.05942193849789,1.27673050543826,0,0,1.93071340341164,1.60594277149801,1.11464269391646,0,1.03016645367673,1.62787399540524,0,0,1.77401492798991,0,0,3.04332111700611,0,1,1.25755024269656,1.36924943576479,1.75539915546177,0,0,0,2.47315752973098,0,0
"PISA2238",8,32,"(8,32)",0.25,"pm00fq01|pm411q01|pm423q01|pm496q02|pm918q01|pm918q02|pm918q05|pm924q02",22.2403331535592,124.967526068713,12.2713532840962,68.9522342511883,0.177968900027119,17.7968900027119,0,68.9522342511883,TRUE,"ok","ok","item_rest",1,0,0,0,0,0,0,0,0,1,0,1,0,0,0,1,0,0,0,0,0,0,1,1,1,0,0,0,1,0,0,0,2.14097710825686,0,0,0,0,0,0,0,0,1.93071340341164,0,1.11464269391646,0,0,0,1.37082364536879,0,0,0,0,0,0,1,1.25755024269656,1.36924943576479,0,0,0,2.08739675468112,0,0,0
"PISA2274",7,32,"(7,32)",0.21875,"pm155q01|pm305q01|pm474q01|pm918q01|pm918q02|pm923q03|pm995q03",17.4123887148838,124.967526068713,9.60748078569833,68.9522342511883,0.139335307840772,13.9335307840772,0,68.9522342511883,TRUE,"ok","ok","item_rest",0,0,0,1,0,0,1,0,0,0,0,0,0,1,0,0,0,0,0,0,0,0,1,1,0,0,1,0,0,0,0,1,0,0,0,1.2942101262835,0,0,1.27673050543826,0,0,0,0,0,0,1.03016645367673,0,0,0,0,0,0,0,0,1,1.25755024269656,0,0,1.51181899463805,0,0,0,0,2.23700446296524
"PISA2281",24,32,"(24,32)",0.75,"pm033q01|pm034q01t|pm155q01|pm155q04t|pm192q01t|pm305q01|pm411q01|pm423q01|pm442q02|pm474q01|pm496q01t|pm496q02|pm571q01|pm603q01t|pm903q03|pm918q01|pm918q02|pm918q05|pm923q01|pm923q03|pm923q04|pm924q02|pm995q01|pm995q03",77.4305299037961,124.967526068713,42.7231634015427,68.9522342511883,0.6196052073658,61.96052073658,0,68.9522342511883,TRUE,"ok","ok","item_rest",0,1,1,1,1,1,1,0,0,1,0,1,1,1,1,1,0,0,1,1,0,1,1,1,1,1,1,1,1,1,0,1,0,1.0000984769457,1.96771446709354,1.2942101262835,1.20257572297271,2.05942193849789,1.27673050543826,0,0,1.93071340341164,0,1.11464269391646,2.58139463965431,1.03016645367673,1.62787399540524,1.37082364536879,0,0,1.83236153892946,1.49588225934354,0,2.90064730427663,1,1.25755024269656,1.36924943576479,1.75539915546177,1.51181899463805,4.34632965438984,2.08739675468112,2.47315752973098,0,2.23700446296524
"PISA2310",11,32,"(11,32)",0.34375,"pm034q01t|pm155q01|pm155q04t|pm406q01|pm411q02|pm423q01|pm564q01|pm571q01|pm918q01|pm918q02|pm918q05",30.6420584887934,124.967526068713,16.907099478757,68.9522342511883,0.245200168817816,24.5200168817816,0,68.9522342511883,TRUE,"ok","ok","item_rest",0,0,1,1,1,0,0,1,0,0,1,1,0,0,0,0,1,0,1,0,0,0,1,1,1,0,0,0,0,0,0,0,0,0,1.96771446709354,1.2942101262835,1.20257572297271,0,0,2.80811908860377,0,0,1.60594277149801,1.11464269391646,0,0,0,0,1.45473339099819,0,1.83236153892946,0,0,0,1,1.25755024269656,1.36924943576479,0,0,0,0,0,0,0
"PISA2322",19,32,"(19,32)",0.59375,"pm033q01|pm155q01|pm155q04t|pm192q01t|pm305q01|pm411q02|pm423q01|pm442q02|pm496q01t|pm496q02|pm564q01|pm603q01t|pm803q01t|pm918q01|pm918q02|pm923q01|pm923q03|pm923q04|pm995q01",60.6637542431083,124.967526068713,33.4719068602459,68.9522342511883,0.485436146105288,48.5436146105288,0,68.9522342511883,TRUE,"ok","ok","item_rest",0,1,0,1,1,1,1,0,0,0,1,1,1,0,1,1,1,0,0,1,1,0,1,1,0,1,1,1,0,1,0,0,0,1.0000984769457,0,1.2942101262835,1.20257572297271,2.05942193849789,1.27673050543826,0,0,0,1.60594277149801,1.11464269391646,2.58139463965431,0,1.62787399540524,1.37082364536879,1.45473339099819,0,0,1.49588225934354,3.04332111700611,0,1,1.25755024269656,0,1.75539915546177,1.51181899463805,4.34632965438984,0,2.47315752973098,0,0
"PISA2331",17,32,"(17,32)",0.53125,"pm033q01|pm155q01|pm192q01t|pm305q01|pm411q01|pm411q02|pm423q01|pm474q01|pm496q01t|pm496q02|pm571q01|pm903q03|pm918q01|pm918q02|pm923q03|pm924q02|pm995q03",49.1832381102266,124.967526068713,27.1374033086293,68.9522342511883,0.393568150522426,39.3568150522426,0,68.9522342511883,TRUE,"ok","ok","item_rest",0,1,0,1,0,1,1,0,0,1,1,1,0,1,1,1,0,0,1,0,0,1,1,1,0,0,1,0,1,0,0,1,0,1.0000984769457,0,1.2942101262835,0,2.05942193849789,1.27673050543826,0,0,1.93071340341164,1.60594277149801,1.11464269391646,0,1.03016645367673,1.62787399540524,1.37082364536879,0,0,1.83236153892946,0,0,2.90064730427663,1,1.25755024269656,0,0,1.51181899463805,0,2.08739675468112,0,0,2.23700446296524
"PISA2337",12,32,"(12,32)",0.375,"pm033q01|pm155q01|pm155q04t|pm305q01|pm474q01|pm564q01|pm564q02|pm918q01|pm918q02|pm918q05|pm923q01|pm923q03",28.8649273386961,124.967526068713,15.9265474328662,68.9522342511883,0.230979425189426,23.0979425189426,0,68.9522342511883,TRUE,"ok","ok","item_rest",0,1,0,1,1,0,1,0,0,0,0,0,0,1,0,0,1,1,0,0,0,0,1,1,1,1,1,0,0,0,0,0,0,1.0000984769457,0,1.2942101262835,1.20257572297271,0,1.27673050543826,0,0,0,0,0,0,1.03016645367673,0,0,1.45473339099819,1.77401492798991,0,0,0,0,1,1.25755024269656,1.36924943576479,1.75539915546177,1.51181899463805,0,0,0,0,0
"PISA2353",14,32,"(14,32)",0.4375,"pm033q01|pm155q01|pm192q01t|pm406q01|pm406q02|pm411q01|pm411q02|pm423q01|pm496q01t|pm496q02|pm564q01|pm571q01|pm603q01t|pm803q01t",49.6942625739056,124.967526068713,27.4193667885521,68.9522342511883,0.397657408586141,39.7657408586141,0,68.9522342511883,TRUE,"ok","ok","item_rest",0,1,0,1,0,1,0,1,1,1,1,1,0,0,1,1,1,0,1,1,1,0,0,0,0,0,0,0,0,0,0,0,0,1.0000984769457,0,1.2942101262835,0,2.05942193849789,0,2.80811908860377,4.7812223423438,1.93071340341164,1.60594277149801,1.11464269391646,0,0,1.62787399540524,1.37082364536879,1.45473339099819,0,1.83236153892946,1.49588225934354,3.04332111700611,0,0,0,0,0,0,0,0,0,0,0
"PISA2371",7,32,"(7,32)",0.21875,"pm033q01|pm034q01t|pm411q02|pm603q01t|pm918q01|pm918q02|pm918q05",17.5736122023748,124.967526068713,9.69643765334213,68.9522342511883,0.140625430903641,14.0625430903641,0,68.9522342511883,TRUE,"ok","ok","item_rest",0,1,1,0,0,0,0,0,0,0,1,0,0,0,0,0,0,0,0,1,0,0,1,1,1,0,0,0,0,0,0,0,0,1.0000984769457,1.96771446709354,0,0,0,0,0,0,0,1.60594277149801,0,0,0,0,0,0,0,0,1.49588225934354,0,0,1,1.25755024269656,1.36924943576479,0,0,0,0,0,0,0
"PISA2388",21,32,"(21,32)",0.65625,"pm033q01|pm034q01t|pm155q01|pm155q04t|pm411q01|pm411q02|pm423q01|pm474q01|pm496q01t|pm496q02|pm564q02|pm571q01|pm803q01t|pm918q01|pm918q02|pm918q05|pm923q01|pm923q04|pm924q02|pm995q01|pm995q03",67.6389449567117,124.967526068713,37.3205465761881,68.9522342511883,0.54125217234052,54.125217234052,0,68.9522342511883,TRUE,"ok","ok","item_rest",0,1,1,1,1,0,0,0,0,1,1,1,0,1,1,1,0,1,1,0,1,0,1,1,1,1,0,1,1,1,0,1,0,1.0000984769457,1.96771446709354,1.2942101262835,1.20257572297271,0,0,0,0,1.93071340341164,1.60594277149801,1.11464269391646,0,1.03016645367673,1.62787399540524,1.37082364536879,0,1.77401492798991,1.83236153892946,0,3.04332111700611,0,1,1.25755024269656,1.36924943576479,1.75539915546177,0,4.34632965438984,2.08739675468112,2.47315752973098,0,2.23700446296524
"PISA2418",7,32,"(7,32)",0.21875,"pm155q01|pm474q01|pm496q02|pm564q01|pm564q02|pm571q01|pm918q01",17.6821236890022,124.967526068713,9.75631008324658,68.9522342511883,0.141493748378116,14.1493748378116,0,68.9522342511883,TRUE,"ok","ok","item_rest",0,0,0,1,0,0,0,0,0,0,0,0,0,1,0,1,1,1,1,0,0,0,1,0,0,0,0,0,0,0,0,0,0,0,0,1.2942101262835,0,0,0,0,0,0,0,0,0,1.03016645367673,0,1.37082364536879,1.45473339099819,1.77401492798991,1.83236153892946,0,0,0,1,0,0,0,0,0,0,0,0,0
"PISA2420",14,32,"(14,32)",0.4375,"pm00fq01|pm033q01|pm155q01|pm155q04t|pm411q01|pm411q02|pm423q01|pm474q01|pm496q01t|pm496q02|pm918q01|pm918q02|pm918q05|pm924q02",36.3059602938659,124.967526068713,20.0322208308781,68.9522342511883,0.290523157783431,29.0523157783431,0,68.9522342511883,TRUE,"ok","ok","item_rest",1,1,0,1,1,0,0,0,0,1,1,1,0,1,1,1,0,0,0,0,0,0,1,1,1,0,0,0,1,0,0,0,2.14097710825686,1.0000984769457,0,1.2942101262835,1.20257572297271,0,0,0,0,1.93071340341164,1.60594277149801,1.11464269391646,0,1.03016645367673,1.62787399540524,1.37082364536879,0,0,0,0,0,0,1,1.25755024269656,1.36924943576479,0,0,0,2.08739675468112,0,0,0
"PISA2422",6,32,"(6,32)",0.1875,"pm033q01|pm155q01|pm423q01|pm564q02|pm918q01|pm918q05",13.6874710113378,124.967526068713,7.55221566090037,68.9522342511883,0.109528222586496,10.9528222586496,0,68.9522342511883,TRUE,"ok","ok","item_rest",0,1,0,1,0,0,0,0,0,0,0,1,0,0,0,0,0,1,0,0,0,0,1,0,1,0,0,0,0,0,0,0,0,1.0000984769457,0,1.2942101262835,0,0,0,0,0,0,0,1.11464269391646,0,0,0,0,0,1.77401492798991,0,0,0,0,1,0,1.36924943576479,0,0,0,0,0,0,0
"PISA2425",15,32,"(15,32)",0.46875,"pm00fq01|pm033q01|pm406q01|pm411q01|pm423q01|pm474q01|pm496q01t|pm496q02|pm564q02|pm603q01t|pm918q01|pm918q05|pm923q01|pm923q03|pm924q02",43.5282068759855,124.967526068713,24.0171763934644,68.9522342511883,0.348316144564241,34.8316144564241,0,68.9522342511883,TRUE,"ok","ok","item_rest",1,1,0,0,0,0,0,1,0,1,0,1,0,1,1,1,0,1,0,1,0,0,1,0,1,1,1,0,1,0,0,0,2.14097710825686,1.0000984769457,0,0,0,0,0,2.80811908860377,0,1.93071340341164,0,1.11464269391646,0,1.03016645367673,1.62787399540524,1.37082364536879,0,1.77401492798991,0,1.49588225934354,0,0,1,0,1.36924943576479,1.75539915546177,1.51181899463805,0,2.08739675468112,0,0,0
"PISA2436",11,32,"(11,32)",0.34375,"pm00fq01|pm155q01|pm474q01|pm496q01t|pm496q02|pm603q01t|pm918q01|pm918q02|pm918q05|pm923q01|pm923q03",28.7333559020808,124.967526068713,15.8539514168958,68.9522342511883,0.229926580176372,22.9926580176372,0,68.9522342511883,TRUE,"ok","ok","item_rest",1,0,0,1,0,0,0,0,0,0,0,0,0,1,1,1,0,0,0,1,0,0,1,1,1,1,1,0,0,0,0,0,2.14097710825686,0,0,1.2942101262835,0,0,0,0,0,0,0,0,0,1.03016645367673,1.62787399540524,1.37082364536879,0,0,0,1.49588225934354,0,0,1,1.25755024269656,1.36924943576479,1.75539915546177,1.51181899463805,0,0,0,0,0
"PISA2438",18,32,"(18,32)",0.5625,"pm00fq01|pm033q01|pm034q01t|pm155q01|pm305q01|pm411q01|pm411q02|pm423q01|pm442q02|pm496q01t|pm496q02|pm571q01|pm603q01t|pm918q01|pm918q02|pm918q05|pm923q04|pm995q03",56.9983871040274,124.967526068713,31.4494994273617,68.9522342511883,0.456105589164716,45.6105589164716,0,68.9522342511883,TRUE,"ok","ok","item_rest",1,1,1,1,0,0,1,0,0,1,1,1,1,0,1,1,0,0,1,1,0,0,1,1,1,0,0,1,0,0,0,1,2.14097710825686,1.0000984769457,1.96771446709354,1.2942101262835,0,0,1.27673050543826,0,0,1.93071340341164,1.60594277149801,1.11464269391646,2.58139463965431,0,1.62787399540524,1.37082364536879,0,0,1.83236153892946,1.49588225934354,0,0,1,1.25755024269656,1.36924943576479,0,0,4.34632965438984,0,0,0,2.23700446296524
"PISA2466",24,32,"(24,32)",0.75,"pm00fq01|pm034q01t|pm155q01|pm155q04t|pm192q01t|pm305q01|pm411q01|pm411q02|pm423q01|pm442q02|pm474q01|pm496q01t|pm496q02|pm564q01|pm564q02|pm603q01t|pm803q01t|pm918q01|pm918q02|pm918q05|pm923q03|pm924q02|pm995q01|pm995q03",74.1395287265107,124.967526068713,40.9073165872884,68.9522342511883,0.593270356378385,59.3270356378385,0,68.9522342511883,TRUE,"ok","ok","item_rest",1,0,1,1,1,1,1,0,0,1,1,1,1,1,1,1,1,1,0,1,1,0,1,1,1,0,1,0,1,1,0,1,2.14097710825686,0,1.96771446709354,1.2942101262835,1.20257572297271,2.05942193849789,1.27673050543826,0,0,1.93071340341164,1.60594277149801,1.11464269391646,2.58139463965431,1.03016645367673,1.62787399540524,1.37082364536879,1.45473339099819,1.77401492798991,0,1.49588225934354,3.04332111700611,0,1,1.25755024269656,1.36924943576479,0,1.51181899463805,0,2.08739675468112,2.47315752973098,0,2.23700446296524
"PISA2477",16,32,"(16,32)",0.5,"pm033q01|pm034q01t|pm155q01|pm305q01|pm423q01|pm442q02|pm474q01|pm496q01t|pm564q01|pm564q02|pm603q01t|pm903q03|pm918q01|pm918q02|pm918q05|pm995q03",46.0016264409924,124.967526068713,25.3819133824486,68.9522342511883,0.368108643006171,36.8108643006171,0,68.9522342511883,TRUE,"ok","ok","item_rest",0,1,1,1,0,0,1,0,0,0,0,1,1,1,1,0,1,1,0,1,0,1,1,1,1,0,0,0,0,0,0,1,0,1.0000984769457,1.96771446709354,1.2942101262835,0,0,1.27673050543826,0,0,0,0,1.11464269391646,2.58139463965431,1.03016645367673,1.62787399540524,0,1.45473339099819,1.77401492798991,0,1.49588225934354,0,2.90064730427663,1,1.25755024269656,1.36924943576479,0,0,0,0,0,0,2.23700446296524
"PISA2489",13,32,"(13,32)",0.40625,"pm033q01|pm155q04t|pm305q01|pm411q02|pm423q01|pm474q01|pm496q02|pm571q01|pm903q03|pm918q01|pm918q02|pm918q05|pm924q02",34.5225161976686,124.967526068713,19.0481855461652,68.9522342511883,0.276251897462437,27.6251897462437,0,68.9522342511883,TRUE,"ok","ok","item_rest",0,1,0,0,1,0,1,0,0,0,1,1,0,1,0,1,0,0,1,0,0,1,1,1,1,0,0,0,1,0,0,0,0,1.0000984769457,0,0,1.20257572297271,0,1.27673050543826,0,0,0,1.60594277149801,1.11464269391646,0,1.03016645367673,0,1.37082364536879,0,0,1.83236153892946,0,0,2.90064730427663,1,1.25755024269656,1.36924943576479,0,0,0,2.08739675468112,0,0,0
"PISA2497",17,32,"(17,32)",0.53125,"pm033q01|pm155q01|pm155q04t|pm192q01t|pm305q01|pm411q01|pm411q02|pm423q01|pm474q01|pm496q01t|pm496q02|pm564q01|pm564q02|pm918q01|pm918q02|pm918q05|pm923q03",43.2806184921186,124.967526068713,23.8805667255024,68.9522342511883,0.346334922788827,34.6334922788827,0,68.9522342511883,TRUE,"ok","ok","item_rest",0,1,0,1,1,1,1,0,0,1,1,1,0,1,1,1,1,1,0,0,0,0,1,1,1,0,1,0,0,0,0,0,0,1.0000984769457,0,1.2942101262835,1.20257572297271,2.05942193849789,1.27673050543826,0,0,1.93071340341164,1.60594277149801,1.11464269391646,0,1.03016645367673,1.62787399540524,1.37082364536879,1.45473339099819,1.77401492798991,0,0,0,0,1,1.25755024269656,1.36924943576479,0,1.51181899463805,0,0,0,0,0
"PISA2498",10,32,"(10,32)",0.3125,"pm033q01|pm155q01|pm155q04t|pm305q01|pm496q01t|pm496q02|pm564q01|pm918q01|pm918q02|pm918q05",23.2960294221306,124.967526068713,12.8538455418737,68.9522342511883,0.18641666483276,18.641666483276,0,68.9522342511883,TRUE,"ok","ok","item_rest",0,1,0,1,1,0,1,0,0,0,0,0,0,0,1,1,1,0,0,0,0,0,1,1,1,0,0,0,0,0,0,0,0,1.0000984769457,0,1.2942101262835,1.20257572297271,0,1.27673050543826,0,0,0,0,0,0,0,1.62787399540524,1.37082364536879,1.45473339099819,0,0,0,0,0,1,1.25755024269656,1.36924943576479,0,0,0,0,0,0,0
"PISA2515",12,32,"(12,32)",0.375,"pm00fq01|pm033q01|pm155q01|pm155q04t|pm411q01|pm423q01|pm442q02|pm474q01|pm571q01|pm918q01|pm918q05|pm995q01",34.3799936458479,124.967526068713,18.9695471295431,68.9522342511883,0.275111420761775,27.5111420761775,0,68.9522342511883,TRUE,"ok","ok","item_rest",1,1,0,1,1,0,0,0,0,1,0,1,1,1,0,0,0,0,1,0,0,0,1,0,1,0,0,0,0,1,0,0,2.14097710825686,1.0000984769457,0,1.2942101262835,1.20257572297271,0,0,0,0,1.93071340341164,0,1.11464269391646,2.58139463965431,1.03016645367673,0,0,0,0,1.83236153892946,0,0,0,1,0,1.36924943576479,0,0,0,0,2.47315752973098,0,0
"PISA2522",6,32,"(6,32)",0.1875,"pm033q01|pm155q04t|pm305q01|pm423q01|pm571q01|pm918q01",13.459461649943,124.967526068713,7.42640893820259,68.9522342511883,0.107703673693135,10.7703673693135,0,68.9522342511883,TRUE,"ok","ok","item_rest",0,1,0,0,1,0,1,0,0,0,0,1,0,0,0,0,0,0,1,0,0,0,1,0,0,0,0,0,0,0,0,0,0,1.0000984769457,0,0,1.20257572297271,0,1.27673050543826,0,0,0,0,1.11464269391646,0,0,0,0,0,0,1.83236153892946,0,0,0,1,0,0,0,0,0,0,0,0,0
"PISA2540",14,32,"(14,32)",0.4375,"pm034q01t|pm155q04t|pm411q01|pm411q02|pm423q01|pm474q01|pm496q02|pm903q03|pm918q01|pm918q02|pm918q05|pm923q03|pm924q02|pm995q01",41.362819137163,124.967526068713,22.822399419726,68.9522342511883,0.330988541090424,33.0988541090424,0,68.9522342511883,TRUE,"ok","ok","item_rest",0,0,1,0,1,0,0,0,0,1,1,1,0,1,0,1,0,0,0,0,0,1,1,1,1,0,1,0,1,1,0,0,0,0,1.96771446709354,0,1.20257572297271,0,0,0,0,1.93071340341164,1.60594277149801,1.11464269391646,0,1.03016645367673,0,1.37082364536879,0,0,0,0,0,2.90064730427663,1,1.25755024269656,1.36924943576479,0,1.51181899463805,0,2.08739675468112,2.47315752973098,0,0
"PISA2551",26,32,"(26,32)",0.8125,"pm00fq01|pm033q01|pm034q01t|pm155q01|pm155q04t|pm406q01|pm406q02|pm411q01|pm411q02|pm423q01|pm442q02|pm496q01t|pm496q02|pm564q02|pm571q01|pm603q01t|pm803q01t|pm903q03|pm918q01|pm918q02|pm918q05|pm923q01|pm923q03|pm923q04|pm924q02|pm995q01",94.7392382786518,124.967526068713,52.2734373966631,68.9522342511883,0.758110856948224,75.8110856948224,0,68.9522342511883,TRUE,"ok","ok","item_rest",1,1,1,1,1,0,0,1,1,1,1,1,1,0,1,1,0,1,1,1,1,1,1,1,1,1,1,1,1,1,0,0,2.14097710825686,1.0000984769457,1.96771446709354,1.2942101262835,1.20257572297271,0,0,2.80811908860377,4.7812223423438,1.93071340341164,1.60594277149801,1.11464269391646,2.58139463965431,0,1.62787399540524,1.37082364536879,0,1.77401492798991,1.83236153892946,1.49588225934354,3.04332111700611,2.90064730427663,1,1.25755024269656,1.36924943576479,1.75539915546177,1.51181899463805,4.34632965438984,2.08739675468112,2.47315752973098,0,0
"PISA2556",22,32,"(22,32)",0.6875,"pm00fq01|pm155q01|pm155q04t|pm192q01t|pm406q01|pm406q02|pm411q01|pm423q01|pm442q02|pm474q01|pm496q01t|pm496q02|pm564q01|pm564q02|pm571q01|pm603q01t|pm918q01|pm918q02|pm918q05|pm923q01|pm924q02|pm995q01",73.295993191425,124.967526068713,40.441886393988,68.9522342511883,0.586520318495568,58.6520318495568,0,68.9522342511883,TRUE,"ok","ok","item_rest",1,0,0,1,1,1,0,1,1,1,0,1,1,1,1,1,1,1,1,1,0,0,1,1,1,1,0,0,1,1,0,0,2.14097710825686,0,0,1.2942101262835,1.20257572297271,2.05942193849789,0,2.80811908860377,4.7812223423438,1.93071340341164,0,1.11464269391646,2.58139463965431,1.03016645367673,1.62787399540524,1.37082364536879,1.45473339099819,1.77401492798991,1.83236153892946,1.49588225934354,0,0,1,1.25755024269656,1.36924943576479,1.75539915546177,0,0,2.08739675468112,2.47315752973098,0,0
"PISA2560",23,32,"(23,32)",0.71875,"pm00fq01|pm033q01|pm034q01t|pm155q01|pm155q04t|pm192q01t|pm305q01|pm406q02|pm411q01|pm423q01|pm442q02|pm496q01t|pm496q02|pm564q01|pm571q01|pm603q01t|pm903q03|pm918q01|pm918q02|pm918q05|pm923q03|pm924q02|pm995q01",75.6327107483531,124.967526068713,41.731196516648,68.9522342511883,0.605218916686936,60.5218916686936,0,68.9522342511883,TRUE,"ok","ok","item_rest",1,1,1,1,1,1,1,0,1,1,0,1,1,0,1,1,1,0,1,1,0,1,1,1,1,0,1,0,1,1,0,0,2.14097710825686,1.0000984769457,1.96771446709354,1.2942101262835,1.20257572297271,2.05942193849789,1.27673050543826,0,4.7812223423438,1.93071340341164,0,1.11464269391646,2.58139463965431,0,1.62787399540524,1.37082364536879,1.45473339099819,0,1.83236153892946,1.49588225934354,0,2.90064730427663,1,1.25755024269656,1.36924943576479,0,1.51181899463805,0,2.08739675468112,2.47315752973098,0,0
"PISA2577",9,32,"(9,32)",0.28125,"pm155q04t|pm423q01|pm496q01t|pm496q02|pm918q02|pm918q05|pm923q03|pm995q01|pm995q03",25.6717875246189,124.967526068713,14.1646967234588,68.9522342511883,0.205427668548894,20.5427668548894,0,68.9522342511883,TRUE,"ok","ok","item_rest",0,0,0,0,1,0,0,0,0,0,0,1,0,0,1,1,0,0,0,0,0,0,0,1,1,0,1,0,0,1,0,1,0,0,0,0,1.20257572297271,0,0,0,0,0,0,1.11464269391646,0,0,1.62787399540524,1.37082364536879,0,0,0,0,0,0,0,1.25755024269656,1.36924943576479,0,1.51181899463805,0,0,2.47315752973098,0,2.23700446296524
"PISA2589",6,32,"(6,32)",0.1875,"pm033q01|pm155q04t|pm423q01|pm564q01|pm918q01|pm918q02",12.7402947376076,124.967526068713,7.02960052752962,68.9522342511883,0.101948843338727,10.1948843338727,0,68.9522342511883,TRUE,"ok","ok","item_rest",0,1,0,0,1,0,0,0,0,0,0,1,0,0,0,0,1,0,0,0,0,0,1,1,0,0,0,0,0,0,0,0,0,1.0000984769457,0,0,1.20257572297271,0,0,0,0,0,0,1.11464269391646,0,0,0,0,1.45473339099819,0,0,0,0,0,1,1.25755024269656,0,0,0,0,0,0,0,0
"PISA2595",8,32,"(8,32)",0.25,"pm305q01|pm411q01|pm564q02|pm918q01|pm918q02|pm918q05|pm923q03|pm924q02",22.1245602113436,124.967526068713,12.2074742646203,68.9522342511883,0.177042475812304,17.7042475812304,0,68.9522342511883,TRUE,"ok","ok","item_rest",0,0,0,0,0,0,1,0,0,1,0,0,0,0,0,0,0,1,0,0,0,0,1,1,1,0,1,0,1,0,0,0,0,0,0,0,0,0,1.27673050543826,0,0,1.93071340341164,0,0,0,0,0,0,0,1.77401492798991,0,0,0,0,1,1.25755024269656,1.36924943576479,0,1.51181899463805,0,2.08739675468112,0,0,0
"PISA2619",15,32,"(15,32)",0.46875,"pm00fq01|pm033q01|pm034q01t|pm155q01|pm411q01|pm442q02|pm474q01|pm496q01t|pm564q01|pm803q01t|pm918q01|pm918q02|pm918q05|pm923q01|pm924q02",46.2895868485628,124.967526068713,25.540798767336,68.9522342511883,0.370412924899469,37.0412924899469,0,68.9522342511883,TRUE,"ok","ok","item_rest",1,1,1,1,0,0,0,0,0,1,0,0,1,1,1,0,1,0,0,0,1,0,1,1,1,1,0,0,1,0,0,0,2.14097710825686,1.0000984769457,1.96771446709354,1.2942101262835,0,0,0,0,0,1.93071340341164,0,0,2.58139463965431,1.03016645367673,1.62787399540524,0,1.45473339099819,0,0,0,3.04332111700611,0,1,1.25755024269656,1.36924943576479,1.75539915546177,0,0,2.08739675468112,0,0,0
"PISA2620",14,32,"(14,32)",0.4375,"pm034q01t|pm155q01|pm155q04t|pm192q01t|pm423q01|pm474q01|pm496q02|pm564q02|pm903q03|pm918q01|pm918q05|pm923q01|pm923q03|pm995q01",41.3654343553075,124.967526068713,22.8238423956718,68.9522342511883,0.331009468272283,33.1009468272283,0,68.9522342511883,TRUE,"ok","ok","item_rest",0,0,1,1,1,1,0,0,0,0,0,1,0,1,0,1,0,1,0,0,0,1,1,0,1,1,1,0,0,1,0,0,0,0,1.96771446709354,1.2942101262835,1.20257572297271,2.05942193849789,0,0,0,0,0,1.11464269391646,0,1.03016645367673,0,1.37082364536879,0,1.77401492798991,0,0,0,2.90064730427663,1,0,1.36924943576479,1.75539915546177,1.51181899463805,0,0,2.47315752973098,0,0
"PISA2622",24,32,"(24,32)",0.75,"pm00fq01|pm033q01|pm034q01t|pm155q01|pm155q04t|pm192q01t|pm411q01|pm411q02|pm423q01|pm442q02|pm474q01|pm496q01t|pm496q02|pm564q01|pm564q02|pm571q01|pm603q01t|pm803q01t|pm903q03|pm918q01|pm918q05|pm924q02|pm995q01|pm995q03",77.1970244798203,124.967526068713,42.5943241646673,68.9522342511883,0.617736678546182,61.7736678546182,0,68.9522342511883,TRUE,"ok","ok","item_rest",1,1,1,1,1,1,0,0,0,1,1,1,1,1,1,1,1,1,1,1,1,1,1,0,1,0,0,0,1,1,0,1,2.14097710825686,1.0000984769457,1.96771446709354,1.2942101262835,1.20257572297271,2.05942193849789,0,0,0,1.93071340341164,1.60594277149801,1.11464269391646,2.58139463965431,1.03016645367673,1.62787399540524,1.37082364536879,1.45473339099819,1.77401492798991,1.83236153892946,1.49588225934354,3.04332111700611,2.90064730427663,1,0,1.36924943576479,0,0,0,2.08739675468112,2.47315752973098,0,2.23700446296524
"PISA2641",19,32,"(19,32)",0.59375,"pm033q01|pm034q01t|pm155q01|pm305q01|pm406q02|pm411q02|pm423q01|pm474q01|pm496q01t|pm496q02|pm571q01|pm603q01t|pm918q01|pm918q02|pm918q05|pm923q01|pm923q03|pm995q01|pm995q03",57.9994536039271,124.967526068713,32.0018490975004,68.9522342511883,0.464116202252705,46.4116202252705,0,68.9522342511883,TRUE,"ok","ok","item_rest",0,1,1,1,0,0,1,0,1,0,1,1,0,1,1,1,0,0,1,1,0,0,1,1,1,1,1,0,0,1,0,1,0,1.0000984769457,1.96771446709354,1.2942101262835,0,0,1.27673050543826,0,4.7812223423438,0,1.60594277149801,1.11464269391646,0,1.03016645367673,1.62787399540524,1.37082364536879,0,0,1.83236153892946,1.49588225934354,0,0,1,1.25755024269656,1.36924943576479,1.75539915546177,1.51181899463805,0,0,2.47315752973098,0,2.23700446296524
"PISA2648",10,32,"(10,32)",0.3125,"pm033q01|pm155q01|pm155q04t|pm305q01|pm423q01|pm474q01|pm603q01t|pm918q01|pm918q02|pm923q01",22.5228871785182,124.967526068713,12.4272556367352,68.9522342511883,0.18022991962035,18.022991962035,0,68.9522342511883,TRUE,"ok","ok","item_rest",0,1,0,1,1,0,1,0,0,0,0,1,0,1,0,0,0,0,0,1,0,0,1,1,0,1,0,0,0,0,0,0,0,1.0000984769457,0,1.2942101262835,1.20257572297271,0,1.27673050543826,0,0,0,0,1.11464269391646,0,1.03016645367673,0,0,0,0,0,1.49588225934354,0,0,1,1.25755024269656,0,1.75539915546177,0,0,0,0,0,0
"PISA2657",30,32,"(30,32)",0.9375,"pm00fq01|pm033q01|pm034q01t|pm155q01|pm155q04t|pm192q01t|pm406q01|pm406q02|pm411q01|pm411q02|pm423q01|pm442q02|pm474q01|pm496q01t|pm496q02|pm564q01|pm564q02|pm571q01|pm603q01t|pm803q01t|pm903q03|pm918q01|pm918q02|pm918q05|pm923q01|pm923q03|pm923q04|pm924q02|pm995q01|pm995q03",107.029566121511,124.967526068713,59.0547636428011,68.9522342511883,0.85645902970553,85.645902970553,0,68.9522342511883,TRUE,"ok","ok","item_rest",1,1,1,1,1,1,0,1,1,1,1,1,1,1,1,1,1,1,1,1,1,1,1,1,1,1,1,1,1,1,0,1,2.14097710825686,1.0000984769457,1.96771446709354,1.2942101262835,1.20257572297271,2.05942193849789,0,2.80811908860377,4.7812223423438,1.93071340341164,1.60594277149801,1.11464269391646,2.58139463965431,1.03016645367673,1.62787399540524,1.37082364536879,1.45473339099819,1.77401492798991,1.83236153892946,1.49588225934354,3.04332111700611,2.90064730427663,1,1.25755024269656,1.36924943576479,1.75539915546177,1.51181899463805,4.34632965438984,2.08739675468112,2.47315752973098,0,2.23700446296524
"PISA2659",8,32,"(8,32)",0.25,"pm033q01|pm034q01t|pm155q01|pm155q04t|pm411q02|pm564q01|pm918q01|pm918q02",19.5425573039097,124.967526068713,10.7828251984882,68.9522342511883,0.156381084900122,15.6381084900122,0,68.9522342511883,TRUE,"ok","ok","item_rest",0,1,1,1,1,0,0,0,0,0,1,0,0,0,0,0,1,0,0,0,0,0,1,1,0,0,0,0,0,0,0,0,0,1.0000984769457,1.96771446709354,1.2942101262835,1.20257572297271,0,0,0,0,0,1.60594277149801,0,0,0,0,0,1.45473339099819,0,0,0,0,0,1,1.25755024269656,0,0,0,0,0,0,0,0
"PISA2692",21,32,"(21,32)",0.65625,"pm033q01|pm155q01|pm155q04t|pm305q01|pm406q01|pm406q02|pm411q01|pm411q02|pm423q01|pm442q02|pm474q01|pm496q01t|pm496q02|pm564q01|pm564q02|pm603q01t|pm803q01t|pm918q01|pm918q02|pm918q05|pm923q03",66.2081406194113,124.967526068713,36.5310842339561,68.9522342511883,0.529802763183507,52.9802763183507,0,68.9522342511883,TRUE,"ok","ok","item_rest",0,1,0,1,1,0,1,1,1,1,1,1,1,1,1,1,1,1,0,1,1,0,1,1,1,0,1,0,0,0,0,0,0,1.0000984769457,0,1.2942101262835,1.20257572297271,0,1.27673050543826,2.80811908860377,4.7812223423438,1.93071340341164,1.60594277149801,1.11464269391646,2.58139463965431,1.03016645367673,1.62787399540524,1.37082364536879,1.45473339099819,1.77401492798991,0,1.49588225934354,3.04332111700611,0,1,1.25755024269656,1.36924943576479,0,1.51181899463805,0,0,0,0,0
"PISA2695",9,32,"(9,32)",0.28125,"pm034q01t|pm411q01|pm474q01|pm496q02|pm603q01t|pm918q01|pm918q02|pm918q05|pm923q03",23.4411526342623,124.967526068713,12.9339189019936,68.9522342511883,0.187577952222349,18.7577952222349,0,68.9522342511883,TRUE,"ok","ok","item_rest",0,0,1,0,0,0,0,0,0,1,0,0,0,1,0,1,0,0,0,1,0,0,1,1,1,0,1,0,0,0,0,0,0,0,1.96771446709354,0,0,0,0,0,0,1.93071340341164,0,0,0,1.03016645367673,0,1.37082364536879,0,0,0,1.49588225934354,0,0,1,1.25755024269656,1.36924943576479,0,1.51181899463805,0,0,0,0,0
"PISA2698",24,32,"(24,32)",0.75,"pm00fq01|pm033q01|pm155q01|pm155q04t|pm192q01t|pm406q01|pm406q02|pm411q01|pm411q02|pm423q01|pm442q02|pm474q01|pm496q01t|pm496q02|pm564q01|pm571q01|pm603q01t|pm803q01t|pm918q01|pm918q02|pm918q05|pm923q03|pm924q02|pm995q01",79.8781290242564,124.967526068713,44.0736536706242,68.9522342511883,0.639191088573966,63.9191088573967,0,68.9522342511883,TRUE,"ok","ok","item_rest",1,1,0,1,1,1,0,1,1,1,1,1,1,1,1,1,1,0,1,1,1,0,1,1,1,0,1,0,1,1,0,0,2.14097710825686,1.0000984769457,0,1.2942101262835,1.20257572297271,2.05942193849789,0,2.80811908860377,4.7812223423438,1.93071340341164,1.60594277149801,1.11464269391646,2.58139463965431,1.03016645367673,1.62787399540524,1.37082364536879,1.45473339099819,0,1.83236153892946,1.49588225934354,3.04332111700611,0,1,1.25755024269656,1.36924943576479,0,1.51181899463805,0,2.08739675468112,2.47315752973098,0,0
"PISA2704",9,32,"(9,32)",0.28125,"pm033q01|pm155q01|pm155q04t|pm192q01t|pm496q02|pm918q01|pm918q02|pm918q05|pm923q03",21.8676996761653,124.967526068713,12.065748583168,68.9522342511883,0.174987057550786,17.4987057550786,0,68.9522342511883,TRUE,"ok","ok","item_rest",0,1,0,1,1,1,0,0,0,0,0,0,0,0,0,1,0,0,0,0,0,0,1,1,1,0,1,0,0,0,0,0,0,1.0000984769457,0,1.2942101262835,1.20257572297271,2.05942193849789,0,0,0,0,0,0,0,0,0,1.37082364536879,0,0,0,0,0,0,1,1.25755024269656,1.36924943576479,0,1.51181899463805,0,0,0,0,0
"PISA2716",18,32,"(18,32)",0.5625,"pm00fq01|pm033q01|pm305q01|pm411q01|pm411q02|pm423q01|pm442q02|pm474q01|pm496q01t|pm496q02|pm564q01|pm564q02|pm571q01|pm803q01t|pm918q01|pm918q02|pm918q05|pm924q02",53.4615159610308,124.967526068713,29.4979911016381,68.9522342511883,0.427803267319503,42.7803267319503,0,68.9522342511883,TRUE,"ok","ok","item_rest",1,1,0,0,0,0,1,0,0,1,1,1,1,1,1,1,1,1,1,0,1,0,1,1,1,0,0,0,1,0,0,0,2.14097710825686,1.0000984769457,0,0,0,0,1.27673050543826,0,0,1.93071340341164,1.60594277149801,1.11464269391646,2.58139463965431,1.03016645367673,1.62787399540524,1.37082364536879,1.45473339099819,1.77401492798991,1.83236153892946,0,3.04332111700611,0,1,1.25755024269656,1.36924943576479,0,0,0,2.08739675468112,0,0,0
"PISA2721",27,32,"(27,32)",0.84375,"pm00fq01|pm033q01|pm155q01|pm155q04t|pm192q01t|pm305q01|pm406q01|pm406q02|pm411q01|pm411q02|pm423q01|pm442q02|pm474q01|pm496q02|pm564q01|pm571q01|pm803q01t|pm903q03|pm918q01|pm918q02|pm918q05|pm923q01|pm923q03|pm923q04|pm924q02|pm995q01|pm995q03",96.9006281431641,124.967526068713,53.4660084984072,68.9522342511883,0.775406469116492,77.5406469116492,0,68.9522342511883,TRUE,"ok","ok","item_rest",1,1,0,1,1,1,1,1,1,1,1,1,1,1,0,1,1,0,1,0,1,1,1,1,1,1,1,1,1,1,0,1,2.14097710825686,1.0000984769457,0,1.2942101262835,1.20257572297271,2.05942193849789,1.27673050543826,2.80811908860377,4.7812223423438,1.93071340341164,1.60594277149801,1.11464269391646,2.58139463965431,1.03016645367673,0,1.37082364536879,1.45473339099819,0,1.83236153892946,0,3.04332111700611,2.90064730427663,1,1.25755024269656,1.36924943576479,1.75539915546177,1.51181899463805,4.34632965438984,2.08739675468112,2.47315752973098,0,2.23700446296524
"PISA2731",9,32,"(9,32)",0.28125,"pm155q04t|pm305q01|pm411q02|pm423q01|pm474q01|pm496q02|pm903q03|pm918q01|pm918q02",23.1242772236532,124.967526068713,12.7590793398442,68.9522342511883,0.185042290194161,18.5042290194161,0,68.9522342511883,TRUE,"ok","ok","item_rest",0,0,0,0,1,0,1,0,0,0,1,1,0,1,0,1,0,0,0,0,0,1,1,1,0,0,0,0,0,0,0,0,0,0,0,0,1.20257572297271,0,1.27673050543826,0,0,0,1.60594277149801,1.11464269391646,0,1.03016645367673,0,1.37082364536879,0,0,0,0,0,2.90064730427663,1,1.25755024269656,0,0,0,0,0,0,0,0
"PISA2742",29,32,"(29,32)",0.90625,"pm00fq01|pm033q01|pm155q01|pm155q04t|pm192q01t|pm305q01|pm406q01|pm406q02|pm411q01|pm411q02|pm423q01|pm442q02|pm474q01|pm496q01t|pm496q02|pm564q01|pm564q02|pm571q01|pm603q01t|pm803q01t|pm903q03|pm918q01|pm918q02|pm918q05|pm923q01|pm923q03|pm924q02|pm995q01|pm995q03",97.9000487466831,124.967526068713,54.017450026756,68.9522342511883,0.783403911611828,78.3403911611828,0,68.9522342511883,TRUE,"ok","ok","item_rest",1,1,0,1,1,1,1,1,1,1,1,1,1,1,1,1,1,1,1,1,1,1,1,1,1,1,1,0,1,1,0,1,2.14097710825686,1.0000984769457,0,1.2942101262835,1.20257572297271,2.05942193849789,1.27673050543826,2.80811908860377,4.7812223423438,1.93071340341164,1.60594277149801,1.11464269391646,2.58139463965431,1.03016645367673,1.62787399540524,1.37082364536879,1.45473339099819,1.77401492798991,1.83236153892946,1.49588225934354,3.04332111700611,2.90064730427663,1,1.25755024269656,1.36924943576479,1.75539915546177,1.51181899463805,0,2.08739675468112,2.47315752973098,0,2.23700446296524
"PISA2748",30,32,"(30,32)",0.9375,"pm00fq01|pm033q01|pm034q01t|pm155q01|pm155q04t|pm192q01t|pm305q01|pm406q01|pm406q02|pm411q01|pm411q02|pm423q01|pm442q02|pm474q01|pm496q01t|pm496q02|pm564q01|pm564q02|pm571q01|pm603q01t|pm803q01t|pm903q03|pm918q01|pm918q02|pm918q05|pm923q01|pm923q03|pm923q04|pm924q02|pm995q01",105.289186536664,124.967526068713,58.0944896852741,68.9522342511883,0.842532375000929,84.253237500093,0,68.9522342511883,TRUE,"ok","ok","item_rest",1,1,1,1,1,1,1,1,1,1,1,1,1,1,1,1,1,1,1,1,1,1,1,1,1,1,1,1,1,1,0,0,2.14097710825686,1.0000984769457,1.96771446709354,1.2942101262835,1.20257572297271,2.05942193849789,1.27673050543826,2.80811908860377,4.7812223423438,1.93071340341164,1.60594277149801,1.11464269391646,2.58139463965431,1.03016645367673,1.62787399540524,1.37082364536879,1.45473339099819,1.77401492798991,1.83236153892946,1.49588225934354,3.04332111700611,2.90064730427663,1,1.25755024269656,1.36924943576479,1.75539915546177,1.51181899463805,4.34632965438984,2.08739675468112,2.47315752973098,0,0
"PISA2764",13,32,"(13,32)",0.40625,"pm00fq01|pm033q01|pm155q01|pm155q04t|pm411q01|pm423q01|pm442q02|pm474q01|pm603q01t|pm918q01|pm918q02|pm918q05|pm995q03",35.6213239086875,124.967526068713,19.654465025888,68.9522342511883,0.285044643430815,28.5044643430815,0,68.9522342511883,TRUE,"ok","ok","item_rest",1,1,0,1,1,0,0,0,0,1,0,1,1,1,0,0,0,0,0,1,0,0,1,1,1,0,0,0,0,0,0,1,2.14097710825686,1.0000984769457,0,1.2942101262835,1.20257572297271,0,0,0,0,1.93071340341164,0,1.11464269391646,2.58139463965431,1.03016645367673,0,0,0,0,0,1.49588225934354,0,0,1,1.25755024269656,1.36924943576479,0,0,0,0,0,0,2.23700446296524
"PISA2784",15,32,"(15,32)",0.46875,"pm033q01|pm155q01|pm155q04t|pm305q01|pm411q02|pm423q01|pm474q01|pm496q02|pm564q01|pm564q02|pm571q01|pm603q01t|pm918q01|pm918q02|pm918q05",36.3907095649562,124.967526068713,20.0789821918226,68.9522342511883,0.291201328135013,29.1201328135013,0,68.9522342511883,TRUE,"ok","ok","item_rest",0,1,0,1,1,0,1,0,0,0,1,1,0,1,0,1,1,1,1,1,0,0,1,1,1,0,0,0,0,0,0,0,0,1.0000984769457,0,1.2942101262835,1.20257572297271,0,1.27673050543826,0,0,0,1.60594277149801,1.11464269391646,0,1.03016645367673,0,1.37082364536879,1.45473339099819,1.77401492798991,1.83236153892946,1.49588225934354,0,0,1,1.25755024269656,1.36924943576479,0,0,0,0,0,0,0
"PISA2793",13,32,"(13,32)",0.40625,"pm033q01|pm034q01t|pm155q01|pm155q04t|pm423q01|pm474q01|pm496q02|pm564q01|pm603q01t|pm918q01|pm918q02|pm918q05|pm995q01",32.6786368703567,124.967526068713,18.0308044447915,68.9522342511883,0.261497029655435,26.1497029655435,0,68.9522342511883,TRUE,"ok","ok","item_rest",0,1,1,1,1,0,0,0,0,0,0,1,0,1,0,1,1,0,0,1,0,0,1,1,1,0,0,0,0,1,0,0,0,1.0000984769457,1.96771446709354,1.2942101262835,1.20257572297271,0,0,0,0,0,0,1.11464269391646,0,1.03016645367673,0,1.37082364536879,1.45473339099819,0,0,1.49588225934354,0,0,1,1.25755024269656,1.36924943576479,0,0,0,0,2.47315752973098,0,0
"PISA2797",19,32,"(19,32)",0.59375,"pm033q01|pm155q01|pm155q04t|pm192q01t|pm305q01|pm411q02|pm423q01|pm496q01t|pm564q02|pm571q01|pm603q01t|pm903q03|pm918q01|pm918q05|pm923q01|pm923q03|pm924q02|pm995q01|pm995q03",57.3045506440095,124.967526068713,31.6184285947393,68.9522342511883,0.458555533959283,45.8555533959284,0,68.9522342511883,TRUE,"ok","ok","item_rest",0,1,0,1,1,1,1,0,0,0,1,1,0,0,1,0,0,1,1,1,0,1,1,0,1,1,1,0,1,1,0,1,0,1.0000984769457,0,1.2942101262835,1.20257572297271,2.05942193849789,1.27673050543826,0,0,0,1.60594277149801,1.11464269391646,0,0,1.62787399540524,0,0,1.77401492798991,1.83236153892946,1.49588225934354,0,2.90064730427663,1,0,1.36924943576479,1.75539915546177,1.51181899463805,0,2.08739675468112,2.47315752973098,0,2.23700446296524
"PISA2801",28,32,"(28,32)",0.875,"pm00fq01|pm034q01t|pm155q01|pm155q04t|pm192q01t|pm305q01|pm406q01|pm411q01|pm411q02|pm423q01|pm442q02|pm474q01|pm496q01t|pm496q02|pm564q01|pm564q02|pm571q01|pm803q01t|pm903q03|pm918q01|pm918q02|pm918q05|pm923q01|pm923q03|pm923q04|pm924q02|pm995q01|pm995q03",96.1544404514183,124.967526068713,53.0542910696063,68.9522342511883,0.769435416354068,76.9435416354068,0,68.9522342511883,TRUE,"ok","ok","item_rest",1,0,1,1,1,1,1,1,0,1,1,1,1,1,1,1,1,1,1,0,1,1,1,1,1,1,1,1,1,1,0,1,2.14097710825686,0,1.96771446709354,1.2942101262835,1.20257572297271,2.05942193849789,1.27673050543826,2.80811908860377,0,1.93071340341164,1.60594277149801,1.11464269391646,2.58139463965431,1.03016645367673,1.62787399540524,1.37082364536879,1.45473339099819,1.77401492798991,1.83236153892946,0,3.04332111700611,2.90064730427663,1,1.25755024269656,1.36924943576479,1.75539915546177,1.51181899463805,4.34632965438984,2.08739675468112,2.47315752973098,0,2.23700446296524
"PISA2806",19,32,"(19,32)",0.59375,"pm033q01|pm155q01|pm155q04t|pm192q01t|pm305q01|pm411q01|pm411q02|pm423q01|pm474q01|pm496q01t|pm496q02|pm564q01|pm903q03|pm918q01|pm918q02|pm918q05|pm923q01|pm924q02|pm995q03",53.6014123079703,124.967526068713,29.5751804802592,68.9522342511883,0.428922728921573,42.8922728921573,0,68.9522342511883,TRUE,"ok","ok","item_rest",0,1,0,1,1,1,1,0,0,1,1,1,0,1,1,1,1,0,0,0,0,1,1,1,1,1,0,0,1,0,0,1,0,1.0000984769457,0,1.2942101262835,1.20257572297271,2.05942193849789,1.27673050543826,0,0,1.93071340341164,1.60594277149801,1.11464269391646,0,1.03016645367673,1.62787399540524,1.37082364536879,1.45473339099819,0,0,0,0,2.90064730427663,1,1.25755024269656,1.36924943576479,1.75539915546177,0,0,2.08739675468112,0,0,2.23700446296524
"PISA2816",8,32,"(8,32)",0.25,"pm155q01|pm155q04t|pm192q01t|pm411q02|pm423q01|pm496q02|pm564q01|pm918q02",20.5884360574616,124.967526068713,11.3599005322321,68.9522342511883,0.164750289176255,16.4750289176255,0,68.9522342511883,TRUE,"ok","ok","item_rest",0,0,0,1,1,1,0,0,0,0,1,1,0,0,0,1,1,0,0,0,0,0,0,1,0,0,0,0,0,0,0,0,0,0,0,1.2942101262835,1.20257572297271,2.05942193849789,0,0,0,0,1.60594277149801,1.11464269391646,0,0,0,1.37082364536879,1.45473339099819,0,0,0,0,0,0,1.25755024269656,0,0,0,0,0,0,0,0
"PISA2823",19,32,"(19,32)",0.59375,"pm00fq01|pm033q01|pm155q01|pm155q04t|pm192q01t|pm305q01|pm411q01|pm411q02|pm423q01|pm474q01|pm496q01t|pm496q02|pm571q01|pm603q01t|pm918q01|pm918q02|pm918q05|pm924q02|pm995q01",52.8666635343054,124.967526068713,29.1697746028182,68.9522342511883,0.423043211283839,42.3043211283839,0,68.9522342511883,TRUE,"ok","ok","item_rest",1,1,0,1,1,1,1,0,0,1,1,1,0,1,1,1,0,0,1,1,0,0,1,1,1,0,0,0,1,1,0,0,2.14097710825686,1.0000984769457,0,1.2942101262835,1.20257572297271,2.05942193849789,1.27673050543826,0,0,1.93071340341164,1.60594277149801,1.11464269391646,0,1.03016645367673,1.62787399540524,1.37082364536879,0,0,1.83236153892946,1.49588225934354,0,0,1,1.25755024269656,1.36924943576479,0,0,0,2.08739675468112,2.47315752973098,0,0
"PISA2836",11,32,"(11,32)",0.34375,"pm033q01|pm155q01|pm155q04t|pm305q01|pm411q02|pm474q01|pm496q01t|pm564q01|pm603q01t|pm918q01|pm923q01",26.7210025054458,124.967526068713,14.7436128580236,68.9522342511883,0.213823569578814,21.3823569578814,0,68.9522342511883,TRUE,"ok","ok","item_rest",0,1,0,1,1,0,1,0,0,0,1,0,0,1,1,0,1,0,0,1,0,0,1,0,0,1,0,0,0,0,0,0,0,1.0000984769457,0,1.2942101262835,1.20257572297271,0,1.27673050543826,0,0,0,1.60594277149801,0,0,1.03016645367673,1.62787399540524,0,1.45473339099819,0,0,1.49588225934354,0,0,1,0,0,1.75539915546177,0,0,0,0,0,0
"PISA2848",14,32,"(14,32)",0.4375,"pm033q01|pm155q01|pm192q01t|pm406q01|pm411q01|pm423q01|pm442q02|pm474q01|pm918q01|pm918q02|pm918q05|pm923q03|pm995q01|pm995q03",42.8945470680875,124.967526068713,23.6675474867856,68.9522342511883,0.34324554880363,34.324554880363,0,68.9522342511883,TRUE,"ok","ok","item_rest",0,1,0,1,0,1,0,1,0,1,0,1,1,1,0,0,0,0,0,0,0,0,1,1,1,0,1,0,0,1,0,1,0,1.0000984769457,0,1.2942101262835,0,2.05942193849789,0,2.80811908860377,0,1.93071340341164,0,1.11464269391646,2.58139463965431,1.03016645367673,0,0,0,0,0,0,0,0,1,1.25755024269656,1.36924943576479,0,1.51181899463805,0,0,2.47315752973098,0,2.23700446296524
"PISA2872",9,32,"(9,32)",0.28125,"pm155q01|pm411q02|pm423q01|pm474q01|pm496q01t|pm496q02|pm564q01|pm564q02|pm918q02",22.7090231517628,124.967526068713,12.5299582478334,68.9522342511883,0.181719394359109,18.1719394359109,0,68.9522342511883,TRUE,"ok","ok","item_rest",0,0,0,1,0,0,0,0,0,0,1,1,0,1,1,1,1,1,0,0,0,0,0,1,0,0,0,0,0,0,0,0,0,0,0,1.2942101262835,0,0,0,0,0,0,1.60594277149801,1.11464269391646,0,1.03016645367673,1.62787399540524,1.37082364536879,1.45473339099819,1.77401492798991,0,0,0,0,0,1.25755024269656,0,0,0,0,0,0,0,0
"PISA2881",3,32,"(3,32)",0.09375,"pm411q02|pm423q01|pm918q01",6.74310798176995,124.967526068713,3.72058546541447,68.9522342511883,0.0539588819103473,5.39588819103473,0,68.9522342511883,TRUE,"ok","ok","item_rest",0,0,0,0,0,0,0,0,0,0,1,1,0,0,0,0,0,0,0,0,0,0,1,0,0,0,0,0,0,0,0,0,0,0,0,0,0,0,0,0,0,0,1.60594277149801,1.11464269391646,0,0,0,0,0,0,0,0,0,0,1,0,0,0,0,0,0,0,0,0
"PISA2891",16,32,"(16,32)",0.5,"pm033q01|pm155q01|pm192q01t|pm411q01|pm423q01|pm474q01|pm496q01t|pm496q02|pm564q01|pm564q02|pm571q01|pm603q01t|pm918q01|pm918q02|pm918q05|pm995q01",43.6509477708257,124.967526068713,24.0849000589594,68.9522342511883,0.349298326885532,34.9298326885532,0,68.9522342511883,TRUE,"ok","ok","item_rest",0,1,0,1,0,1,0,0,0,1,0,1,0,1,1,1,1,1,1,1,0,0,1,1,1,0,0,0,0,1,0,0,0,1.0000984769457,0,1.2942101262835,0,2.05942193849789,0,0,0,1.93071340341164,0,1.11464269391646,0,1.03016645367673,1.62787399540524,1.37082364536879,1.45473339099819,1.77401492798991,1.83236153892946,1.49588225934354,0,0,1,1.25755024269656,1.36924943576479,0,0,0,0,2.47315752973098,0,0
"PISA2893",10,32,"(10,32)",0.3125,"pm033q01|pm155q04t|pm305q01|pm411q01|pm423q01|pm442q02|pm564q01|pm571q01|pm918q01|pm918q05",26.7552328018691,124.967526068713,14.7624998080315,68.9522342511883,0.214097483110594,21.4097483110594,0,68.9522342511883,TRUE,"ok","ok","item_rest",0,1,0,0,1,0,1,0,0,1,0,1,1,0,0,0,1,0,1,0,0,0,1,0,1,0,0,0,0,0,0,0,0,1.0000984769457,0,0,1.20257572297271,0,1.27673050543826,0,0,1.93071340341164,0,1.11464269391646,2.58139463965431,0,0,0,1.45473339099819,0,1.83236153892946,0,0,0,1,0,1.36924943576479,0,0,0,0,0,0,0
"PISA2907",17,32,"(17,32)",0.53125,"pm00fq01|pm305q01|pm411q01|pm411q02|pm423q01|pm442q02|pm474q01|pm496q02|pm564q02|pm571q01|pm903q03|pm918q01|pm918q02|pm923q01|pm924q02|pm995q01|pm995q03",55.0399741956941,124.967526068713,30.3689231379527,68.9522342511883,0.440434214608924,44.0434214608924,0,68.9522342511883,TRUE,"ok","ok","item_rest",1,0,0,0,0,0,1,0,0,1,1,1,1,1,0,1,0,1,1,0,0,1,1,1,0,1,0,0,1,1,0,1,2.14097710825686,0,0,0,0,0,1.27673050543826,0,0,1.93071340341164,1.60594277149801,1.11464269391646,2.58139463965431,1.03016645367673,0,1.37082364536879,0,1.77401492798991,1.83236153892946,0,0,2.90064730427663,1,1.25755024269656,0,1.75539915546177,0,0,2.08739675468112,2.47315752973098,0,2.23700446296524
"PISA2923",13,32,"(13,32)",0.40625,"pm155q01|pm155q04t|pm411q01|pm411q02|pm474q01|pm496q02|pm564q01|pm564q02|pm571q01|pm903q03|pm918q01|pm918q02|pm995q03",37.8619289519764,124.967526068713,20.8907439910674,68.9522342511883,0.302974141707487,30.2974141707487,0,68.9522342511883,TRUE,"ok","ok","item_rest",0,0,0,1,1,0,0,0,0,1,1,0,0,1,0,1,1,1,1,0,0,1,1,1,0,0,0,0,0,0,0,1,0,0,0,1.2942101262835,1.20257572297271,0,0,0,0,1.93071340341164,1.60594277149801,0,0,1.03016645367673,0,1.37082364536879,1.45473339099819,1.77401492798991,1.83236153892946,0,0,2.90064730427663,1,1.25755024269656,0,0,0,0,0,0,0,2.23700446296524
"PISA2931",21,32,"(21,32)",0.65625,"pm00fq01|pm033q01|pm034q01t|pm155q01|pm155q04t|pm192q01t|pm305q01|pm406q01|pm411q01|pm423q01|pm442q02|pm474q01|pm496q01t|pm496q02|pm564q01|pm564q02|pm918q01|pm918q02|pm918q05|pm923q03|pm995q03",61.6386811569591,124.967526068713,34.0098337205781,68.9522342511883,0.493237588164041,49.3237588164041,0,68.9522342511883,TRUE,"ok","ok","item_rest",1,1,1,1,1,1,1,1,0,1,0,1,1,1,1,1,1,1,0,0,0,0,1,1,1,0,1,0,0,0,0,1,2.14097710825686,1.0000984769457,1.96771446709354,1.2942101262835,1.20257572297271,2.05942193849789,1.27673050543826,2.80811908860377,0,1.93071340341164,0,1.11464269391646,2.58139463965431,1.03016645367673,1.62787399540524,1.37082364536879,1.45473339099819,1.77401492798991,0,0,0,0,1,1.25755024269656,1.36924943576479,0,1.51181899463805,0,0,0,0,2.23700446296524
"PISA2942",15,32,"(15,32)",0.46875,"pm033q01|pm034q01t|pm155q01|pm406q02|pm411q01|pm423q01|pm474q01|pm496q01t|pm496q02|pm603q01t|pm918q01|pm918q02|pm918q05|pm924q02|pm995q01",46.7606294869113,124.967526068713,25.8007018266624,68.9522342511883,0.374182245243456,37.4182245243456,0,68.9522342511883,TRUE,"ok","ok","item_rest",0,1,1,1,0,0,0,0,1,1,0,1,0,1,1,1,0,0,0,1,0,0,1,1,1,0,0,0,1,1,0,0,0,1.0000984769457,1.96771446709354,1.2942101262835,0,0,0,0,4.7812223423438,1.93071340341164,0,1.11464269391646,0,1.03016645367673,1.62787399540524,1.37082364536879,0,0,0,1.49588225934354,0,0,1,1.25755024269656,1.36924943576479,0,0,0,2.08739675468112,2.47315752973098,0,0
"PISA2947",6,32,"(6,32)",0.1875,"pm033q01|pm305q01|pm496q02|pm918q01|pm923q03|pm995q03",15.2175901981592,124.967526068713,8.39647608535603,68.9522342511883,0.121772357002505,12.1772357002505,0,68.9522342511883,TRUE,"ok","ok","item_rest",0,1,0,0,0,0,1,0,0,0,0,0,0,0,0,1,0,0,0,0,0,0,1,0,0,0,1,0,0,0,0,1,0,1.0000984769457,0,0,0,0,1.27673050543826,0,0,0,0,0,0,0,0,1.37082364536879,0,0,0,0,0,0,1,0,0,0,1.51181899463805,0,0,0,0,2.23700446296524
"PISA2954",8,32,"(8,32)",0.25,"pm033q01|pm034q01t|pm155q04t|pm305q01|pm423q01|pm474q01|pm918q01|pm918q02",17.8509802099883,124.967526068713,9.84947856273995,68.9522342511883,0.142844951577043,14.2844951577043,0,68.9522342511883,TRUE,"ok","ok","item_rest",0,1,1,0,1,0,1,0,0,0,0,1,0,1,0,0,0,0,0,0,0,0,1,1,0,0,0,0,0,0,0,0,0,1.0000984769457,1.96771446709354,0,1.20257572297271,0,1.27673050543826,0,0,0,0,1.11464269391646,0,1.03016645367673,0,0,0,0,0,0,0,0,1,1.25755024269656,0,0,0,0,0,0,0,0
"PISA2988",9,32,"(9,32)",0.28125,"pm033q01|pm155q01|pm155q04t|pm423q01|pm474q01|pm564q02|pm918q01|pm918q05|pm923q03",20.4740320397166,124.967526068713,11.2967768321878,68.9522342511883,0.163834819203022,16.3834819203022,0,68.9522342511883,TRUE,"ok","ok","item_rest",0,1,0,1,1,0,0,0,0,0,0,1,0,1,0,0,0,1,0,0,0,0,1,0,1,0,1,0,0,0,0,0,0,1.0000984769457,0,1.2942101262835,1.20257572297271,0,0,0,0,0,0,1.11464269391646,0,1.03016645367673,0,0,0,1.77401492798991,0,0,0,0,1,0,1.36924943576479,0,1.51181899463805,0,0,0,0,0
"PISA2990",21,32,"(21,32)",0.65625,"pm033q01|pm034q01t|pm155q01|pm155q04t|pm192q01t|pm305q01|pm411q01|pm411q02|pm423q01|pm442q02|pm474q01|pm496q01t|pm496q02|pm603q01t|pm918q01|pm918q02|pm918q05|pm923q01|pm923q03|pm924q02|pm995q01",59.83161230609,124.967526068713,33.0127632124796,68.9522342511883,0.478777280692839,47.8777280692839,0,68.9522342511883,TRUE,"ok","ok","item_rest",0,1,1,1,1,1,1,0,0,1,1,1,1,1,1,1,0,0,0,1,0,0,1,1,1,1,1,0,1,1,0,0,0,1.0000984769457,1.96771446709354,1.2942101262835,1.20257572297271,2.05942193849789,1.27673050543826,0,0,1.93071340341164,1.60594277149801,1.11464269391646,2.58139463965431,1.03016645367673,1.62787399540524,1.37082364536879,0,0,0,1.49588225934354,0,0,1,1.25755024269656,1.36924943576479,1.75539915546177,1.51181899463805,0,2.08739675468112,2.47315752973098,0,0
"PISA3001",8,32,"(8,32)",0.25,"pm033q01|pm155q01|pm155q04t|pm423q01|pm496q02|pm564q02|pm918q01|pm918q02",18.1490027393182,124.967526068713,10.0139158361736,68.9522342511883,0.145229751362278,14.5229751362278,0,68.9522342511883,TRUE,"ok","ok","item_rest",0,1,0,1,1,0,0,0,0,0,0,1,0,0,0,1,0,1,0,0,0,0,1,1,0,0,0,0,0,0,0,0,0,1.0000984769457,0,1.2942101262835,1.20257572297271,0,0,0,0,0,0,1.11464269391646,0,0,0,1.37082364536879,0,1.77401492798991,0,0,0,0,1,1.25755024269656,0,0,0,0,0,0,0,0
"PISA3004",8,32,"(8,32)",0.25,"pm033q01|pm155q01|pm155q04t|pm406q01|pm423q01|pm474q01|pm496q02|pm603q01t",20.5098113484469,124.967526068713,11.3165184671112,68.9522342511883,0.164121128053456,16.4121128053456,0,68.9522342511883,TRUE,"ok","ok","item_rest",0,1,0,1,1,0,0,1,0,0,0,1,0,1,0,1,0,0,0,1,0,0,0,0,0,0,0,0,0,0,0,0,0,1.0000984769457,0,1.2942101262835,1.20257572297271,0,0,2.80811908860377,0,0,0,1.11464269391646,0,1.03016645367673,0,1.37082364536879,0,0,0,1.49588225934354,0,0,0,0,0,0,0,0,0,0,0,0
"PISA3016",28,32,"(28,32)",0.875,"pm00fq01|pm033q01|pm034q01t|pm155q01|pm155q04t|pm192q01t|pm305q01|pm406q01|pm406q02|pm411q01|pm411q02|pm423q01|pm442q02|pm474q01|pm496q01t|pm496q02|pm564q02|pm571q01|pm603q01t|pm903q03|pm918q01|pm918q02|pm918q05|pm923q01|pm923q03|pm924q02|pm995q01|pm995q03",93.3141156226992,124.967526068713,51.4871099858453,68.9522342511883,0.74670691305348,74.670691305348,0,68.9522342511883,TRUE,"ok","ok","item_rest",1,1,1,1,1,1,1,1,1,1,1,1,1,1,1,1,0,1,1,1,0,1,1,1,1,1,1,0,1,1,0,1,2.14097710825686,1.0000984769457,1.96771446709354,1.2942101262835,1.20257572297271,2.05942193849789,1.27673050543826,2.80811908860377,4.7812223423438,1.93071340341164,1.60594277149801,1.11464269391646,2.58139463965431,1.03016645367673,1.62787399540524,1.37082364536879,0,1.77401492798991,1.83236153892946,1.49588225934354,0,2.90064730427663,1,1.25755024269656,1.36924943576479,1.75539915546177,1.51181899463805,0,2.08739675468112,2.47315752973098,0,2.23700446296524
"PISA3037",24,32,"(24,32)",0.75,"pm00fq01|pm033q01|pm034q01t|pm155q01|pm192q01t|pm406q01|pm411q01|pm411q02|pm423q01|pm442q02|pm474q01|pm496q01t|pm496q02|pm564q02|pm603q01t|pm803q01t|pm903q03|pm918q01|pm918q02|pm918q05|pm923q01|pm923q03|pm924q02|pm995q03",77.8677118849215,124.967526068713,42.9643834634361,68.9522342511883,0.623103572060041,62.3103572060041,0,68.9522342511883,TRUE,"ok","ok","item_rest",1,1,1,1,0,1,0,1,0,1,1,1,1,1,1,1,0,1,0,1,1,1,1,1,1,1,1,0,1,0,0,1,2.14097710825686,1.0000984769457,1.96771446709354,1.2942101262835,0,2.05942193849789,0,2.80811908860377,0,1.93071340341164,1.60594277149801,1.11464269391646,2.58139463965431,1.03016645367673,1.62787399540524,1.37082364536879,0,1.77401492798991,0,1.49588225934354,3.04332111700611,2.90064730427663,1,1.25755024269656,1.36924943576479,1.75539915546177,1.51181899463805,0,2.08739675468112,0,0,2.23700446296524
"PISA3046",20,32,"(20,32)",0.625,"pm155q01|pm155q04t|pm305q01|pm411q02|pm423q01|pm474q01|pm496q02|pm564q01|pm564q02|pm571q01|pm903q03|pm918q01|pm918q02|pm918q05|pm923q01|pm923q03|pm923q04|pm924q02|pm995q01|pm995q03",63.2424937557149,124.967526068713,34.894755311677,68.9522342511883,0.506071423074672,50.6071423074672,0,68.9522342511883,TRUE,"ok","ok","item_rest",0,0,0,1,1,0,1,0,0,0,1,1,0,1,0,1,1,1,1,0,0,1,1,1,1,1,1,1,1,1,0,1,0,0,0,1.2942101262835,1.20257572297271,0,1.27673050543826,0,0,0,1.60594277149801,1.11464269391646,0,1.03016645367673,0,1.37082364536879,1.45473339099819,1.77401492798991,1.83236153892946,0,0,2.90064730427663,1,1.25755024269656,1.36924943576479,1.75539915546177,1.51181899463805,4.34632965438984,2.08739675468112,2.47315752973098,0,2.23700446296524
"PISA3056",26,32,"(26,32)",0.8125,"pm00fq01|pm033q01|pm034q01t|pm155q01|pm192q01t|pm305q01|pm406q01|pm411q01|pm411q02|pm423q01|pm442q02|pm474q01|pm496q01t|pm496q02|pm564q01|pm564q02|pm571q01|pm803q01t|pm918q01|pm918q02|pm918q05|pm923q01|pm923q04|pm924q02|pm995q01|pm995q03",87.7904173849982,124.967526068713,48.4393475246647,68.9522342511883,0.702505844092062,70.2505844092062,0,68.9522342511883,TRUE,"ok","ok","item_rest",1,1,1,1,0,1,1,1,0,1,1,1,1,1,1,1,1,1,1,0,1,0,1,1,1,1,0,1,1,1,0,1,2.14097710825686,1.0000984769457,1.96771446709354,1.2942101262835,0,2.05942193849789,1.27673050543826,2.80811908860377,0,1.93071340341164,1.60594277149801,1.11464269391646,2.58139463965431,1.03016645367673,1.62787399540524,1.37082364536879,1.45473339099819,1.77401492798991,1.83236153892946,0,3.04332111700611,0,1,1.25755024269656,1.36924943576479,1.75539915546177,0,4.34632965438984,2.08739675468112,2.47315752973098,0,2.23700446296524
"PISA3062",6,32,"(6,32)",0.1875,"pm155q04t|pm305q01|pm474q01|pm918q01|pm918q05|pm923q03",13.3944555846084,124.967526068713,7.39054111249054,68.9522342511883,0.10718349003119,10.718349003119,0,68.9522342511883,TRUE,"ok","ok","item_rest",0,0,0,0,1,0,1,0,0,0,0,0,0,1,0,0,0,0,0,0,0,0,1,0,1,0,1,0,0,0,0,0,0,0,0,0,1.20257572297271,0,1.27673050543826,0,0,0,0,0,0,1.03016645367673,0,0,0,0,0,0,0,0,1,0,1.36924943576479,0,1.51181899463805,0,0,0,0,0
"PISA3071",12,32,"(12,32)",0.375,"pm033q01|pm034q01t|pm155q01|pm155q04t|pm411q01|pm411q02|pm423q01|pm496q02|pm603q01t|pm918q01|pm918q02|pm923q03",30.3609102858219,124.967526068713,16.7519728041685,68.9522342511883,0.242950398723009,24.2950398723009,0,68.9522342511883,TRUE,"ok","ok","item_rest",0,1,1,1,1,0,0,0,0,1,1,1,0,0,0,1,0,0,0,1,0,0,1,1,0,0,1,0,0,0,0,0,0,1.0000984769457,1.96771446709354,1.2942101262835,1.20257572297271,0,0,0,0,1.93071340341164,1.60594277149801,1.11464269391646,0,0,0,1.37082364536879,0,0,0,1.49588225934354,0,0,1,1.25755024269656,0,0,1.51181899463805,0,0,0,0,0
"PISA3088",3,32,"(3,32)",0.09375,"pm033q01|pm406q01|pm918q01",8.71430868763317,124.967526068713,4.80821756554947,68.9522342511883,0.0697325854305671,6.97325854305671,0,68.9522342511883,TRUE,"ok","ok","item_rest",0,1,0,0,0,0,0,1,0,0,0,0,0,0,0,0,0,0,0,0,0,0,1,0,0,0,0,0,0,0,0,0,0,1.0000984769457,0,0,0,0,0,2.80811908860377,0,0,0,0,0,0,0,0,0,0,0,0,0,0,1,0,0,0,0,0,0,0,0,0
"PISA3092",12,32,"(12,32)",0.375,"pm033q01|pm155q01|pm155q04t|pm411q02|pm423q01|pm474q01|pm496q02|pm564q02|pm918q01|pm918q05|pm924q02|pm995q01",31.3945199655845,124.967526068713,17.3222785388287,68.9522342511883,0.251221424902996,25.1221424902996,0,68.9522342511883,TRUE,"ok","ok","item_rest",0,1,0,1,1,0,0,0,0,0,1,1,0,1,0,1,0,1,0,0,0,0,1,0,1,0,0,0,1,1,0,0,0,1.0000984769457,0,1.2942101262835,1.20257572297271,0,0,0,0,0,1.60594277149801,1.11464269391646,0,1.03016645367673,0,1.37082364536879,0,1.77401492798991,0,0,0,0,1,0,1.36924943576479,0,0,0,2.08739675468112,2.47315752973098,0,0
"PISA3115",12,32,"(12,32)",0.375,"pm155q01|pm192q01t|pm305q01|pm423q01|pm474q01|pm496q01t|pm496q02|pm918q01|pm918q02|pm918q05|pm923q03|pm995q03",31.0813663061778,124.967526068713,17.1494924946515,68.9522342511883,0.24871554462147,24.871554462147,0,68.9522342511883,TRUE,"ok","ok","item_rest",0,0,0,1,0,1,1,0,0,0,0,1,0,1,1,1,0,0,0,0,0,0,1,1,1,0,1,0,0,0,0,1,0,0,0,1.2942101262835,0,2.05942193849789,1.27673050543826,0,0,0,0,1.11464269391646,0,1.03016645367673,1.62787399540524,1.37082364536879,0,0,0,0,0,0,1,1.25755024269656,1.36924943576479,0,1.51181899463805,0,0,0,0,2.23700446296524
"PISA3116",14,32,"(14,32)",0.4375,"pm155q01|pm155q04t|pm411q01|pm411q02|pm423q01|pm474q01|pm496q01t|pm496q02|pm564q01|pm564q02|pm918q01|pm918q02|pm923q01|pm995q01",37.86385019673,124.967526068713,20.8918040594105,68.9522342511883,0.302989515659537,30.2989515659537,0,68.9522342511883,TRUE,"ok","ok","item_rest",0,0,0,1,1,0,0,0,0,1,1,1,0,1,1,1,1,1,0,0,0,0,1,1,0,1,0,0,0,1,0,0,0,0,0,1.2942101262835,1.20257572297271,0,0,0,0,1.93071340341164,1.60594277149801,1.11464269391646,0,1.03016645367673,1.62787399540524,1.37082364536879,1.45473339099819,1.77401492798991,0,0,0,0,1,1.25755024269656,0,1.75539915546177,0,0,0,2.47315752973098,0,0
"PISA3122",17,32,"(17,32)",0.53125,"pm00fq01|pm033q01|pm155q01|pm305q01|pm411q02|pm423q01|pm474q01|pm496q01t|pm496q02|pm571q01|pm918q01|pm918q02|pm918q05|pm923q01|pm924q02|pm995q01|pm995q03",47.9801480935124,124.967526068713,26.4735848970195,68.9522342511883,0.383940929318954,38.3940929318954,0,68.9522342511883,TRUE,"ok","ok","item_rest",1,1,0,1,0,0,1,0,0,0,1,1,0,1,1,1,0,0,1,0,0,0,1,1,1,1,0,0,1,1,0,1,2.14097710825686,1.0000984769457,0,1.2942101262835,0,0,1.27673050543826,0,0,0,1.60594277149801,1.11464269391646,0,1.03016645367673,1.62787399540524,1.37082364536879,0,0,1.83236153892946,0,0,0,1,1.25755024269656,1.36924943576479,1.75539915546177,0,0,2.08739675468112,2.47315752973098,0,2.23700446296524
"PISA3127",10,32,"(10,32)",0.3125,"pm033q01|pm155q04t|pm474q01|pm564q01|pm918q01|pm918q02|pm918q05|pm923q01|pm923q03|pm924q02",24.7733769794784,124.967526068713,13.6689886278356,68.9522342511883,0.198238516507535,19.8238516507535,0,68.9522342511883,TRUE,"ok","ok","item_rest",0,1,0,0,1,0,0,0,0,0,0,0,0,1,0,0,1,0,0,0,0,0,1,1,1,1,1,0,1,0,0,0,0,1.0000984769457,0,0,1.20257572297271,0,0,0,0,0,0,0,0,1.03016645367673,0,0,1.45473339099819,0,0,0,0,0,1,1.25755024269656,1.36924943576479,1.75539915546177,1.51181899463805,0,2.08739675468112,0,0,0
"PISA3157",11,32,"(11,32)",0.34375,"pm033q01|pm155q01|pm305q01|pm423q01|pm496q01t|pm496q02|pm603q01t|pm918q01|pm918q02|pm918q05|pm995q03",27.2655369470224,124.967526068713,15.0440658441281,68.9522342511883,0.218180977128654,21.8180977128654,0,68.9522342511883,TRUE,"ok","ok","item_rest",0,1,0,1,0,0,1,0,0,0,0,1,0,0,1,1,0,0,0,1,0,0,1,1,1,0,0,0,0,0,0,1,0,1.0000984769457,0,1.2942101262835,0,0,1.27673050543826,0,0,0,0,1.11464269391646,0,0,1.62787399540524,1.37082364536879,0,0,0,1.49588225934354,0,0,1,1.25755024269656,1.36924943576479,0,0,0,0,0,0,2.23700446296524
"PISA3170",9,32,"(9,32)",0.28125,"pm155q01|pm155q04t|pm411q02|pm474q01|pm496q02|pm564q01|pm564q02|pm918q01|pm918q05",21.9328870983433,124.967526068713,12.1017164745526,68.9522342511883,0.175508692444496,17.5508692444496,0,68.9522342511883,TRUE,"ok","ok","item_rest",0,0,0,1,1,0,0,0,0,0,1,0,0,1,0,1,1,1,0,0,0,0,1,0,1,0,0,0,0,0,0,0,0,0,0,1.2942101262835,1.20257572297271,0,0,0,0,0,1.60594277149801,0,0,1.03016645367673,0,1.37082364536879,1.45473339099819,1.77401492798991,0,0,0,0,1,0,1.36924943576479,0,0,0,0,0,0,0
"PISA3183",11,32,"(11,32)",0.34375,"pm033q01|pm034q01t|pm305q01|pm411q02|pm423q01|pm474q01|pm496q01t|pm496q02|pm564q01|pm571q01|pm918q01",27.6951106247316,124.967526068713,15.2810879392704,68.9522342511883,0.221618459578879,22.1618459578879,0,68.9522342511883,TRUE,"ok","ok","item_rest",0,1,1,0,0,0,1,0,0,0,1,1,0,1,1,1,1,0,1,0,0,0,1,0,0,0,0,0,0,0,0,0,0,1.0000984769457,1.96771446709354,0,0,0,1.27673050543826,0,0,0,1.60594277149801,1.11464269391646,0,1.03016645367673,1.62787399540524,1.37082364536879,1.45473339099819,0,1.83236153892946,0,0,0,1,0,0,0,0,0,0,0,0,0
"PISA3188",13,32,"(13,32)",0.40625,"pm155q01|pm155q04t|pm192q01t|pm411q01|pm411q02|pm423q01|pm564q01|pm571q01|pm918q01|pm918q05|pm923q03|pm924q02|pm995q01",37.9443564747272,124.967526068713,20.9362243013228,68.9522342511883,0.303633733245736,30.3633733245736,0,68.9522342511883,TRUE,"ok","ok","item_rest",0,0,0,1,1,1,0,0,0,1,1,1,0,0,0,0,1,0,1,0,0,0,1,0,1,0,1,0,1,1,0,0,0,0,0,1.2942101262835,1.20257572297271,2.05942193849789,0,0,0,1.93071340341164,1.60594277149801,1.11464269391646,0,0,0,0,1.45473339099819,0,1.83236153892946,0,0,0,1,0,1.36924943576479,0,1.51181899463805,0,2.08739675468112,2.47315752973098,0,0
"PISA3191",26,32,"(26,32)",0.8125,"pm00fq01|pm033q01|pm034q01t|pm155q01|pm155q04t|pm192q01t|pm305q01|pm406q01|pm406q02|pm411q01|pm411q02|pm423q01|pm496q01t|pm496q02|pm564q02|pm571q01|pm603q01t|pm803q01t|pm903q03|pm918q01|pm918q02|pm918q05|pm923q01|pm924q02|pm995q01|pm995q03",89.544262092916,124.967526068713,49.4070510148823,68.9522342511883,0.716540247773491,71.6540247773491,0,68.9522342511883,TRUE,"ok","ok","item_rest",1,1,1,1,1,1,1,1,1,1,1,1,0,0,1,1,0,1,1,1,1,1,1,1,1,1,0,0,1,1,0,1,2.14097710825686,1.0000984769457,1.96771446709354,1.2942101262835,1.20257572297271,2.05942193849789,1.27673050543826,2.80811908860377,4.7812223423438,1.93071340341164,1.60594277149801,1.11464269391646,0,0,1.62787399540524,1.37082364536879,0,1.77401492798991,1.83236153892946,1.49588225934354,3.04332111700611,2.90064730427663,1,1.25755024269656,1.36924943576479,1.75539915546177,0,0,2.08739675468112,2.47315752973098,0,2.23700446296524
"PISA3210",12,32,"(12,32)",0.375,"pm033q01|pm155q01|pm155q04t|pm305q01|pm411q01|pm423q01|pm603q01t|pm918q01|pm918q02|pm923q03|pm924q02|pm995q01",31.9790086200559,124.967526068713,17.6447767100585,68.9522342511883,0.255898549215676,25.5898549215676,0,68.9522342511883,TRUE,"ok","ok","item_rest",0,1,0,1,1,0,1,0,0,1,0,1,0,0,0,0,0,0,0,1,0,0,1,1,0,0,1,0,1,1,0,0,0,1.0000984769457,0,1.2942101262835,1.20257572297271,0,1.27673050543826,0,0,1.93071340341164,0,1.11464269391646,0,0,0,0,0,0,0,1.49588225934354,0,0,1,1.25755024269656,0,0,1.51181899463805,0,2.08739675468112,2.47315752973098,0,0
"PISA3228",18,32,"(18,32)",0.5625,"pm00fq01|pm033q01|pm192q01t|pm411q01|pm411q02|pm423q01|pm474q01|pm496q02|pm564q01|pm571q01|pm603q01t|pm803q01t|pm918q01|pm918q02|pm923q01|pm923q03|pm924q02|pm995q01",54.6693144670887,124.967526068713,30.1644074750578,68.9522342511883,0.437468166226071,43.7468166226071,0,68.9522342511883,TRUE,"ok","ok","item_rest",1,1,0,0,0,1,0,0,0,1,1,1,0,1,0,1,1,0,1,1,1,0,1,1,0,1,1,0,1,1,0,0,2.14097710825686,1.0000984769457,0,0,0,2.05942193849789,0,0,0,1.93071340341164,1.60594277149801,1.11464269391646,0,1.03016645367673,0,1.37082364536879,1.45473339099819,0,1.83236153892946,1.49588225934354,3.04332111700611,0,1,1.25755024269656,0,1.75539915546177,1.51181899463805,0,2.08739675468112,2.47315752973098,0,0
"PISA3237",12,32,"(12,32)",0.375,"pm00fq01|pm034q01t|pm305q01|pm411q01|pm496q01t|pm496q02|pm571q01|pm918q01|pm918q02|pm923q01|pm923q03|pm995q01",36.5105773494036,124.967526068713,20.1451205864311,68.9522342511883,0.292160519600334,29.2160519600334,0,68.9522342511883,TRUE,"ok","ok","item_rest",1,0,1,0,0,0,1,0,0,1,0,0,0,0,1,1,0,0,1,0,0,0,1,1,0,1,1,0,0,1,0,0,2.14097710825686,0,1.96771446709354,0,0,0,1.27673050543826,0,0,1.93071340341164,0,0,0,0,1.62787399540524,1.37082364536879,0,0,1.83236153892946,0,0,0,1,1.25755024269656,0,1.75539915546177,1.51181899463805,0,0,2.47315752973098,0,0
"PISA3241",11,32,"(11,32)",0.34375,"pm155q01|pm155q04t|pm192q01t|pm411q02|pm423q01|pm442q02|pm496q01t|pm918q01|pm918q02|pm918q05|pm924q02",31.1733731837332,124.967526068713,17.2002583213706,68.9522342511883,0.249451790912405,24.9451790912405,0,68.9522342511883,TRUE,"ok","ok","item_rest",0,0,0,1,1,1,0,0,0,0,1,1,1,0,1,0,0,0,0,0,0,0,1,1,1,0,0,0,1,0,0,0,0,0,0,1.2942101262835,1.20257572297271,2.05942193849789,0,0,0,0,1.60594277149801,1.11464269391646,2.58139463965431,0,1.62787399540524,0,0,0,0,0,0,0,1,1.25755024269656,1.36924943576479,0,0,0,2.08739675468112,0,0,0
"PISA3256",18,32,"(18,32)",0.5625,"pm00fq01|pm033q01|pm155q01|pm155q04t|pm192q01t|pm411q01|pm423q01|pm474q01|pm496q01t|pm564q01|pm564q02|pm571q01|pm603q01t|pm803q01t|pm918q01|pm918q05|pm923q03|pm924q02",52.5036147045205,124.967526068713,28.9694583387179,68.9522342511883,0.420138065913631,42.0138065913631,0,68.9522342511883,TRUE,"ok","ok","item_rest",1,1,0,1,1,1,0,0,0,1,0,1,0,1,1,0,1,1,1,1,1,0,1,0,1,0,1,0,1,0,0,0,2.14097710825686,1.0000984769457,0,1.2942101262835,1.20257572297271,2.05942193849789,0,0,0,1.93071340341164,0,1.11464269391646,0,1.03016645367673,1.62787399540524,0,1.45473339099819,1.77401492798991,1.83236153892946,1.49588225934354,3.04332111700611,0,1,0,1.36924943576479,0,1.51181899463805,0,2.08739675468112,0,0,0
"PISA3275",16,32,"(16,32)",0.5,"pm00fq01|pm033q01|pm034q01t|pm155q01|pm155q04t|pm411q01|pm411q02|pm423q01|pm474q01|pm564q02|pm918q01|pm918q02|pm918q05|pm923q01|pm923q03|pm924q02",43.5740497896414,124.967526068713,24.0424707352873,68.9522342511883,0.348682983175023,34.8682983175023,0,68.9522342511883,TRUE,"ok","ok","item_rest",1,1,1,1,1,0,0,0,0,1,1,1,0,1,0,0,0,1,0,0,0,0,1,1,1,1,1,0,1,0,0,0,2.14097710825686,1.0000984769457,1.96771446709354,1.2942101262835,1.20257572297271,0,0,0,0,1.93071340341164,1.60594277149801,1.11464269391646,0,1.03016645367673,0,0,0,1.77401492798991,0,0,0,0,1,1.25755024269656,1.36924943576479,1.75539915546177,1.51181899463805,0,2.08739675468112,0,0,0
"PISA3276",9,32,"(9,32)",0.28125,"pm155q04t|pm192q01t|pm305q01|pm423q01|pm496q02|pm564q01|pm918q01|pm918q02|pm918q05",21.9401567305293,124.967526068713,12.1057275756537,68.9522342511883,0.175566864614616,17.5566864614616,0,68.9522342511883,TRUE,"ok","ok","item_rest",0,0,0,0,1,1,1,0,0,0,0,1,0,0,0,1,1,0,0,0,0,0,1,1,1,0,0,0,0,0,0,0,0,0,0,0,1.20257572297271,2.05942193849789,1.27673050543826,0,0,0,0,1.11464269391646,0,0,0,1.37082364536879,1.45473339099819,0,0,0,0,0,1,1.25755024269656,1.36924943576479,0,0,0,0,0,0,0
"PISA3287",18,32,"(18,32)",0.5625,"pm033q01|pm034q01t|pm155q01|pm305q01|pm411q01|pm411q02|pm423q01|pm564q01|pm564q02|pm571q01|pm603q01t|pm803q01t|pm918q01|pm918q02|pm918q05|pm923q01|pm924q02|pm995q01",53.887656270223,124.967526068713,29.7331187971895,68.9522342511883,0.43121327568406,43.121327568406,0,68.9522342511883,TRUE,"ok","ok","item_rest",0,1,1,1,0,0,1,0,0,1,1,1,0,0,0,0,1,1,1,1,1,0,1,1,1,1,0,0,1,1,0,0,0,1.0000984769457,1.96771446709354,1.2942101262835,0,0,1.27673050543826,0,0,1.93071340341164,1.60594277149801,1.11464269391646,0,0,0,0,1.45473339099819,1.77401492798991,1.83236153892946,1.49588225934354,3.04332111700611,0,1,1.25755024269656,1.36924943576479,1.75539915546177,0,0,2.08739675468112,2.47315752973098,0,0
"PISA3292",29,32,"(29,32)",0.90625,"pm00fq01|pm033q01|pm034q01t|pm155q01|pm155q04t|pm192q01t|pm305q01|pm406q01|pm406q02|pm411q01|pm411q02|pm423q01|pm442q02|pm474q01|pm496q01t|pm496q02|pm564q01|pm564q02|pm571q01|pm603q01t|pm803q01t|pm903q03|pm918q01|pm918q02|pm918q05|pm923q01|pm924q02|pm995q01|pm995q03",98.7263037615844,124.967526068713,54.4733454992115,68.9522342511883,0.790015669409185,79.0015669409185,0,68.9522342511883,TRUE,"ok","ok","item_rest",1,1,1,1,1,1,1,1,1,1,1,1,1,1,1,1,1,1,1,1,1,1,1,1,1,1,0,0,1,1,0,1,2.14097710825686,1.0000984769457,1.96771446709354,1.2942101262835,1.20257572297271,2.05942193849789,1.27673050543826,2.80811908860377,4.7812223423438,1.93071340341164,1.60594277149801,1.11464269391646,2.58139463965431,1.03016645367673,1.62787399540524,1.37082364536879,1.45473339099819,1.77401492798991,1.83236153892946,1.49588225934354,3.04332111700611,2.90064730427663,1,1.25755024269656,1.36924943576479,1.75539915546177,0,0,2.08739675468112,2.47315752973098,0,2.23700446296524
"PISA3293",22,32,"(22,32)",0.6875,"pm033q01|pm034q01t|pm155q04t|pm192q01t|pm411q01|pm411q02|pm423q01|pm474q01|pm496q01t|pm496q02|pm564q01|pm571q01|pm903q03|pm918q01|pm918q02|pm918q05|pm923q01|pm923q03|pm923q04|pm924q02|pm995q01|pm995q03",70.9285481431642,124.967526068713,39.1356220333193,68.9522342511883,0.567575836495028,56.7575836495028,0,68.9522342511883,TRUE,"ok","ok","item_rest",0,1,1,0,1,1,0,0,0,1,1,1,0,1,1,1,1,0,1,0,0,1,1,1,1,1,1,1,1,1,0,1,0,1.0000984769457,1.96771446709354,0,1.20257572297271,2.05942193849789,0,0,0,1.93071340341164,1.60594277149801,1.11464269391646,0,1.03016645367673,1.62787399540524,1.37082364536879,1.45473339099819,0,1.83236153892946,0,0,2.90064730427663,1,1.25755024269656,1.36924943576479,1.75539915546177,1.51181899463805,4.34632965438984,2.08739675468112,2.47315752973098,0,2.23700446296524
"PISA3299",9,32,"(9,32)",0.28125,"pm033q01|pm155q01|pm406q01|pm423q01|pm442q02|pm474q01|pm564q01|pm571q01|pm995q03",27.8249547140121,124.967526068713,15.3527308719733,68.9522342511883,0.222657482222322,22.2657482222322,0,68.9522342511883,TRUE,"ok","ok","item_rest",0,1,0,1,0,0,0,1,0,0,0,1,1,1,0,0,1,0,1,0,0,0,0,0,0,0,0,0,0,0,0,1,0,1.0000984769457,0,1.2942101262835,0,0,0,2.80811908860377,0,0,0,1.11464269391646,2.58139463965431,1.03016645367673,0,0,1.45473339099819,0,1.83236153892946,0,0,0,0,0,0,0,0,0,0,0,0,2.23700446296524
"PISA3331",9,32,"(9,32)",0.28125,"pm033q01|pm155q01|pm423q01|pm474q01|pm603q01t|pm918q01|pm918q02|pm918q05|pm924q02",21.1127496595024,124.967526068713,11.6491964433084,68.9522342511883,0.168945887973277,16.8945887973277,0,68.9522342511883,TRUE,"ok","ok","item_rest",0,1,0,1,0,0,0,0,0,0,0,1,0,1,0,0,0,0,0,1,0,0,1,1,1,0,0,0,1,0,0,0,0,1.0000984769457,0,1.2942101262835,0,0,0,0,0,0,0,1.11464269391646,0,1.03016645367673,0,0,0,0,0,1.49588225934354,0,0,1,1.25755024269656,1.36924943576479,0,0,0,2.08739675468112,0,0,0
"PISA3338",19,32,"(19,32)",0.59375,"pm00fq01|pm033q01|pm034q01t|pm155q01|pm155q04t|pm192q01t|pm406q01|pm406q02|pm411q01|pm411q02|pm423q01|pm474q01|pm564q01|pm571q01|pm603q01t|pm918q01|pm918q02|pm918q05|pm995q01",61.2923452352305,124.967526068713,33.8187389909641,68.9522342511883,0.490466180802275,49.0466180802275,0,68.9522342511883,TRUE,"ok","ok","item_rest",1,1,1,1,1,1,0,1,1,1,1,1,0,1,0,0,1,0,1,1,0,0,1,1,1,0,0,0,0,1,0,0,2.14097710825686,1.0000984769457,1.96771446709354,1.2942101262835,1.20257572297271,2.05942193849789,0,2.80811908860377,4.7812223423438,1.93071340341164,1.60594277149801,1.11464269391646,0,1.03016645367673,0,0,1.45473339099819,0,1.83236153892946,1.49588225934354,0,0,1,1.25755024269656,1.36924943576479,0,0,0,0,2.47315752973098,0,0
"PISA3339",17,32,"(17,32)",0.53125,"pm033q01|pm034q01t|pm155q01|pm155q04t|pm192q01t|pm411q01|pm411q02|pm423q01|pm442q02|pm474q01|pm496q01t|pm496q02|pm571q01|pm918q01|pm918q02|pm918q05|pm923q01",47.1220845417827,124.967526068713,26.0001387075771,68.9522342511883,0.377074637101103,37.7074637101103,0,68.9522342511883,TRUE,"ok","ok","item_rest",0,1,1,1,1,1,0,0,0,1,1,1,1,1,1,1,0,0,1,0,0,0,1,1,1,1,0,0,0,0,0,0,0,1.0000984769457,1.96771446709354,1.2942101262835,1.20257572297271,2.05942193849789,0,0,0,1.93071340341164,1.60594277149801,1.11464269391646,2.58139463965431,1.03016645367673,1.62787399540524,1.37082364536879,0,0,1.83236153892946,0,0,0,1,1.25755024269656,1.36924943576479,1.75539915546177,0,0,0,0,0,0
"PISA3365",12,32,"(12,32)",0.375,"pm033q01|pm034q01t|pm155q01|pm155q04t|pm411q01|pm423q01|pm442q02|pm474q01|pm564q01|pm918q01|pm918q02|pm918q05",31.1784310456457,124.967526068713,17.2030490534141,68.9522342511883,0.249492264322351,24.9492264322351,0,68.9522342511883,TRUE,"ok","ok","item_rest",0,1,1,1,1,0,0,0,0,1,0,1,1,1,0,0,1,0,0,0,0,0,1,1,1,0,0,0,0,0,0,0,0,1.0000984769457,1.96771446709354,1.2942101262835,1.20257572297271,0,0,0,0,1.93071340341164,0,1.11464269391646,2.58139463965431,1.03016645367673,0,0,1.45473339099819,0,0,0,0,0,1,1.25755024269656,1.36924943576479,0,0,0,0,0,0,0
"PISA3374",23,32,"(23,32)",0.71875,"pm033q01|pm034q01t|pm155q01|pm155q04t|pm305q01|pm411q02|pm423q01|pm442q02|pm474q01|pm496q02|pm564q02|pm571q01|pm603q01t|pm903q03|pm918q01|pm918q02|pm918q05|pm923q01|pm923q03|pm923q04|pm924q02|pm995q01|pm995q03",73.3743339091256,124.967526068713,40.4851117637159,68.9522342511883,0.587147207097472,58.7147207097472,0,68.9522342511883,TRUE,"ok","ok","item_rest",0,1,1,1,1,0,1,0,0,0,1,1,1,1,0,1,0,1,1,1,0,1,1,1,1,1,1,1,1,1,0,1,0,1.0000984769457,1.96771446709354,1.2942101262835,1.20257572297271,0,1.27673050543826,0,0,0,1.60594277149801,1.11464269391646,2.58139463965431,1.03016645367673,0,1.37082364536879,0,1.77401492798991,1.83236153892946,1.49588225934354,0,2.90064730427663,1,1.25755024269656,1.36924943576479,1.75539915546177,1.51181899463805,4.34632965438984,2.08739675468112,2.47315752973098,0,2.23700446296524
"PISA3378",18,32,"(18,32)",0.5625,"pm033q01|pm034q01t|pm155q01|pm155q04t|pm305q01|pm411q01|pm411q02|pm423q01|pm474q01|pm564q01|pm564q02|pm918q01|pm918q02|pm918q05|pm923q01|pm923q03|pm924q02|pm995q01",49.1265319582255,124.967526068713,27.1061150531979,68.9522342511883,0.393114383421604,39.3114383421604,0,68.9522342511883,TRUE,"ok","ok","item_rest",0,1,1,1,1,0,1,0,0,1,1,1,0,1,0,0,1,1,0,0,0,0,1,1,1,1,1,0,1,1,0,0,0,1.0000984769457,1.96771446709354,1.2942101262835,1.20257572297271,0,1.27673050543826,0,0,1.93071340341164,1.60594277149801,1.11464269391646,0,1.03016645367673,0,0,1.45473339099819,1.77401492798991,0,0,0,0,1,1.25755024269656,1.36924943576479,1.75539915546177,1.51181899463805,0,2.08739675468112,2.47315752973098,0,0
"PISA3411",6,32,"(6,32)",0.1875,"pm192q01t|pm305q01|pm423q01|pm603q01t|pm918q01|pm918q05",15.0716044892432,124.967526068713,8.31592683296095,68.9522342511883,0.120604167845622,12.0604167845622,0,68.9522342511883,TRUE,"ok","ok","item_rest",0,0,0,0,0,1,1,0,0,0,0,1,0,0,0,0,0,0,0,1,0,0,1,0,1,0,0,0,0,0,0,0,0,0,0,0,0,2.05942193849789,1.27673050543826,0,0,0,0,1.11464269391646,0,0,0,0,0,0,0,1.49588225934354,0,0,1,0,1.36924943576479,0,0,0,0,0,0,0
"PISA3428",15,32,"(15,32)",0.46875,"pm00fq01|pm033q01|pm034q01t|pm155q01|pm155q04t|pm192q01t|pm423q01|pm442q02|pm496q01t|pm496q02|pm903q03|pm918q01|pm918q02|pm918q05|pm995q01",45.9625224682493,124.967526068713,25.360337326864,68.9522342511883,0.367795729932086,36.7795729932086,0,68.9522342511883,TRUE,"ok","ok","item_rest",1,1,1,1,1,1,0,0,0,0,0,1,1,0,1,1,0,0,0,0,0,1,1,1,1,0,0,0,0,1,0,0,2.14097710825686,1.0000984769457,1.96771446709354,1.2942101262835,1.20257572297271,2.05942193849789,0,0,0,0,0,1.11464269391646,2.58139463965431,0,1.62787399540524,1.37082364536879,0,0,0,0,0,2.90064730427663,1,1.25755024269656,1.36924943576479,0,0,0,0,2.47315752973098,0,0
"PISA3442",16,32,"(16,32)",0.5,"pm033q01|pm155q01|pm155q04t|pm192q01t|pm406q01|pm411q01|pm423q01|pm442q02|pm496q01t|pm496q02|pm571q01|pm603q01t|pm803q01t|pm918q01|pm923q01|pm995q03",51.3878855536763,124.967526068713,28.3538422647661,68.9522342511883,0.411209913249149,41.1209913249149,0,68.9522342511883,TRUE,"ok","ok","item_rest",0,1,0,1,1,1,0,1,0,1,0,1,1,0,1,1,0,0,1,1,1,0,1,0,0,1,0,0,0,0,0,1,0,1.0000984769457,0,1.2942101262835,1.20257572297271,2.05942193849789,0,2.80811908860377,0,1.93071340341164,0,1.11464269391646,2.58139463965431,0,1.62787399540524,1.37082364536879,0,0,1.83236153892946,1.49588225934354,3.04332111700611,0,1,0,0,1.75539915546177,0,0,0,0,0,2.23700446296524
"PISA3448",15,32,"(15,32)",0.46875,"pm00fq01|pm033q01|pm155q01|pm155q04t|pm411q02|pm423q01|pm442q02|pm474q01|pm496q01t|pm803q01t|pm918q01|pm918q02|pm918q05|pm923q03|pm995q03",43.527572268526,124.967526068713,24.0168262416803,68.9522342511883,0.348311066385298,34.8311066385298,0,68.9522342511883,TRUE,"ok","ok","item_rest",1,1,0,1,1,0,0,0,0,0,1,1,1,1,1,0,0,0,0,0,1,0,1,1,1,0,1,0,0,0,0,1,2.14097710825686,1.0000984769457,0,1.2942101262835,1.20257572297271,0,0,0,0,0,1.60594277149801,1.11464269391646,2.58139463965431,1.03016645367673,1.62787399540524,0,0,0,0,0,3.04332111700611,0,1,1.25755024269656,1.36924943576479,0,1.51181899463805,0,0,0,0,2.23700446296524
"PISA3451",17,32,"(17,32)",0.53125,"pm00fq01|pm033q01|pm034q01t|pm155q01|pm155q04t|pm442q02|pm496q01t|pm496q02|pm564q01|pm564q02|pm571q01|pm603q01t|pm918q01|pm918q02|pm918q05|pm923q01|pm924q02",49.3188992928722,124.967526068713,27.212255887846,68.9522342511883,0.394653722005781,39.4653722005781,0,68.9522342511883,TRUE,"ok","ok","item_rest",1,1,1,1,1,0,0,0,0,0,0,0,1,0,1,1,1,1,1,1,0,0,1,1,1,1,0,0,1,0,0,0,2.14097710825686,1.0000984769457,1.96771446709354,1.2942101262835,1.20257572297271,0,0,0,0,0,0,0,2.58139463965431,0,1.62787399540524,1.37082364536879,1.45473339099819,1.77401492798991,1.83236153892946,1.49588225934354,0,0,1,1.25755024269656,1.36924943576479,1.75539915546177,0,0,2.08739675468112,0,0,0
"PISA3456",3,32,"(3,32)",0.09375,"pm033q01|pm923q01|pm923q03",7.73399161934442,124.967526068713,4.26731662704551,68.9522342511883,0.0618880109308708,6.18880109308708,0,68.9522342511883,TRUE,"ok","ok","item_rest",0,1,0,0,0,0,0,0,0,0,0,0,0,0,0,0,0,0,0,0,0,0,0,0,0,1,1,0,0,0,0,0,0,1.0000984769457,0,0,0,0,0,0,0,0,0,0,0,0,0,0,0,0,0,0,0,0,0,0,0,1.75539915546177,1.51181899463805,0,0,0,0,0
"PISA3469",6,32,"(6,32)",0.1875,"pm155q04t|pm474q01|pm564q01|pm564q02|pm571q01|pm995q03",17.2735165255649,124.967526068713,9.53085649753222,68.9522342511883,0.138224041628759,13.8224041628759,0,68.9522342511883,TRUE,"ok","ok","item_rest",0,0,0,0,1,0,0,0,0,0,0,0,0,1,0,0,1,1,1,0,0,0,0,0,0,0,0,0,0,0,0,1,0,0,0,0,1.20257572297271,0,0,0,0,0,0,0,0,1.03016645367673,0,0,1.45473339099819,1.77401492798991,1.83236153892946,0,0,0,0,0,0,0,0,0,0,0,0,2.23700446296524
"PISA3474",1,32,"(1,32)",0.03125,"pm564q01",2.63652708192643,124.967526068713,1.45473339099819,68.9522342511883,0.0210976976568836,2.10976976568836,0,68.9522342511883,TRUE,"ok","ok","item_rest",0,0,0,0,0,0,0,0,0,0,0,0,0,0,0,0,1,0,0,0,0,0,0,0,0,0,0,0,0,0,0,0,0,0,0,0,0,0,0,0,0,0,0,0,0,0,0,0,1.45473339099819,0,0,0,0,0,0,0,0,0,0,0,0,0,0,0
"PISA3481",9,32,"(9,32)",0.28125,"pm033q01|pm423q01|pm474q01|pm496q01t|pm496q02|pm603q01t|pm918q01|pm918q02|pm924q02",21.7203278445655,124.967526068713,11.9844345220341,68.9522342511883,0.173807776530861,17.3807776530861,0,68.9522342511883,TRUE,"ok","ok","item_rest",0,1,0,0,0,0,0,0,0,0,0,1,0,1,1,1,0,0,0,1,0,0,1,1,0,0,0,0,1,0,0,0,0,1.0000984769457,0,0,0,0,0,0,0,0,0,1.11464269391646,0,1.03016645367673,1.62787399540524,1.37082364536879,0,0,0,1.49588225934354,0,0,1,1.25755024269656,0,0,0,0,2.08739675468112,0,0,0
"PISA3493",3,32,"(3,32)",0.09375,"pm423q01|pm564q01|pm918q05",7.13827902424968,124.967526068713,3.93862552067944,68.9522342511883,0.0571210717600723,5.71210717600723,0,68.9522342511883,TRUE,"ok","ok","item_rest",0,0,0,0,0,0,0,0,0,0,0,1,0,0,0,0,1,0,0,0,0,0,0,0,1,0,0,0,0,0,0,0,0,0,0,0,0,0,0,0,0,0,0,1.11464269391646,0,0,0,0,1.45473339099819,0,0,0,0,0,0,0,1.36924943576479,0,0,0,0,0,0,0
"PISA3501",14,32,"(14,32)",0.4375,"pm00fq01|pm033q01|pm155q01|pm155q04t|pm305q01|pm474q01|pm496q01t|pm496q02|pm571q01|pm603q01t|pm918q01|pm918q02|pm918q05|pm923q03",35.1788380783877,124.967526068713,19.4103185057202,68.9522342511883,0.281503836917158,28.1503836917158,0,68.9522342511883,TRUE,"ok","ok","item_rest",1,1,0,1,1,0,1,0,0,0,0,0,0,1,1,1,0,0,1,1,0,0,1,1,1,0,1,0,0,0,0,0,2.14097710825686,1.0000984769457,0,1.2942101262835,1.20257572297271,0,1.27673050543826,0,0,0,0,0,0,1.03016645367673,1.62787399540524,1.37082364536879,0,0,1.83236153892946,1.49588225934354,0,0,1,1.25755024269656,1.36924943576479,0,1.51181899463805,0,0,0,0,0
"PISA3503",7,32,"(7,32)",0.21875,"pm155q04t|pm305q01|pm474q01|pm564q01|pm918q02|pm923q01|pm923q03",17.1976104445094,124.967526068713,9.48897446588225,68.9522342511883,0.137616635181313,13.7616635181313,0,68.9522342511883,TRUE,"ok","ok","item_rest",0,0,0,0,1,0,1,0,0,0,0,0,0,1,0,0,1,0,0,0,0,0,0,1,0,1,1,0,0,0,0,0,0,0,0,0,1.20257572297271,0,1.27673050543826,0,0,0,0,0,0,1.03016645367673,0,0,1.45473339099819,0,0,0,0,0,0,1.25755024269656,0,1.75539915546177,1.51181899463805,0,0,0,0,0
"PISA3510",8,32,"(8,32)",0.25,"pm033q01|pm155q01|pm155q04t|pm411q02|pm423q01|pm496q02|pm918q01|pm918q02",17.8443924271808,124.967526068713,9.84584367968174,68.9522342511883,0.142792235619429,14.2792235619429,0,68.9522342511883,TRUE,"ok","ok","item_rest",0,1,0,1,1,0,0,0,0,0,1,1,0,0,0,1,0,0,0,0,0,0,1,1,0,0,0,0,0,0,0,0,0,1.0000984769457,0,1.2942101262835,1.20257572297271,0,0,0,0,0,1.60594277149801,1.11464269391646,0,0,0,1.37082364536879,0,0,0,0,0,0,1,1.25755024269656,0,0,0,0,0,0,0,0
"PISA3517",18,32,"(18,32)",0.5625,"pm033q01|pm034q01t|pm155q01|pm155q04t|pm192q01t|pm411q01|pm411q02|pm423q01|pm442q02|pm474q01|pm496q01t|pm496q02|pm571q01|pm603q01t|pm803q01t|pm918q01|pm918q02|pm918q05",52.1673906195623,124.967526068713,28.783942928465,68.9522342511883,0.417447574267239,41.7447574267239,0,68.9522342511883,TRUE,"ok","ok","item_rest",0,1,1,1,1,1,0,0,0,1,1,1,1,1,1,1,0,0,1,1,1,0,1,1,1,0,0,0,0,0,0,0,0,1.0000984769457,1.96771446709354,1.2942101262835,1.20257572297271,2.05942193849789,0,0,0,1.93071340341164,1.60594277149801,1.11464269391646,2.58139463965431,1.03016645367673,1.62787399540524,1.37082364536879,0,0,1.83236153892946,1.49588225934354,3.04332111700611,0,1,1.25755024269656,1.36924943576479,0,0,0,0,0,0,0
"PISA3547",7,32,"(7,32)",0.21875,"pm155q01|pm474q01|pm603q01t|pm918q01|pm918q05|pm923q03|pm924q02",17.7408700092417,124.967526068713,9.78872402438773,68.9522342511883,0.141963841066093,14.1963841066093,0,68.9522342511883,TRUE,"ok","ok","item_rest",0,0,0,1,0,0,0,0,0,0,0,0,0,1,0,0,0,0,0,1,0,0,1,0,1,0,1,0,1,0,0,0,0,0,0,1.2942101262835,0,0,0,0,0,0,0,0,0,1.03016645367673,0,0,0,0,0,1.49588225934354,0,0,1,0,1.36924943576479,0,1.51181899463805,0,2.08739675468112,0,0,0
"PISA3560",15,32,"(15,32)",0.46875,"pm033q01|pm034q01t|pm155q01|pm423q01|pm474q01|pm496q01t|pm496q02|pm564q02|pm903q03|pm918q01|pm918q02|pm918q05|pm923q03|pm923q04|pm995q03",46.7632448478763,124.967526068713,25.802144881411,68.9522342511883,0.374203173568176,37.4203173568176,0,68.9522342511883,TRUE,"ok","ok","item_rest",0,1,1,1,0,0,0,0,0,0,0,1,0,1,1,1,0,1,0,0,0,1,1,1,1,0,1,1,0,0,0,1,0,1.0000984769457,1.96771446709354,1.2942101262835,0,0,0,0,0,0,0,1.11464269391646,0,1.03016645367673,1.62787399540524,1.37082364536879,0,1.77401492798991,0,0,0,2.90064730427663,1,1.25755024269656,1.36924943576479,0,1.51181899463805,4.34632965438984,0,0,0,2.23700446296524
"PISA3581",27,32,"(27,32)",0.84375,"pm00fq01|pm033q01|pm034q01t|pm155q01|pm155q04t|pm192q01t|pm305q01|pm411q01|pm411q02|pm423q01|pm442q02|pm474q01|pm496q01t|pm496q02|pm564q01|pm564q02|pm571q01|pm803q01t|pm918q01|pm918q02|pm918q05|pm923q01|pm923q03|pm923q04|pm924q02|pm995q01|pm995q03",87.6205533783777,124.967526068713,48.3456231536717,68.9522342511883,0.701146578913626,70.1146578913626,0,68.9522342511883,TRUE,"ok","ok","item_rest",1,1,1,1,1,1,1,0,0,1,1,1,1,1,1,1,1,1,1,0,1,0,1,1,1,1,1,1,1,1,0,1,2.14097710825686,1.0000984769457,1.96771446709354,1.2942101262835,1.20257572297271,2.05942193849789,1.27673050543826,0,0,1.93071340341164,1.60594277149801,1.11464269391646,2.58139463965431,1.03016645367673,1.62787399540524,1.37082364536879,1.45473339099819,1.77401492798991,1.83236153892946,0,3.04332111700611,0,1,1.25755024269656,1.36924943576479,1.75539915546177,1.51181899463805,4.34632965438984,2.08739675468112,2.47315752973098,0,2.23700446296524
"PISA3599",6,32,"(6,32)",0.1875,"pm033q01|pm155q01|pm423q01|pm474q01|pm918q01|pm918q05",12.3393362537856,124.967526068713,6.80836718658718,68.9522342511883,0.0987403419269166,9.87403419269166,0,68.9522342511883,TRUE,"ok","ok","item_rest",0,1,0,1,0,0,0,0,0,0,0,1,0,1,0,0,0,0,0,0,0,0,1,0,1,0,0,0,0,0,0,0,0,1.0000984769457,0,1.2942101262835,0,0,0,0,0,0,0,1.11464269391646,0,1.03016645367673,0,0,0,0,0,0,0,0,1,0,1.36924943576479,0,0,0,0,0,0,0
"PISA3607",7,32,"(7,32)",0.21875,"pm033q01|pm155q01|pm155q04t|pm406q01|pm411q02|pm474q01|pm564q01",18.8412046975876,124.967526068713,10.3958460309786,68.9522342511883,0.150768806027477,15.0768806027477,0,68.9522342511883,TRUE,"ok","ok","item_rest",0,1,0,1,1,0,0,1,0,0,1,0,0,1,0,0,1,0,0,0,0,0,0,0,0,0,0,0,0,0,0,0,0,1.0000984769457,0,1.2942101262835,1.20257572297271,0,0,2.80811908860377,0,0,1.60594277149801,0,0,1.03016645367673,0,0,1.45473339099819,0,0,0,0,0,0,0,0,0,0,0,0,0,0,0
"PISA3612",2,32,"(2,32)",0.0625,"pm155q04t|pm496q02",4.66397291024525,124.967526068713,2.5733993683415,68.9522342511883,0.0373214790831401,3.73214790831401,0,68.9522342511883,TRUE,"ok","ok","item_rest",0,0,0,0,1,0,0,0,0,0,0,0,0,0,0,1,0,0,0,0,0,0,0,0,0,0,0,0,0,0,0,0,0,0,0,0,1.20257572297271,0,0,0,0,0,0,0,0,0,0,1.37082364536879,0,0,0,0,0,0,0,0,0,0,0,0,0,0,0,0
"PISA3628",13,32,"(13,32)",0.40625,"pm033q01|pm155q01|pm411q02|pm423q01|pm442q02|pm496q01t|pm496q02|pm564q01|pm564q02|pm903q03|pm918q01|pm918q05|pm924q02",38.3880336560533,124.967526068713,21.1810281627827,68.9522342511883,0.30718407304427,30.718407304427,0,68.9522342511883,TRUE,"ok","ok","item_rest",0,1,0,1,0,0,0,0,0,0,1,1,1,0,1,1,1,1,0,0,0,1,1,0,1,0,0,0,1,0,0,0,0,1.0000984769457,0,1.2942101262835,0,0,0,0,0,0,1.60594277149801,1.11464269391646,2.58139463965431,0,1.62787399540524,1.37082364536879,1.45473339099819,1.77401492798991,0,0,0,2.90064730427663,1,0,1.36924943576479,0,0,0,2.08739675468112,0,0,0
"PISA3641",27,32,"(27,32)",0.84375,"pm00fq01|pm033q01|pm034q01t|pm155q01|pm155q04t|pm192q01t|pm305q01|pm406q02|pm411q01|pm423q01|pm442q02|pm496q01t|pm496q02|pm564q01|pm564q02|pm571q01|pm803q01t|pm903q03|pm918q01|pm918q02|pm918q05|pm923q01|pm923q03|pm923q04|pm924q02|pm995q01|pm995q03",96.7653795591571,124.967526068713,53.3913835751173,68.9522342511883,0.774324199279985,77.4324199279985,0,68.9522342511883,TRUE,"ok","ok","item_rest",1,1,1,1,1,1,1,0,1,1,0,1,1,0,1,1,1,1,1,0,1,1,1,1,1,1,1,1,1,1,0,1,2.14097710825686,1.0000984769457,1.96771446709354,1.2942101262835,1.20257572297271,2.05942193849789,1.27673050543826,0,4.7812223423438,1.93071340341164,0,1.11464269391646,2.58139463965431,0,1.62787399540524,1.37082364536879,1.45473339099819,1.77401492798991,1.83236153892946,0,3.04332111700611,2.90064730427663,1,1.25755024269656,1.36924943576479,1.75539915546177,1.51181899463805,4.34632965438984,2.08739675468112,2.47315752973098,0,2.23700446296524
"PISA3670",28,32,"(28,32)",0.875,"pm033q01|pm034q01t|pm155q01|pm192q01t|pm305q01|pm406q01|pm411q01|pm411q02|pm423q01|pm442q02|pm474q01|pm496q01t|pm496q02|pm564q01|pm564q02|pm571q01|pm603q01t|pm803q01t|pm903q03|pm918q01|pm918q02|pm918q05|pm923q01|pm923q03|pm923q04|pm924q02|pm995q01|pm995q03",94.6183192652112,124.967526068713,52.206718974666,68.9522342511883,0.757143253465587,75.7143253465587,0,68.9522342511883,TRUE,"ok","ok","item_rest",0,1,1,1,0,1,1,1,0,1,1,1,1,1,1,1,1,1,1,1,1,1,1,1,1,1,1,1,1,1,0,1,0,1.0000984769457,1.96771446709354,1.2942101262835,0,2.05942193849789,1.27673050543826,2.80811908860377,0,1.93071340341164,1.60594277149801,1.11464269391646,2.58139463965431,1.03016645367673,1.62787399540524,1.37082364536879,1.45473339099819,1.77401492798991,1.83236153892946,1.49588225934354,3.04332111700611,2.90064730427663,1,1.25755024269656,1.36924943576479,1.75539915546177,1.51181899463805,4.34632965438984,2.08739675468112,2.47315752973098,0,2.23700446296524
"PISA3680",23,32,"(23,32)",0.71875,"pm033q01|pm034q01t|pm155q01|pm155q04t|pm192q01t|pm305q01|pm406q02|pm411q01|pm411q02|pm423q01|pm474q01|pm496q01t|pm496q02|pm571q01|pm603q01t|pm903q03|pm918q01|pm918q05|pm923q01|pm923q03|pm924q02|pm995q01|pm995q03",74.1716755878949,124.967526068713,40.9250539786439,68.9522342511883,0.593527598098658,59.3527598098658,0,68.9522342511883,TRUE,"ok","ok","item_rest",0,1,1,1,1,1,1,0,1,1,1,1,0,1,1,1,0,0,1,1,0,1,1,0,1,1,1,0,1,1,0,1,0,1.0000984769457,1.96771446709354,1.2942101262835,1.20257572297271,2.05942193849789,1.27673050543826,0,4.7812223423438,1.93071340341164,1.60594277149801,1.11464269391646,0,1.03016645367673,1.62787399540524,1.37082364536879,0,0,1.83236153892946,1.49588225934354,0,2.90064730427663,1,0,1.36924943576479,1.75539915546177,1.51181899463805,0,2.08739675468112,2.47315752973098,0,2.23700446296524
"PISA3681",25,32,"(25,32)",0.78125,"pm033q01|pm155q01|pm155q04t|pm305q01|pm406q01|pm411q01|pm411q02|pm423q01|pm442q02|pm474q01|pm564q01|pm564q02|pm571q01|pm603q01t|pm803q01t|pm903q03|pm918q01|pm918q02|pm918q05|pm923q01|pm923q03|pm923q04|pm924q02|pm995q01|pm995q03",84.0643728378567,124.967526068713,46.3834606512733,68.9522342511883,0.67268974174646,67.268974174646,0,68.9522342511883,TRUE,"ok","ok","item_rest",0,1,0,1,1,0,1,1,0,1,1,1,1,1,0,0,1,1,1,1,1,1,1,1,1,1,1,1,1,1,0,1,0,1.0000984769457,0,1.2942101262835,1.20257572297271,0,1.27673050543826,2.80811908860377,0,1.93071340341164,1.60594277149801,1.11464269391646,2.58139463965431,1.03016645367673,0,0,1.45473339099819,1.77401492798991,1.83236153892946,1.49588225934354,3.04332111700611,2.90064730427663,1,1.25755024269656,1.36924943576479,1.75539915546177,1.51181899463805,4.34632965438984,2.08739675468112,2.47315752973098,0,2.23700446296524
"PISA3689",22,32,"(22,32)",0.6875,"pm034q01t|pm155q01|pm192q01t|pm305q01|pm411q01|pm411q02|pm423q01|pm442q02|pm496q01t|pm496q02|pm564q01|pm571q01|pm803q01t|pm903q03|pm918q01|pm918q02|pm918q05|pm923q01|pm923q03|pm924q02|pm995q01|pm995q03",72.0458540747223,124.967526068713,39.7521081137165,68.9522342511883,0.576516606683147,57.6516606683147,0,68.9522342511883,TRUE,"ok","ok","item_rest",0,0,1,1,0,1,1,0,0,1,1,1,1,0,1,1,1,0,1,0,1,1,1,1,1,1,1,0,1,1,0,1,0,0,1.96771446709354,1.2942101262835,0,2.05942193849789,1.27673050543826,0,0,1.93071340341164,1.60594277149801,1.11464269391646,2.58139463965431,0,1.62787399540524,1.37082364536879,1.45473339099819,0,1.83236153892946,0,3.04332111700611,2.90064730427663,1,1.25755024269656,1.36924943576479,1.75539915546177,1.51181899463805,0,2.08739675468112,2.47315752973098,0,2.23700446296524
"PISA3706",26,32,"(26,32)",0.8125,"pm00fq01|pm033q01|pm034q01t|pm155q01|pm155q04t|pm192q01t|pm406q01|pm411q01|pm423q01|pm442q02|pm474q01|pm496q01t|pm496q02|pm564q01|pm564q02|pm603q01t|pm803q01t|pm903q03|pm918q01|pm918q02|pm918q05|pm923q01|pm923q03|pm924q02|pm995q01|pm995q03",84.2554821096674,124.967526068713,46.48890733564,68.9522342511883,0.674219013212597,67.4219013212597,0,68.9522342511883,TRUE,"ok","ok","item_rest",1,1,1,1,1,1,0,1,0,1,0,1,1,1,1,1,1,1,0,1,1,1,1,1,1,1,1,0,1,1,0,1,2.14097710825686,1.0000984769457,1.96771446709354,1.2942101262835,1.20257572297271,2.05942193849789,0,2.80811908860377,0,1.93071340341164,0,1.11464269391646,2.58139463965431,1.03016645367673,1.62787399540524,1.37082364536879,1.45473339099819,1.77401492798991,0,1.49588225934354,3.04332111700611,2.90064730427663,1,1.25755024269656,1.36924943576479,1.75539915546177,1.51181899463805,0,2.08739675468112,2.47315752973098,0,2.23700446296524
"PISA3717",17,32,"(17,32)",0.53125,"pm033q01|pm034q01t|pm155q01|pm155q04t|pm305q01|pm406q01|pm411q01|pm423q01|pm442q02|pm474q01|pm496q01t|pm564q01|pm603q01t|pm918q02|pm918q05|pm923q03|pm924q02",48.9539130811386,124.967526068713,27.0108706515241,68.9522342511883,0.391733073552415,39.1733073552415,0,68.9522342511883,TRUE,"ok","ok","item_rest",0,1,1,1,1,0,1,1,0,1,0,1,1,1,1,0,1,0,0,1,0,0,0,1,1,0,1,0,1,0,0,0,0,1.0000984769457,1.96771446709354,1.2942101262835,1.20257572297271,0,1.27673050543826,2.80811908860377,0,1.93071340341164,0,1.11464269391646,2.58139463965431,1.03016645367673,1.62787399540524,0,1.45473339099819,0,0,1.49588225934354,0,0,0,1.25755024269656,1.36924943576479,0,1.51181899463805,0,2.08739675468112,0,0,0
"PISA3742",11,32,"(11,32)",0.34375,"pm033q01|pm034q01t|pm155q01|pm305q01|pm423q01|pm564q01|pm918q01|pm918q02|pm918q05|pm923q01|pm923q03",27.1895650345162,124.967526068713,15.0021474892368,68.9522342511883,0.217573043892748,21.7573043892748,0,68.9522342511883,TRUE,"ok","ok","item_rest",0,1,1,1,0,0,1,0,0,0,0,1,0,0,0,0,1,0,0,0,0,0,1,1,1,1,1,0,0,0,0,0,0,1.0000984769457,1.96771446709354,1.2942101262835,0,0,1.27673050543826,0,0,0,0,1.11464269391646,0,0,0,0,1.45473339099819,0,0,0,0,0,1,1.25755024269656,1.36924943576479,1.75539915546177,1.51181899463805,0,0,0,0,0
"PISA3749",8,32,"(8,32)",0.25,"pm033q01|pm155q04t|pm423q01|pm496q01t|pm496q02|pm564q02|pm903q03|pm918q01",21.7316411530232,124.967526068713,11.9906767668754,68.9522342511883,0.17389830651744,17.389830651744,0,68.9522342511883,TRUE,"ok","ok","item_rest",0,1,0,0,1,0,0,0,0,0,0,1,0,0,1,1,0,1,0,0,0,1,1,0,0,0,0,0,0,0,0,0,0,1.0000984769457,0,0,1.20257572297271,0,0,0,0,0,0,1.11464269391646,0,0,1.62787399540524,1.37082364536879,0,1.77401492798991,0,0,0,2.90064730427663,1,0,0,0,0,0,0,0,0,0
"PISA3762",20,32,"(20,32)",0.625,"pm00fq01|pm033q01|pm155q01|pm155q04t|pm192q01t|pm305q01|pm411q01|pm442q02|pm474q01|pm496q02|pm564q01|pm564q02|pm571q01|pm903q03|pm918q01|pm918q02|pm918q05|pm923q01|pm995q01|pm995q03",61.5143452863644,124.967526068713,33.9412300093199,68.9522342511883,0.492242642720964,49.2242642720964,0,68.9522342511883,TRUE,"ok","ok","item_rest",1,1,0,1,1,1,1,0,0,1,0,0,1,1,0,1,1,1,1,0,0,1,1,1,1,1,0,0,0,1,0,1,2.14097710825686,1.0000984769457,0,1.2942101262835,1.20257572297271,2.05942193849789,1.27673050543826,0,0,1.93071340341164,0,0,2.58139463965431,1.03016645367673,0,1.37082364536879,1.45473339099819,1.77401492798991,1.83236153892946,0,0,2.90064730427663,1,1.25755024269656,1.36924943576479,1.75539915546177,0,0,0,2.47315752973098,0,2.23700446296524
"PISA3766",11,32,"(11,32)",0.34375,"pm033q01|pm034q01t|pm155q01|pm423q01|pm564q02|pm571q01|pm918q01|pm918q02|pm918q05|pm923q01|pm923q03",28.7752375025231,124.967526068713,15.8770600597197,68.9522342511883,0.230261720046383,23.0261720046383,0,68.9522342511883,TRUE,"ok","ok","item_rest",0,1,1,1,0,0,0,0,0,0,0,1,0,0,0,0,0,1,1,0,0,0,1,1,1,1,1,0,0,0,0,0,0,1.0000984769457,1.96771446709354,1.2942101262835,0,0,0,0,0,0,0,1.11464269391646,0,0,0,0,0,1.77401492798991,1.83236153892946,0,0,0,1,1.25755024269656,1.36924943576479,1.75539915546177,1.51181899463805,0,0,0,0,0
"PISA3780",10,32,"(10,32)",0.3125,"pm00fq01|pm033q01|pm155q04t|pm411q02|pm423q01|pm564q02|pm918q01|pm918q02|pm918q05|pm995q01",27.0736841470752,124.967526068713,14.938208909772,68.9522342511883,0.216645755891725,21.6645755891725,0,68.9522342511883,TRUE,"ok","ok","item_rest",1,1,0,0,1,0,0,0,0,0,1,1,0,0,0,0,0,1,0,0,0,0,1,1,1,0,0,0,0,1,0,0,2.14097710825686,1.0000984769457,0,0,1.20257572297271,0,0,0,0,0,1.60594277149801,1.11464269391646,0,0,0,0,0,1.77401492798991,0,0,0,0,1,1.25755024269656,1.36924943576479,0,0,0,0,2.47315752973098,0,0
"PISA3800",12,32,"(12,32)",0.375,"pm034q01t|pm155q04t|pm305q01|pm411q02|pm423q01|pm496q01t|pm903q03|pm918q01|pm918q05|pm923q01|pm923q03|pm924q02",35.1963697481225,124.967526068713,19.4199918011466,68.9522342511883,0.281644126721128,28.1644126721128,0,68.9522342511883,TRUE,"ok","ok","item_rest",0,0,1,0,1,0,1,0,0,0,1,1,0,0,1,0,0,0,0,0,0,1,1,0,1,1,1,0,1,0,0,0,0,0,1.96771446709354,0,1.20257572297271,0,1.27673050543826,0,0,0,1.60594277149801,1.11464269391646,0,0,1.62787399540524,0,0,0,0,0,0,2.90064730427663,1,0,1.36924943576479,1.75539915546177,1.51181899463805,0,2.08739675468112,0,0,0
"PISA3805",23,32,"(23,32)",0.71875,"pm033q01|pm155q01|pm155q04t|pm192q01t|pm406q01|pm411q01|pm411q02|pm423q01|pm474q01|pm496q02|pm564q01|pm564q02|pm571q01|pm803q01t|pm903q03|pm918q01|pm918q02|pm918q05|pm923q01|pm923q03|pm924q02|pm995q01|pm995q03",72.7005957484046,124.967526068713,40.113369176314,68.9522342511883,0.581755901196526,58.1755901196526,0,68.9522342511883,TRUE,"ok","ok","item_rest",0,1,0,1,1,1,0,1,0,1,1,1,0,1,0,1,1,1,1,0,1,1,1,1,1,1,1,0,1,1,0,1,0,1.0000984769457,0,1.2942101262835,1.20257572297271,2.05942193849789,0,2.80811908860377,0,1.93071340341164,1.60594277149801,1.11464269391646,0,1.03016645367673,0,1.37082364536879,1.45473339099819,1.77401492798991,1.83236153892946,0,3.04332111700611,2.90064730427663,1,1.25755024269656,1.36924943576479,1.75539915546177,1.51181899463805,0,2.08739675468112,2.47315752973098,0,2.23700446296524
"PISA3810",24,32,"(24,32)",0.75,"pm00fq01|pm033q01|pm034q01t|pm155q01|pm155q04t|pm192q01t|pm411q01|pm411q02|pm423q01|pm442q02|pm474q01|pm496q01t|pm496q02|pm564q02|pm803q01t|pm903q03|pm918q01|pm918q02|pm918q05|pm923q01|pm923q03|pm924q02|pm995q01|pm995q03",76.7290524865259,124.967526068713,42.3361153681925,68.9522342511883,0.613991929746104,61.3991929746104,0,68.9522342511883,TRUE,"ok","ok","item_rest",1,1,1,1,1,1,0,0,0,1,1,1,1,1,1,1,0,1,0,0,1,1,1,1,1,1,1,0,1,1,0,1,2.14097710825686,1.0000984769457,1.96771446709354,1.2942101262835,1.20257572297271,2.05942193849789,0,0,0,1.93071340341164,1.60594277149801,1.11464269391646,2.58139463965431,1.03016645367673,1.62787399540524,1.37082364536879,0,1.77401492798991,0,0,3.04332111700611,2.90064730427663,1,1.25755024269656,1.36924943576479,1.75539915546177,1.51181899463805,0,2.08739675468112,2.47315752973098,0,2.23700446296524
"PISA3815",7,32,"(7,32)",0.21875,"pm155q01|pm305q01|pm442q02|pm474q01|pm918q01|pm918q02|pm918q05",17.7781640025449,124.967526068713,9.80930140351415,68.9522342511883,0.142262270541945,14.2262270541945,0,68.9522342511883,TRUE,"ok","ok","item_rest",0,0,0,1,0,0,1,0,0,0,0,0,1,1,0,0,0,0,0,0,0,0,1,1,1,0,0,0,0,0,0,0,0,0,0,1.2942101262835,0,0,1.27673050543826,0,0,0,0,0,2.58139463965431,1.03016645367673,0,0,0,0,0,0,0,0,1,1.25755024269656,1.36924943576479,0,0,0,0,0,0,0
"PISA3818",12,32,"(12,32)",0.375,"pm033q01|pm155q01|pm305q01|pm411q01|pm474q01|pm496q02|pm564q02|pm918q01|pm918q02|pm918q05|pm923q03|pm923q04",34.7282579514754,124.967526068713,19.1617058666038,68.9522342511883,0.277898259203595,27.7898259203595,0,68.9522342511883,TRUE,"ok","ok","item_rest",0,1,0,1,0,0,1,0,0,1,0,0,0,1,0,1,0,1,0,0,0,0,1,1,1,0,1,1,0,0,0,0,0,1.0000984769457,0,1.2942101262835,0,0,1.27673050543826,0,0,1.93071340341164,0,0,0,1.03016645367673,0,1.37082364536879,0,1.77401492798991,0,0,0,0,1,1.25755024269656,1.36924943576479,0,1.51181899463805,4.34632965438984,0,0,0,0
"PISA3839",29,32,"(29,32)",0.90625,"pm033q01|pm034q01t|pm155q01|pm155q04t|pm192q01t|pm305q01|pm406q01|pm406q02|pm411q01|pm411q02|pm423q01|pm442q02|pm474q01|pm496q01t|pm496q02|pm564q01|pm564q02|pm571q01|pm603q01t|pm803q01t|pm903q03|pm918q01|pm918q02|pm918q05|pm923q01|pm923q03|pm924q02|pm995q01|pm995q03",97.5860313132895,124.967526068713,53.8441873855927,68.9522342511883,0.780891119342732,78.0891119342732,0,68.9522342511883,TRUE,"ok","ok","item_rest",0,1,1,1,1,1,1,1,1,1,1,1,1,1,1,1,1,1,1,1,1,1,1,1,1,1,1,0,1,1,0,1,0,1.0000984769457,1.96771446709354,1.2942101262835,1.20257572297271,2.05942193849789,1.27673050543826,2.80811908860377,4.7812223423438,1.93071340341164,1.60594277149801,1.11464269391646,2.58139463965431,1.03016645367673,1.62787399540524,1.37082364536879,1.45473339099819,1.77401492798991,1.83236153892946,1.49588225934354,3.04332111700611,2.90064730427663,1,1.25755024269656,1.36924943576479,1.75539915546177,1.51181899463805,0,2.08739675468112,2.47315752973098,0,2.23700446296524
"PISA3854",19,32,"(19,32)",0.59375,"pm033q01|pm034q01t|pm155q01|pm155q04t|pm406q01|pm411q01|pm423q01|pm442q02|pm474q01|pm496q01t|pm496q02|pm603q01t|pm903q03|pm918q01|pm918q02|pm918q05|pm923q03|pm995q01|pm995q03",58.3108090236258,124.967526068713,32.1736429427482,68.9522342511883,0.466607692878258,46.6607692878258,0,68.9522342511883,TRUE,"ok","ok","item_rest",0,1,1,1,1,0,0,1,0,1,0,1,1,1,1,1,0,0,0,1,0,1,1,1,1,0,1,0,0,1,0,1,0,1.0000984769457,1.96771446709354,1.2942101262835,1.20257572297271,0,0,2.80811908860377,0,1.93071340341164,0,1.11464269391646,2.58139463965431,1.03016645367673,1.62787399540524,1.37082364536879,0,0,0,1.49588225934354,0,2.90064730427663,1,1.25755024269656,1.36924943576479,0,1.51181899463805,0,0,2.47315752973098,0,2.23700446296524
"PISA3877",17,32,"(17,32)",0.53125,"pm034q01t|pm155q01|pm192q01t|pm305q01|pm411q01|pm423q01|pm474q01|pm496q01t|pm496q02|pm564q02|pm571q01|pm603q01t|pm918q01|pm918q02|pm918q05|pm923q01|pm995q01",48.2634725048951,124.967526068713,26.6299123190091,68.9522342511883,0.386208113605109,38.6208113605109,0,68.9522342511883,TRUE,"ok","ok","item_rest",0,0,1,1,0,1,1,0,0,1,0,1,0,1,1,1,0,1,1,1,0,0,1,1,1,1,0,0,0,1,0,0,0,0,1.96771446709354,1.2942101262835,0,2.05942193849789,1.27673050543826,0,0,1.93071340341164,0,1.11464269391646,0,1.03016645367673,1.62787399540524,1.37082364536879,0,1.77401492798991,1.83236153892946,1.49588225934354,0,0,1,1.25755024269656,1.36924943576479,1.75539915546177,0,0,0,2.47315752973098,0,0
"PISA3882",11,32,"(11,32)",0.34375,"pm034q01t|pm155q01|pm155q04t|pm192q01t|pm305q01|pm411q01|pm474q01|pm603q01t|pm903q03|pm918q01|pm918q05",31.7661174459198,124.967526068713,17.5273116167592,68.9522342511883,0.254194977249155,25.4194977249155,0,68.9522342511883,TRUE,"ok","ok","item_rest",0,0,1,1,1,1,1,0,0,1,0,0,0,1,0,0,0,0,0,1,0,1,1,0,1,0,0,0,0,0,0,0,0,0,1.96771446709354,1.2942101262835,1.20257572297271,2.05942193849789,1.27673050543826,0,0,1.93071340341164,0,0,0,1.03016645367673,0,0,0,0,0,1.49588225934354,0,2.90064730427663,1,0,1.36924943576479,0,0,0,0,0,0,0
"PISA3918",15,32,"(15,32)",0.46875,"pm033q01|pm034q01t|pm155q01|pm305q01|pm411q01|pm411q02|pm423q01|pm474q01|pm496q02|pm564q01|pm603q01t|pm918q02|pm918q05|pm923q01|pm924q02",39.8927164688945,124.967526068713,22.0112537825786,68.9522342511883,0.31922466358948,31.922466358948,0,68.9522342511883,TRUE,"ok","ok","item_rest",0,1,1,1,0,0,1,0,0,1,1,1,0,1,0,1,1,0,0,1,0,0,0,1,1,1,0,0,1,0,0,0,0,1.0000984769457,1.96771446709354,1.2942101262835,0,0,1.27673050543826,0,0,1.93071340341164,1.60594277149801,1.11464269391646,0,1.03016645367673,0,1.37082364536879,1.45473339099819,0,0,1.49588225934354,0,0,0,1.25755024269656,1.36924943576479,1.75539915546177,0,0,2.08739675468112,0,0,0
"PISA3920",12,32,"(12,32)",0.375,"pm034q01t|pm155q01|pm155q04t|pm411q01|pm474q01|pm803q01t|pm918q01|pm918q02|pm918q05|pm923q01|pm924q02|pm995q01",36.9932749624504,124.967526068713,20.4114544087795,68.9522342511883,0.296023103971104,29.6023103971104,0,68.9522342511883,TRUE,"ok","ok","item_rest",0,0,1,1,1,0,0,0,0,1,0,0,0,1,0,0,0,0,0,0,1,0,1,1,1,1,0,0,1,1,0,0,0,0,1.96771446709354,1.2942101262835,1.20257572297271,0,0,0,0,1.93071340341164,0,0,0,1.03016645367673,0,0,0,0,0,0,3.04332111700611,0,1,1.25755024269656,1.36924943576479,1.75539915546177,0,0,2.08739675468112,2.47315752973098,0,0
"PISA3928",23,32,"(23,32)",0.71875,"pm033q01|pm034q01t|pm155q01|pm155q04t|pm192q01t|pm305q01|pm411q01|pm411q02|pm442q02|pm474q01|pm496q01t|pm496q02|pm564q01|pm564q02|pm803q01t|pm918q01|pm918q02|pm918q05|pm923q01|pm923q03|pm924q02|pm995q01|pm995q03",70.5220138158362,124.967526068713,38.911312158179,68.9522342511883,0.564322716743706,56.4322716743706,0,68.9522342511883,TRUE,"ok","ok","item_rest",0,1,1,1,1,1,1,0,0,1,1,0,1,1,1,1,1,1,0,0,1,0,1,1,1,1,1,0,1,1,0,1,0,1.0000984769457,1.96771446709354,1.2942101262835,1.20257572297271,2.05942193849789,1.27673050543826,0,0,1.93071340341164,1.60594277149801,0,2.58139463965431,1.03016645367673,1.62787399540524,1.37082364536879,1.45473339099819,1.77401492798991,0,0,3.04332111700611,0,1,1.25755024269656,1.36924943576479,1.75539915546177,1.51181899463805,0,2.08739675468112,2.47315752973098,0,2.23700446296524
"PISA3943",23,32,"(23,32)",0.71875,"pm00fq01|pm033q01|pm155q01|pm155q04t|pm192q01t|pm411q01|pm411q02|pm442q02|pm474q01|pm496q01t|pm496q02|pm564q01|pm564q02|pm571q01|pm603q01t|pm903q03|pm918q01|pm918q05|pm923q01|pm923q04|pm924q02|pm995q01|pm995q03",77.1536189858623,124.967526068713,42.5703746965028,68.9522342511883,0.617389344360066,61.7389344360066,0,68.9522342511883,TRUE,"ok","ok","item_rest",1,1,0,1,1,1,0,0,0,1,1,0,1,1,1,1,1,1,1,1,0,1,1,0,1,1,0,1,1,1,0,1,2.14097710825686,1.0000984769457,0,1.2942101262835,1.20257572297271,2.05942193849789,0,0,0,1.93071340341164,1.60594277149801,0,2.58139463965431,1.03016645367673,1.62787399540524,1.37082364536879,1.45473339099819,1.77401492798991,1.83236153892946,1.49588225934354,0,2.90064730427663,1,0,1.36924943576479,1.75539915546177,0,4.34632965438984,2.08739675468112,2.47315752973098,0,2.23700446296524
"PISA3955",19,32,"(19,32)",0.59375,"pm033q01|pm155q01|pm155q04t|pm305q01|pm411q01|pm423q01|pm442q02|pm496q01t|pm496q02|pm564q01|pm564q02|pm903q03|pm918q01|pm918q02|pm918q05|pm923q01|pm923q03|pm924q02|pm995q03",55.7249711280076,124.967526068713,30.7468778788689,68.9522342511883,0.445915614088154,44.5915614088154,0,68.9522342511883,TRUE,"ok","ok","item_rest",0,1,0,1,1,0,1,0,0,1,0,1,1,0,1,1,1,1,0,0,0,1,1,1,1,1,1,0,1,0,0,1,0,1.0000984769457,0,1.2942101262835,1.20257572297271,0,1.27673050543826,0,0,1.93071340341164,0,1.11464269391646,2.58139463965431,0,1.62787399540524,1.37082364536879,1.45473339099819,1.77401492798991,0,0,0,2.90064730427663,1,1.25755024269656,1.36924943576479,1.75539915546177,1.51181899463805,0,2.08739675468112,0,0,2.23700446296524
"PISA3957",27,32,"(27,32)",0.84375,"pm00fq01|pm034q01t|pm155q01|pm155q04t|pm192q01t|pm305q01|pm411q01|pm411q02|pm423q01|pm442q02|pm474q01|pm496q01t|pm496q02|pm564q01|pm564q02|pm571q01|pm603q01t|pm803q01t|pm903q03|pm918q01|pm918q02|pm918q05|pm923q01|pm923q03|pm923q04|pm995q01|pm995q03",89.9930186622768,124.967526068713,49.654657485665,68.9522342511883,0.720131233235698,72.0131233235698,0,68.9522342511883,TRUE,"ok","ok","item_rest",1,0,1,1,1,1,1,0,0,1,1,1,1,1,1,1,1,1,1,1,1,1,1,1,1,1,1,1,0,1,0,1,2.14097710825686,0,1.96771446709354,1.2942101262835,1.20257572297271,2.05942193849789,1.27673050543826,0,0,1.93071340341164,1.60594277149801,1.11464269391646,2.58139463965431,1.03016645367673,1.62787399540524,1.37082364536879,1.45473339099819,1.77401492798991,1.83236153892946,1.49588225934354,3.04332111700611,2.90064730427663,1,1.25755024269656,1.36924943576479,1.75539915546177,1.51181899463805,4.34632965438984,0,2.47315752973098,0,2.23700446296524
"PISA3966",9,32,"(9,32)",0.28125,"pm033q01|pm423q01|pm474q01|pm496q02|pm564q02|pm603q01t|pm918q01|pm923q01|pm923q03",21.8443164164637,124.967526068713,12.0528466073409,68.9522342511883,0.174799942862377,17.4799942862377,0,68.9522342511883,TRUE,"ok","ok","item_rest",0,1,0,0,0,0,0,0,0,0,0,1,0,1,0,1,0,1,0,1,0,0,1,0,0,1,1,0,0,0,0,0,0,1.0000984769457,0,0,0,0,0,0,0,0,0,1.11464269391646,0,1.03016645367673,0,1.37082364536879,0,1.77401492798991,0,1.49588225934354,0,0,1,0,0,1.75539915546177,1.51181899463805,0,0,0,0,0
"PISA3973",9,32,"(9,32)",0.28125,"pm033q01|pm155q01|pm155q04t|pm423q01|pm474q01|pm564q01|pm571q01|pm918q01|pm923q01",21.1761667950442,124.967526068713,11.6841875591845,68.9522342511883,0.169453356893698,16.9453356893698,0,68.9522342511883,TRUE,"ok","ok","item_rest",0,1,0,1,1,0,0,0,0,0,0,1,0,1,0,0,1,0,1,0,0,0,1,0,0,1,0,0,0,0,0,0,0,1.0000984769457,0,1.2942101262835,1.20257572297271,0,0,0,0,0,0,1.11464269391646,0,1.03016645367673,0,0,1.45473339099819,0,1.83236153892946,0,0,0,1,0,0,1.75539915546177,0,0,0,0,0,0
"PISA3977",18,32,"(18,32)",0.5625,"pm155q01|pm155q04t|pm192q01t|pm305q01|pm411q01|pm411q02|pm423q01|pm496q01t|pm496q02|pm564q01|pm564q02|pm571q01|pm803q01t|pm918q01|pm918q02|pm923q01|pm995q01|pm995q03",54.934047995018,124.967526068713,30.3104771685707,68.9522342511883,0.439586584796538,43.9586584796538,0,68.9522342511883,TRUE,"ok","ok","item_rest",0,0,0,1,1,1,1,0,0,1,1,1,0,0,1,1,1,1,1,0,1,0,1,1,0,1,0,0,0,1,0,1,0,0,0,1.2942101262835,1.20257572297271,2.05942193849789,1.27673050543826,0,0,1.93071340341164,1.60594277149801,1.11464269391646,0,0,1.62787399540524,1.37082364536879,1.45473339099819,1.77401492798991,1.83236153892946,0,3.04332111700611,0,1,1.25755024269656,0,1.75539915546177,0,0,0,2.47315752973098,0,2.23700446296524
"PISA3990",16,32,"(16,32)",0.5,"pm00fq01|pm033q01|pm155q01|pm155q04t|pm423q01|pm474q01|pm496q02|pm564q01|pm564q02|pm603q01t|pm803q01t|pm918q01|pm918q02|pm918q05|pm923q04|pm995q03",49.1726835625773,124.967526068713,27.1315797185749,68.9522342511883,0.393483692199681,39.3483692199682,0,68.9522342511883,TRUE,"ok","ok","item_rest",1,1,0,1,1,0,0,0,0,0,0,1,0,1,0,1,1,1,0,1,1,0,1,1,1,0,0,1,0,0,0,1,2.14097710825686,1.0000984769457,0,1.2942101262835,1.20257572297271,0,0,0,0,0,0,1.11464269391646,0,1.03016645367673,0,1.37082364536879,1.45473339099819,1.77401492798991,0,1.49588225934354,3.04332111700611,0,1,1.25755024269656,1.36924943576479,0,0,4.34632965438984,0,0,0,2.23700446296524
"PISA4006",5,32,"(5,32)",0.15625,"pm00fq01|pm155q04t|pm411q02|pm496q01t|pm918q01",13.7330594587748,124.967526068713,7.57736959813282,68.9522342511883,0.109893024938524,10.9893024938524,0,68.9522342511883,TRUE,"ok","ok","item_rest",1,0,0,0,1,0,0,0,0,0,1,0,0,0,1,0,0,0,0,0,0,0,1,0,0,0,0,0,0,0,0,0,2.14097710825686,0,0,0,1.20257572297271,0,0,0,0,0,1.60594277149801,0,0,0,1.62787399540524,0,0,0,0,0,0,0,1,0,0,0,0,0,0,0,0,0
"PISA4008",6,32,"(6,32)",0.1875,"pm155q04t|pm423q01|pm496q01t|pm918q01|pm918q02|pm918q05",13.7231321438246,124.967526068713,7.57189209075577,68.9522342511883,0.109813585781309,10.9813585781309,0,68.9522342511883,TRUE,"ok","ok","item_rest",0,0,0,0,1,0,0,0,0,0,0,1,0,0,1,0,0,0,0,0,0,0,1,1,1,0,0,0,0,0,0,0,0,0,0,0,1.20257572297271,0,0,0,0,0,0,1.11464269391646,0,0,1.62787399540524,0,0,0,0,0,0,0,1,1.25755024269656,1.36924943576479,0,0,0,0,0,0,0
"PISA4021",9,32,"(9,32)",0.28125,"pm155q04t|pm305q01|pm411q01|pm496q02|pm564q01|pm571q01|pm918q01|pm918q02|pm924q02",24.3092207185544,124.967526068713,13.4128852044967,68.9522342511883,0.194524301498839,19.4524301498839,0,68.9522342511883,TRUE,"ok","ok","item_rest",0,0,0,0,1,0,1,0,0,1,0,0,0,0,0,1,1,0,1,0,0,0,1,1,0,0,0,0,1,0,0,0,0,0,0,0,1.20257572297271,0,1.27673050543826,0,0,1.93071340341164,0,0,0,0,0,1.37082364536879,1.45473339099819,0,1.83236153892946,0,0,0,1,1.25755024269656,0,0,0,0,2.08739675468112,0,0,0
"PISA4033",9,32,"(9,32)",0.28125,"pm155q01|pm305q01|pm496q01t|pm496q02|pm564q01|pm918q01|pm918q05|pm923q01|pm995q03",24.2605393578673,124.967526068713,13.3860247176858,68.9522342511883,0.19413474941104,19.413474941104,0,68.9522342511883,TRUE,"ok","ok","item_rest",0,0,0,1,0,0,1,0,0,0,0,0,0,0,1,1,1,0,0,0,0,0,1,0,1,1,0,0,0,0,0,1,0,0,0,1.2942101262835,0,0,1.27673050543826,0,0,0,0,0,0,0,1.62787399540524,1.37082364536879,1.45473339099819,0,0,0,0,0,1,0,1.36924943576479,1.75539915546177,0,0,0,0,0,2.23700446296524
"PISA4039",20,32,"(20,32)",0.625,"pm00fq01|pm033q01|pm034q01t|pm155q01|pm155q04t|pm305q01|pm406q01|pm411q01|pm474q01|pm496q01t|pm496q02|pm564q01|pm564q02|pm803q01t|pm903q03|pm918q02|pm918q05|pm924q02|pm995q01|pm995q03",65.6934142020528,124.967526068713,36.2470781595663,68.9522342511883,0.525683881794469,52.568388179447,0,68.9522342511883,TRUE,"ok","ok","item_rest",1,1,1,1,1,0,1,1,0,1,0,0,0,1,1,1,1,1,0,0,1,1,0,1,1,0,0,0,1,1,0,1,2.14097710825686,1.0000984769457,1.96771446709354,1.2942101262835,1.20257572297271,0,1.27673050543826,2.80811908860377,0,1.93071340341164,0,0,0,1.03016645367673,1.62787399540524,1.37082364536879,1.45473339099819,1.77401492798991,0,0,3.04332111700611,2.90064730427663,0,1.25755024269656,1.36924943576479,0,0,0,2.08739675468112,2.47315752973098,0,2.23700446296524
"PISA4040",9,32,"(9,32)",0.28125,"pm033q01|pm155q01|pm423q01|pm474q01|pm496q02|pm603q01t|pm918q01|pm918q02|pm918q05",19.8140481788236,124.967526068713,10.9326233339961,68.9522342511883,0.158553576294124,15.8553576294124,0,68.9522342511883,TRUE,"ok","ok","item_rest",0,1,0,1,0,0,0,0,0,0,0,1,0,1,0,1,0,0,0,1,0,0,1,1,1,0,0,0,0,0,0,0,0,1.0000984769457,0,1.2942101262835,0,0,0,0,0,0,0,1.11464269391646,0,1.03016645367673,0,1.37082364536879,0,0,0,1.49588225934354,0,0,1,1.25755024269656,1.36924943576479,0,0,0,0,0,0,0
"PISA4051",15,32,"(15,32)",0.46875,"pm033q01|pm155q01|pm155q04t|pm411q02|pm423q01|pm442q02|pm474q01|pm496q01t|pm496q02|pm571q01|pm603q01t|pm918q01|pm918q02|pm918q05|pm923q03",38.593852461076,124.967526068713,21.2945909970938,68.9522342511883,0.308831051355335,30.8831051355335,0,68.9522342511883,TRUE,"ok","ok","item_rest",0,1,0,1,1,0,0,0,0,0,1,1,1,1,1,1,0,0,1,1,0,0,1,1,1,0,1,0,0,0,0,0,0,1.0000984769457,0,1.2942101262835,1.20257572297271,0,0,0,0,0,1.60594277149801,1.11464269391646,2.58139463965431,1.03016645367673,1.62787399540524,1.37082364536879,0,0,1.83236153892946,1.49588225934354,0,0,1,1.25755024269656,1.36924943576479,0,1.51181899463805,0,0,0,0,0
"PISA4075",9,32,"(9,32)",0.28125,"pm155q01|pm192q01t|pm411q01|pm423q01|pm496q02|pm564q02|pm603q01t|pm918q01|pm924q02",25.6036584629568,124.967526068713,14.1271057494929,68.9522342511883,0.204882494424021,20.4882494424021,0,68.9522342511883,TRUE,"ok","ok","item_rest",0,0,0,1,0,1,0,0,0,1,0,1,0,0,0,1,0,1,0,1,0,0,1,0,0,0,0,0,1,0,0,0,0,0,0,1.2942101262835,0,2.05942193849789,0,0,0,1.93071340341164,0,1.11464269391646,0,0,0,1.37082364536879,0,1.77401492798991,0,1.49588225934354,0,0,1,0,0,0,0,0,2.08739675468112,0,0,0
"PISA4087",21,32,"(21,32)",0.65625,"pm033q01|pm155q01|pm155q04t|pm192q01t|pm305q01|pm411q01|pm411q02|pm423q01|pm442q02|pm496q01t|pm496q02|pm571q01|pm603q01t|pm903q03|pm918q01|pm918q02|pm918q05|pm923q01|pm923q03|pm924q02|pm995q03",62.5483216540408,124.967526068713,34.5117380681497,68.9522342511883,0.500516603166559,50.0516603166559,0,68.9522342511883,TRUE,"ok","ok","item_rest",0,1,0,1,1,1,1,0,0,1,1,1,1,0,1,1,0,0,1,1,0,1,1,1,1,1,1,0,1,0,0,1,0,1.0000984769457,0,1.2942101262835,1.20257572297271,2.05942193849789,1.27673050543826,0,0,1.93071340341164,1.60594277149801,1.11464269391646,2.58139463965431,0,1.62787399540524,1.37082364536879,0,0,1.83236153892946,1.49588225934354,0,2.90064730427663,1,1.25755024269656,1.36924943576479,1.75539915546177,1.51181899463805,0,2.08739675468112,0,0,2.23700446296524
"PISA4102",27,32,"(27,32)",0.84375,"pm00fq01|pm033q01|pm034q01t|pm155q01|pm192q01t|pm406q01|pm411q01|pm411q02|pm442q02|pm474q01|pm496q01t|pm496q02|pm564q01|pm564q02|pm571q01|pm603q01t|pm803q01t|pm903q03|pm918q01|pm918q02|pm918q05|pm923q01|pm923q03|pm923q04|pm924q02|pm995q01|pm995q03",94.1645068488102,124.967526068713,51.9563228835682,68.9522342511883,0.753511810716601,75.3511810716601,0,68.9522342511883,TRUE,"ok","ok","item_rest",1,1,1,1,0,1,0,1,0,1,1,0,1,1,1,1,1,1,1,1,1,1,1,1,1,1,1,1,1,1,0,1,2.14097710825686,1.0000984769457,1.96771446709354,1.2942101262835,0,2.05942193849789,0,2.80811908860377,0,1.93071340341164,1.60594277149801,0,2.58139463965431,1.03016645367673,1.62787399540524,1.37082364536879,1.45473339099819,1.77401492798991,1.83236153892946,1.49588225934354,3.04332111700611,2.90064730427663,1,1.25755024269656,1.36924943576479,1.75539915546177,1.51181899463805,4.34632965438984,2.08739675468112,2.47315752973098,0,2.23700446296524
"PISA4105",30,32,"(30,32)",0.9375,"pm00fq01|pm033q01|pm034q01t|pm155q01|pm155q04t|pm192q01t|pm305q01|pm406q01|pm406q02|pm411q01|pm411q02|pm423q01|pm442q02|pm474q01|pm496q01t|pm496q02|pm564q01|pm564q02|pm571q01|pm603q01t|pm803q01t|pm903q03|pm918q01|pm918q02|pm923q01|pm923q03|pm923q04|pm924q02|pm995q01|pm995q03",106.861886829273,124.967526068713,58.9622447124746,68.9522342511883,0.855117246783899,85.5117246783899,0,68.9522342511883,TRUE,"ok","ok","item_rest",1,1,1,1,1,1,1,1,1,1,1,1,1,1,1,1,1,1,1,1,1,1,1,1,0,1,1,1,1,1,0,1,2.14097710825686,1.0000984769457,1.96771446709354,1.2942101262835,1.20257572297271,2.05942193849789,1.27673050543826,2.80811908860377,4.7812223423438,1.93071340341164,1.60594277149801,1.11464269391646,2.58139463965431,1.03016645367673,1.62787399540524,1.37082364536879,1.45473339099819,1.77401492798991,1.83236153892946,1.49588225934354,3.04332111700611,2.90064730427663,1,1.25755024269656,0,1.75539915546177,1.51181899463805,4.34632965438984,2.08739675468112,2.47315752973098,0,2.23700446296524
"PISA4113",26,32,"(26,32)",0.8125,"pm00fq01|pm033q01|pm034q01t|pm155q01|pm192q01t|pm305q01|pm406q01|pm411q01|pm411q02|pm423q01|pm442q02|pm474q01|pm496q02|pm564q01|pm564q02|pm571q01|pm603q01t|pm918q01|pm918q02|pm918q05|pm923q01|pm923q03|pm923q04|pm924q02|pm995q01|pm995q03",84.7755373832689,124.967526068713,46.7758536662349,68.9522342511883,0.678380536529587,67.8380536529587,0,68.9522342511883,TRUE,"ok","ok","item_rest",1,1,1,1,0,1,1,1,0,1,1,1,1,1,0,1,1,1,1,1,0,0,1,1,1,1,1,1,1,1,0,1,2.14097710825686,1.0000984769457,1.96771446709354,1.2942101262835,0,2.05942193849789,1.27673050543826,2.80811908860377,0,1.93071340341164,1.60594277149801,1.11464269391646,2.58139463965431,1.03016645367673,0,1.37082364536879,1.45473339099819,1.77401492798991,1.83236153892946,1.49588225934354,0,0,1,1.25755024269656,1.36924943576479,1.75539915546177,1.51181899463805,4.34632965438984,2.08739675468112,2.47315752973098,0,2.23700446296524
"PISA4134",7,32,"(7,32)",0.21875,"pm033q01|pm411q02|pm423q01|pm474q01|pm918q01|pm918q05|pm924q02",16.687466072632,124.967526068713,9.20749658648281,68.9522342511883,0.133534419681609,13.3534419681609,0,68.9522342511883,TRUE,"ok","ok","item_rest",0,1,0,0,0,0,0,0,0,0,1,1,0,1,0,0,0,0,0,0,0,0,1,0,1,0,0,0,1,0,0,0,0,1.0000984769457,0,0,0,0,0,0,0,0,1.60594277149801,1.11464269391646,0,1.03016645367673,0,0,0,0,0,0,0,0,1,0,1.36924943576479,0,0,0,2.08739675468112,0,0,0
"PISA4148",18,32,"(18,32)",0.5625,"pm033q01|pm155q01|pm155q04t|pm192q01t|pm411q01|pm411q02|pm423q01|pm474q01|pm496q01t|pm496q02|pm564q01|pm603q01t|pm918q05|pm923q01|pm923q03|pm923q04|pm995q01|pm995q03",55.9663187043359,124.967526068713,30.8800441112691,68.9522342511883,0.44784689642942,44.784689642942,0,68.9522342511883,TRUE,"ok","ok","item_rest",0,1,0,1,1,1,0,0,0,1,1,1,0,1,1,1,1,0,0,1,0,0,0,0,1,1,1,1,0,1,0,1,0,1.0000984769457,0,1.2942101262835,1.20257572297271,2.05942193849789,0,0,0,1.93071340341164,1.60594277149801,1.11464269391646,0,1.03016645367673,1.62787399540524,1.37082364536879,1.45473339099819,0,0,1.49588225934354,0,0,0,0,1.36924943576479,1.75539915546177,1.51181899463805,4.34632965438984,0,2.47315752973098,0,2.23700446296524
"PISA4149",8,32,"(8,32)",0.25,"pm155q04t|pm305q01|pm423q01|pm474q01|pm496q01t|pm496q02|pm571q01|pm918q01",18.9487304223333,124.967526068713,10.4551745557076,68.9522342511883,0.151629235357627,15.1629235357627,0,68.9522342511883,TRUE,"ok","ok","item_rest",0,0,0,0,1,0,1,0,0,0,0,1,0,1,1,1,0,0,1,0,0,0,1,0,0,0,0,0,0,0,0,0,0,0,0,0,1.20257572297271,0,1.27673050543826,0,0,0,0,1.11464269391646,0,1.03016645367673,1.62787399540524,1.37082364536879,0,0,1.83236153892946,0,0,0,1,0,0,0,0,0,0,0,0,0
"PISA4154",10,32,"(10,32)",0.3125,"pm033q01|pm034q01t|pm155q04t|pm411q02|pm423q01|pm474q01|pm564q01|pm918q01|pm918q02|pm918q05",23.5657622506481,124.967526068713,13.0026736555627,68.9522342511883,0.188575088200838,18.8575088200838,0,68.9522342511883,TRUE,"ok","ok","item_rest",0,1,1,0,1,0,0,0,0,0,1,1,0,1,0,0,1,0,0,0,0,0,1,1,1,0,0,0,0,0,0,0,0,1.0000984769457,1.96771446709354,0,1.20257572297271,0,0,0,0,0,1.60594277149801,1.11464269391646,0,1.03016645367673,0,0,1.45473339099819,0,0,0,0,0,1,1.25755024269656,1.36924943576479,0,0,0,0,0,0,0
"PISA4185",15,32,"(15,32)",0.46875,"pm033q01|pm034q01t|pm155q01|pm155q04t|pm406q01|pm411q02|pm423q01|pm442q02|pm474q01|pm918q01|pm918q02|pm918q05|pm923q03|pm995q01|pm995q03",44.319253255546,124.967526068713,24.4536451064403,68.9522342511883,0.354646160084637,35.4646160084637,0,68.9522342511883,TRUE,"ok","ok","item_rest",0,1,1,1,1,0,0,1,0,0,1,1,1,1,0,0,0,0,0,0,0,0,1,1,1,0,1,0,0,1,0,1,0,1.0000984769457,1.96771446709354,1.2942101262835,1.20257572297271,0,0,2.80811908860377,0,0,1.60594277149801,1.11464269391646,2.58139463965431,1.03016645367673,0,0,0,0,0,0,0,0,1,1.25755024269656,1.36924943576479,0,1.51181899463805,0,0,2.47315752973098,0,2.23700446296524
"PISA4190",12,32,"(12,32)",0.375,"pm033q01|pm155q01|pm305q01|pm411q02|pm423q01|pm474q01|pm496q01t|pm496q02|pm803q01t|pm918q01|pm918q02|pm918q05",30.7934101653736,124.967526068713,16.9906094640002,68.9522342511883,0.246411296871172,24.6411296871172,0,68.9522342511883,TRUE,"ok","ok","item_rest",0,1,0,1,0,0,1,0,0,0,1,1,0,1,1,1,0,0,0,0,1,0,1,1,1,0,0,0,0,0,0,0,0,1.0000984769457,0,1.2942101262835,0,0,1.27673050543826,0,0,0,1.60594277149801,1.11464269391646,0,1.03016645367673,1.62787399540524,1.37082364536879,0,0,0,0,3.04332111700611,0,1,1.25755024269656,1.36924943576479,0,0,0,0,0,0,0
"PISA4203",24,32,"(24,32)",0.75,"pm00fq01|pm033q01|pm034q01t|pm155q01|pm155q04t|pm192q01t|pm411q01|pm423q01|pm442q02|pm496q01t|pm496q02|pm564q01|pm571q01|pm603q01t|pm903q03|pm918q01|pm918q02|pm918q05|pm923q01|pm923q03|pm923q04|pm924q02|pm995q01|pm995q03",79.7663474653915,124.967526068713,44.0119769416828,68.9522342511883,0.63829660372353,63.829660372353,0,68.9522342511883,TRUE,"ok","ok","item_rest",1,1,1,1,1,1,0,0,0,1,0,1,1,0,1,1,1,0,1,1,0,1,1,1,1,1,1,1,1,1,0,1,2.14097710825686,1.0000984769457,1.96771446709354,1.2942101262835,1.20257572297271,2.05942193849789,0,0,0,1.93071340341164,0,1.11464269391646,2.58139463965431,0,1.62787399540524,1.37082364536879,1.45473339099819,0,1.83236153892946,1.49588225934354,0,2.90064730427663,1,1.25755024269656,1.36924943576479,1.75539915546177,1.51181899463805,4.34632965438984,2.08739675468112,2.47315752973098,0,2.23700446296524
"PISA4205",7,32,"(7,32)",0.21875,"pm033q01|pm155q04t|pm423q01|pm564q01|pm918q01|pm918q02|pm924q02",16.523447106624,124.967526068713,9.11699728221073,68.9522342511883,0.132221926979163,13.2221926979163,0,68.9522342511883,TRUE,"ok","ok","item_rest",0,1,0,0,1,0,0,0,0,0,0,1,0,0,0,0,1,0,0,0,0,0,1,1,0,0,0,0,1,0,0,0,0,1.0000984769457,0,0,1.20257572297271,0,0,0,0,0,0,1.11464269391646,0,0,0,0,1.45473339099819,0,0,0,0,0,1,1.25755024269656,0,0,0,0,2.08739675468112,0,0,0
"PISA4214",16,32,"(16,32)",0.5,"pm155q01|pm155q04t|pm411q01|pm442q02|pm474q01|pm496q01t|pm496q02|pm564q01|pm564q02|pm571q01|pm603q01t|pm918q01|pm918q02|pm923q01|pm923q03|pm995q03",45.955609392535,124.967526068713,25.3565229597956,68.9522342511883,0.367740410954974,36.7740410954974,0,68.9522342511883,TRUE,"ok","ok","item_rest",0,0,0,1,1,0,0,0,0,1,0,0,1,1,1,1,1,1,1,1,0,0,1,1,0,1,1,0,0,0,0,1,0,0,0,1.2942101262835,1.20257572297271,0,0,0,0,1.93071340341164,0,0,2.58139463965431,1.03016645367673,1.62787399540524,1.37082364536879,1.45473339099819,1.77401492798991,1.83236153892946,1.49588225934354,0,0,1,1.25755024269656,0,1.75539915546177,1.51181899463805,0,0,0,0,2.23700446296524
"PISA4217",16,32,"(16,32)",0.5,"pm00fq01|pm155q01|pm155q04t|pm192q01t|pm305q01|pm411q01|pm474q01|pm496q01t|pm564q01|pm603q01t|pm903q03|pm918q01|pm918q02|pm918q05|pm924q02|pm995q03",47.7835924295089,124.967526068713,26.3651331046689,68.9522342511883,0.382368075392923,38.2368075392923,0,68.9522342511883,TRUE,"ok","ok","item_rest",1,0,0,1,1,1,1,0,0,1,0,0,0,1,1,0,1,0,0,1,0,1,1,1,1,0,0,0,1,0,0,1,2.14097710825686,0,0,1.2942101262835,1.20257572297271,2.05942193849789,1.27673050543826,0,0,1.93071340341164,0,0,0,1.03016645367673,1.62787399540524,0,1.45473339099819,0,0,1.49588225934354,0,2.90064730427663,1,1.25755024269656,1.36924943576479,0,0,0,2.08739675468112,0,0,2.23700446296524
"PISA4242",17,32,"(17,32)",0.53125,"pm033q01|pm034q01t|pm155q01|pm155q04t|pm192q01t|pm411q01|pm411q02|pm423q01|pm442q02|pm496q01t|pm496q02|pm564q01|pm571q01|pm918q01|pm918q02|pm918q05|pm995q03",48.7644113620475,124.967526068713,26.906310952402,68.9522342511883,0.39021666584993,39.021666584993,0,68.9522342511883,TRUE,"ok","ok","item_rest",0,1,1,1,1,1,0,0,0,1,1,1,1,0,1,1,1,0,1,0,0,0,1,1,1,0,0,0,0,0,0,1,0,1.0000984769457,1.96771446709354,1.2942101262835,1.20257572297271,2.05942193849789,0,0,0,1.93071340341164,1.60594277149801,1.11464269391646,2.58139463965431,0,1.62787399540524,1.37082364536879,1.45473339099819,0,1.83236153892946,0,0,0,1,1.25755024269656,1.36924943576479,0,0,0,0,0,0,2.23700446296524
"PISA4249",4,32,"(4,32)",0.125,"pm192q01t|pm603q01t|pm918q01|pm918q02",10.5350906568926,124.967526068713,5.81285444053799,68.9522342511883,0.0843026263567059,8.43026263567059,0,68.9522342511883,TRUE,"ok","ok","item_rest",0,0,0,0,0,1,0,0,0,0,0,0,0,0,0,0,0,0,0,1,0,0,1,1,0,0,0,0,0,0,0,0,0,0,0,0,0,2.05942193849789,0,0,0,0,0,0,0,0,0,0,0,0,0,1.49588225934354,0,0,1,1.25755024269656,0,0,0,0,0,0,0,0
"PISA4254",11,32,"(11,32)",0.34375,"pm033q01|pm034q01t|pm155q01|pm192q01t|pm423q01|pm474q01|pm496q01t|pm603q01t|pm918q01|pm918q02|pm918q05",27.5786148514103,124.967526068713,15.216810089624,68.9522342511883,0.220686251212544,22.0686251212544,0,68.9522342511883,TRUE,"ok","ok","item_rest",0,1,1,1,0,1,0,0,0,0,0,1,0,1,1,0,0,0,0,1,0,0,1,1,1,0,0,0,0,0,0,0,0,1.0000984769457,1.96771446709354,1.2942101262835,0,2.05942193849789,0,0,0,0,0,1.11464269391646,0,1.03016645367673,1.62787399540524,0,0,0,0,1.49588225934354,0,0,1,1.25755024269656,1.36924943576479,0,0,0,0,0,0,0
"PISA4265",21,32,"(21,32)",0.65625,"pm00fq01|pm033q01|pm034q01t|pm155q01|pm192q01t|pm305q01|pm411q01|pm411q02|pm423q01|pm474q01|pm496q02|pm564q02|pm571q01|pm603q01t|pm918q01|pm918q02|pm918q05|pm923q01|pm923q03|pm924q02|pm995q03",60.0116832268849,124.967526068713,33.1121193628578,68.9522342511883,0.480218222403535,48.0218222403535,0,68.9522342511883,TRUE,"ok","ok","item_rest",1,1,1,1,0,1,1,0,0,1,1,1,0,1,0,1,0,1,1,1,0,0,1,1,1,1,1,0,1,0,0,1,2.14097710825686,1.0000984769457,1.96771446709354,1.2942101262835,0,2.05942193849789,1.27673050543826,0,0,1.93071340341164,1.60594277149801,1.11464269391646,0,1.03016645367673,0,1.37082364536879,0,1.77401492798991,1.83236153892946,1.49588225934354,0,0,1,1.25755024269656,1.36924943576479,1.75539915546177,1.51181899463805,0,2.08739675468112,0,0,2.23700446296524
"PISA4279",11,32,"(11,32)",0.34375,"pm033q01|pm155q01|pm305q01|pm411q01|pm411q02|pm423q01|pm564q01|pm803q01t|pm918q01|pm918q02|pm923q01",30.3271440116744,124.967526068713,16.7333418836562,68.9522342511883,0.242680198334078,24.2680198334078,0,68.9522342511883,TRUE,"ok","ok","item_rest",0,1,0,1,0,0,1,0,0,1,1,1,0,0,0,0,1,0,0,0,1,0,1,1,0,1,0,0,0,0,0,0,0,1.0000984769457,0,1.2942101262835,0,0,1.27673050543826,0,0,1.93071340341164,1.60594277149801,1.11464269391646,0,0,0,0,1.45473339099819,0,0,0,3.04332111700611,0,1,1.25755024269656,0,1.75539915546177,0,0,0,0,0,0
"PISA4286",16,32,"(16,32)",0.5,"pm00fq01|pm155q01|pm155q04t|pm305q01|pm411q01|pm423q01|pm442q02|pm474q01|pm496q01t|pm496q02|pm564q01|pm571q01|pm603q01t|pm918q01|pm918q05|pm995q03",45.2357625361849,124.967526068713,24.9593393823857,68.9522342511883,0.361980139634932,36.1980139634932,0,68.9522342511883,TRUE,"ok","ok","item_rest",1,0,0,1,1,0,1,0,0,1,0,1,1,1,1,1,1,0,1,1,0,0,1,0,1,0,0,0,0,0,0,1,2.14097710825686,0,0,1.2942101262835,1.20257572297271,0,1.27673050543826,0,0,1.93071340341164,0,1.11464269391646,2.58139463965431,1.03016645367673,1.62787399540524,1.37082364536879,1.45473339099819,0,1.83236153892946,1.49588225934354,0,0,1,0,1.36924943576479,0,0,0,0,0,0,2.23700446296524
"PISA4306",15,32,"(15,32)",0.46875,"pm033q01|pm155q01|pm155q04t|pm411q02|pm423q01|pm442q02|pm474q01|pm496q01t|pm496q02|pm564q01|pm564q02|pm918q01|pm918q02|pm918q05|pm924q02",39.4566936072347,124.967526068713,21.770673277852,68.9522342511883,0.315735574260624,31.5735574260624,0,68.9522342511883,TRUE,"ok","ok","item_rest",0,1,0,1,1,0,0,0,0,0,1,1,1,1,1,1,1,1,0,0,0,0,1,1,1,0,0,0,1,0,0,0,0,1.0000984769457,0,1.2942101262835,1.20257572297271,0,0,0,0,0,1.60594277149801,1.11464269391646,2.58139463965431,1.03016645367673,1.62787399540524,1.37082364536879,1.45473339099819,1.77401492798991,0,0,0,0,1,1.25755024269656,1.36924943576479,0,0,0,2.08739675468112,0,0,0
"PISA4313",17,32,"(17,32)",0.53125,"pm033q01|pm034q01t|pm155q01|pm155q04t|pm411q01|pm411q02|pm423q01|pm474q01|pm496q02|pm564q01|pm571q01|pm603q01t|pm918q01|pm918q02|pm918q05|pm923q03|pm924q02",44.4501708872527,124.967526068713,24.5258803782188,68.9522342511883,0.355693773299247,35.5693773299247,0,68.9522342511883,TRUE,"ok","ok","item_rest",0,1,1,1,1,0,0,0,0,1,1,1,0,1,0,1,1,0,1,1,0,0,1,1,1,0,1,0,1,0,0,0,0,1.0000984769457,1.96771446709354,1.2942101262835,1.20257572297271,0,0,0,0,1.93071340341164,1.60594277149801,1.11464269391646,0,1.03016645367673,0,1.37082364536879,1.45473339099819,0,1.83236153892946,1.49588225934354,0,0,1,1.25755024269656,1.36924943576479,0,1.51181899463805,0,2.08739675468112,0,0,0
"PISA4329",25,32,"(25,32)",0.78125,"pm00fq01|pm033q01|pm155q01|pm155q04t|pm192q01t|pm305q01|pm406q01|pm411q01|pm411q02|pm442q02|pm496q01t|pm496q02|pm564q01|pm564q02|pm571q01|pm603q01t|pm803q01t|pm903q03|pm918q01|pm918q02|pm918q05|pm923q01|pm923q03|pm924q02|pm995q03",80.8651634874012,124.967526068713,44.618261007088,68.9522342511883,0.647089416197113,64.7089416197113,0,68.9522342511883,TRUE,"ok","ok","item_rest",1,1,0,1,1,1,1,1,0,1,1,0,1,0,1,1,1,1,1,1,1,1,1,1,1,1,1,0,1,0,0,1,2.14097710825686,1.0000984769457,0,1.2942101262835,1.20257572297271,2.05942193849789,1.27673050543826,2.80811908860377,0,1.93071340341164,1.60594277149801,0,2.58139463965431,0,1.62787399540524,1.37082364536879,1.45473339099819,1.77401492798991,1.83236153892946,1.49588225934354,3.04332111700611,2.90064730427663,1,1.25755024269656,1.36924943576479,1.75539915546177,1.51181899463805,0,2.08739675468112,0,0,2.23700446296524
"PISA4334",29,32,"(29,32)",0.90625,"pm00fq01|pm033q01|pm155q01|pm155q04t|pm192q01t|pm406q01|pm406q02|pm411q02|pm423q01|pm442q02|pm474q01|pm496q01t|pm496q02|pm564q01|pm564q02|pm571q01|pm603q01t|pm803q01t|pm903q03|pm918q01|pm918q02|pm918q05|pm923q01|pm923q03|pm923q04|pm924q02|pm995q01|pm995q02|pm995q03",115.588181856321,124.967526068713,63.7770758752449,68.9522342511883,0.924945747847841,92.4945747847841,0,68.9522342511883,TRUE,"ok","ok","item_rest",1,1,0,1,1,1,0,1,1,0,1,1,1,1,1,1,1,1,1,1,1,1,1,1,1,1,1,1,1,1,1,1,2.14097710825686,1.0000984769457,0,1.2942101262835,1.20257572297271,2.05942193849789,0,2.80811908860377,4.7812223423438,0,1.60594277149801,1.11464269391646,2.58139463965431,1.03016645367673,1.62787399540524,1.37082364536879,1.45473339099819,1.77401492798991,1.83236153892946,1.49588225934354,3.04332111700611,2.90064730427663,1,1.25755024269656,1.36924943576479,1.75539915546177,1.51181899463805,4.34632965438984,2.08739675468112,2.47315752973098,8.62074010294895,2.23700446296524
"PISA4352",16,32,"(16,32)",0.5,"pm00fq01|pm033q01|pm034q01t|pm155q01|pm305q01|pm423q01|pm442q02|pm474q01|pm564q02|pm571q01|pm918q01|pm918q02|pm918q05|pm923q01|pm923q03|pm924q02",45.2980832249009,124.967526068713,24.993725521427,68.9522342511883,0.362478834701375,36.2478834701375,0,68.9522342511883,TRUE,"ok","ok","item_rest",1,1,1,1,0,0,1,0,0,0,0,1,1,1,0,0,0,1,1,0,0,0,1,1,1,1,1,0,1,0,0,0,2.14097710825686,1.0000984769457,1.96771446709354,1.2942101262835,0,0,1.27673050543826,0,0,0,0,1.11464269391646,2.58139463965431,1.03016645367673,0,0,0,1.77401492798991,1.83236153892946,0,0,0,1,1.25755024269656,1.36924943576479,1.75539915546177,1.51181899463805,0,2.08739675468112,0,0,0
"PISA4374",13,32,"(13,32)",0.40625,"pm033q01|pm155q01|pm155q04t|pm305q01|pm423q01|pm474q01|pm564q01|pm571q01|pm903q03|pm918q01|pm918q02|pm918q05|pm923q01",33.5079097307732,124.967526068713,18.4883650473608,68.9522342511883,0.268132936490628,26.8132936490628,0,68.9522342511883,TRUE,"ok","ok","item_rest",0,1,0,1,1,0,1,0,0,0,0,1,0,1,0,0,1,0,1,0,0,1,1,1,1,1,0,0,0,0,0,0,0,1.0000984769457,0,1.2942101262835,1.20257572297271,0,1.27673050543826,0,0,0,0,1.11464269391646,0,1.03016645367673,0,0,1.45473339099819,0,1.83236153892946,0,0,2.90064730427663,1,1.25755024269656,1.36924943576479,1.75539915546177,0,0,0,0,0,0
"PISA4382",15,32,"(15,32)",0.46875,"pm034q01t|pm155q01|pm411q02|pm423q01|pm442q02|pm474q01|pm496q02|pm571q01|pm603q01t|pm803q01t|pm918q01|pm918q02|pm918q05|pm995q01|pm995q03",46.5299491874521,124.967526068713,25.673421383928,68.9522342511883,0.372336323293042,37.2336323293042,0,68.9522342511883,TRUE,"ok","ok","item_rest",0,0,1,1,0,0,0,0,0,0,1,1,1,1,0,1,0,0,1,1,1,0,1,1,1,0,0,0,0,1,0,1,0,0,1.96771446709354,1.2942101262835,0,0,0,0,0,0,1.60594277149801,1.11464269391646,2.58139463965431,1.03016645367673,0,1.37082364536879,0,0,1.83236153892946,1.49588225934354,3.04332111700611,0,1,1.25755024269656,1.36924943576479,0,0,0,0,2.47315752973098,0,2.23700446296524
"PISA4386",6,32,"(6,32)",0.1875,"pm155q01|pm155q04t|pm423q01|pm474q01|pm918q01|pm923q03",12.9646915603188,124.967526068713,7.15341399148745,68.9522342511883,0.103744484412616,10.3744484412616,0,68.9522342511883,TRUE,"ok","ok","item_rest",0,0,0,1,1,0,0,0,0,0,0,1,0,1,0,0,0,0,0,0,0,0,1,0,0,0,1,0,0,0,0,0,0,0,0,1.2942101262835,1.20257572297271,0,0,0,0,0,0,1.11464269391646,0,1.03016645367673,0,0,0,0,0,0,0,0,1,0,0,0,1.51181899463805,0,0,0,0,0
"PISA4389",23,32,"(23,32)",0.71875,"pm00fq01|pm033q01|pm155q01|pm411q01|pm411q02|pm423q01|pm442q02|pm474q01|pm496q01t|pm496q02|pm564q01|pm564q02|pm571q01|pm603q01t|pm903q03|pm918q01|pm918q02|pm918q05|pm923q01|pm923q03|pm924q02|pm995q01|pm995q03",70.4037509798628,124.967526068713,38.8460593118935,68.9522342511883,0.563376368202659,56.3376368202659,0,68.9522342511883,TRUE,"ok","ok","item_rest",1,1,0,1,0,0,0,0,0,1,1,1,1,1,1,1,1,1,1,1,0,1,1,1,1,1,1,0,1,1,0,1,2.14097710825686,1.0000984769457,0,1.2942101262835,0,0,0,0,0,1.93071340341164,1.60594277149801,1.11464269391646,2.58139463965431,1.03016645367673,1.62787399540524,1.37082364536879,1.45473339099819,1.77401492798991,1.83236153892946,1.49588225934354,0,2.90064730427663,1,1.25755024269656,1.36924943576479,1.75539915546177,1.51181899463805,0,2.08739675468112,2.47315752973098,0,2.23700446296524
"PISA4397",19,32,"(19,32)",0.59375,"pm033q01|pm155q01|pm155q04t|pm192q01t|pm305q01|pm406q01|pm406q02|pm423q01|pm442q02|pm474q01|pm496q01t|pm496q02|pm564q01|pm571q01|pm603q01t|pm918q02|pm918q05|pm923q01|pm923q03",59.4899997393098,124.967526068713,32.8242746469395,68.9522342511883,0.476043669989908,47.6043669989908,0,68.9522342511883,TRUE,"ok","ok","item_rest",0,1,0,1,1,1,1,1,1,0,0,1,1,1,1,1,1,0,1,1,0,0,0,1,1,1,1,0,0,0,0,0,0,1.0000984769457,0,1.2942101262835,1.20257572297271,2.05942193849789,1.27673050543826,2.80811908860377,4.7812223423438,0,0,1.11464269391646,2.58139463965431,1.03016645367673,1.62787399540524,1.37082364536879,1.45473339099819,0,1.83236153892946,1.49588225934354,0,0,0,1.25755024269656,1.36924943576479,1.75539915546177,1.51181899463805,0,0,0,0,0
"PISA4423",15,32,"(15,32)",0.46875,"pm155q01|pm155q04t|pm305q01|pm411q01|pm411q02|pm423q01|pm442q02|pm474q01|pm496q02|pm603q01t|pm918q01|pm918q02|pm918q05|pm924q02|pm995q03",41.4206044561952,124.967526068713,22.8542831176717,68.9522342511883,0.331450943770945,33.1450943770945,0,68.9522342511883,TRUE,"ok","ok","item_rest",0,0,0,1,1,0,1,0,0,1,1,1,1,1,0,1,0,0,0,1,0,0,1,1,1,0,0,0,1,0,0,1,0,0,0,1.2942101262835,1.20257572297271,0,1.27673050543826,0,0,1.93071340341164,1.60594277149801,1.11464269391646,2.58139463965431,1.03016645367673,0,1.37082364536879,0,0,0,1.49588225934354,0,0,1,1.25755024269656,1.36924943576479,0,0,0,2.08739675468112,0,0,2.23700446296524
"PISA4431",14,32,"(14,32)",0.4375,"pm033q01|pm155q01|pm155q04t|pm192q01t|pm411q01|pm423q01|pm474q01|pm496q02|pm564q01|pm564q02|pm803q01t|pm918q01|pm923q01|pm995q01",40.7844514887736,124.967526068713,22.5032785822604,68.9522342511883,0.326360397551187,32.6360397551187,0,68.9522342511883,TRUE,"ok","ok","item_rest",0,1,0,1,1,1,0,0,0,1,0,1,0,1,0,1,1,1,0,0,1,0,1,0,0,1,0,0,0,1,0,0,0,1.0000984769457,0,1.2942101262835,1.20257572297271,2.05942193849789,0,0,0,1.93071340341164,0,1.11464269391646,0,1.03016645367673,0,1.37082364536879,1.45473339099819,1.77401492798991,0,0,3.04332111700611,0,1,0,0,1.75539915546177,0,0,0,2.47315752973098,0,0
"PISA4439",11,32,"(11,32)",0.34375,"pm155q01|pm155q04t|pm305q01|pm411q02|pm423q01|pm474q01|pm564q02|pm603q01t|pm918q01|pm918q05|pm923q03",26.5970739573479,124.967526068713,14.675233891522,68.9522342511883,0.212831883562483,21.2831883562483,0,68.9522342511883,TRUE,"ok","ok","item_rest",0,0,0,1,1,0,1,0,0,0,1,1,0,1,0,0,0,1,0,1,0,0,1,0,1,0,1,0,0,0,0,0,0,0,0,1.2942101262835,1.20257572297271,0,1.27673050543826,0,0,0,1.60594277149801,1.11464269391646,0,1.03016645367673,0,0,0,1.77401492798991,0,1.49588225934354,0,0,1,0,1.36924943576479,0,1.51181899463805,0,0,0,0,0
"PISA4446",18,32,"(18,32)",0.5625,"pm033q01|pm034q01t|pm155q01|pm155q04t|pm192q01t|pm305q01|pm411q01|pm442q02|pm496q01t|pm571q01|pm603q01t|pm918q01|pm918q02|pm918q05|pm923q03|pm923q04|pm995q01|pm995q03",58.8372042151327,124.967526068713,32.4640873941612,68.9522342511883,0.470819948718366,47.0819948718366,0,68.9522342511883,TRUE,"ok","ok","item_rest",0,1,1,1,1,1,1,0,0,1,0,0,1,0,1,0,0,0,1,1,0,0,1,1,1,0,1,1,0,1,0,1,0,1.0000984769457,1.96771446709354,1.2942101262835,1.20257572297271,2.05942193849789,1.27673050543826,0,0,1.93071340341164,0,0,2.58139463965431,0,1.62787399540524,0,0,0,1.83236153892946,1.49588225934354,0,0,1,1.25755024269656,1.36924943576479,0,1.51181899463805,4.34632965438984,0,2.47315752973098,0,2.23700446296524
"PISA4467",10,32,"(10,32)",0.3125,"pm155q04t|pm305q01|pm411q01|pm474q01|pm571q01|pm918q01|pm918q05|pm923q01|pm923q03|pm924q02",27.1791700953885,124.967526068713,14.9964119649745,68.9522342511883,0.217489862769981,21.7489862769981,0,68.9522342511883,TRUE,"ok","ok","item_rest",0,0,0,0,1,0,1,0,0,1,0,0,0,1,0,0,0,0,1,0,0,0,1,0,1,1,1,0,1,0,0,0,0,0,0,0,1.20257572297271,0,1.27673050543826,0,0,1.93071340341164,0,0,0,1.03016645367673,0,0,0,0,1.83236153892946,0,0,0,1,0,1.36924943576479,1.75539915546177,1.51181899463805,0,2.08739675468112,0,0,0
"PISA4469",14,32,"(14,32)",0.4375,"pm033q01|pm155q04t|pm305q01|pm406q01|pm411q01|pm423q01|pm442q02|pm496q01t|pm496q02|pm564q01|pm803q01t|pm918q01|pm918q02|pm924q02",43.0548087675543,124.967526068713,23.7559736770989,68.9522342511883,0.344527975562872,34.4527975562872,0,68.9522342511883,TRUE,"ok","ok","item_rest",0,1,0,0,1,0,1,1,0,1,0,1,1,0,1,1,1,0,0,0,1,0,1,1,0,0,0,0,1,0,0,0,0,1.0000984769457,0,0,1.20257572297271,0,1.27673050543826,2.80811908860377,0,1.93071340341164,0,1.11464269391646,2.58139463965431,0,1.62787399540524,1.37082364536879,1.45473339099819,0,0,0,3.04332111700611,0,1,1.25755024269656,0,0,0,0,2.08739675468112,0,0,0
"PISA4474",13,32,"(13,32)",0.40625,"pm033q01|pm155q01|pm155q04t|pm305q01|pm411q01|pm423q01|pm474q01|pm918q01|pm918q02|pm918q05|pm923q01|pm924q02|pm995q03",33.6300139758623,124.967526068713,18.5557374342145,68.9522342511883,0.269110024290398,26.9110024290398,0,68.9522342511883,TRUE,"ok","ok","item_rest",0,1,0,1,1,0,1,0,0,1,0,1,0,1,0,0,0,0,0,0,0,0,1,1,1,1,0,0,1,0,0,1,0,1.0000984769457,0,1.2942101262835,1.20257572297271,0,1.27673050543826,0,0,1.93071340341164,0,1.11464269391646,0,1.03016645367673,0,0,0,0,0,0,0,0,1,1.25755024269656,1.36924943576479,1.75539915546177,0,0,2.08739675468112,0,0,2.23700446296524
"PISA4488",11,32,"(11,32)",0.34375,"pm033q01|pm034q01t|pm155q01|pm423q01|pm474q01|pm564q01|pm918q01|pm918q02|pm918q05|pm923q03|pm924q02",27.3444029333171,124.967526068713,15.0875810366946,68.9522342511883,0.218812068971276,21.8812068971276,0,68.9522342511883,TRUE,"ok","ok","item_rest",0,1,1,1,0,0,0,0,0,0,0,1,0,1,0,0,1,0,0,0,0,0,1,1,1,0,1,0,1,0,0,0,0,1.0000984769457,1.96771446709354,1.2942101262835,0,0,0,0,0,0,0,1.11464269391646,0,1.03016645367673,0,0,1.45473339099819,0,0,0,0,0,1,1.25755024269656,1.36924943576479,0,1.51181899463805,0,2.08739675468112,0,0,0
"PISA4490",16,32,"(16,32)",0.5,"pm033q01|pm034q01t|pm155q01|pm155q04t|pm411q02|pm423q01|pm496q01t|pm496q02|pm564q01|pm564q02|pm603q01t|pm918q01|pm918q02|pm918q05|pm923q03|pm995q03",42.1996597487323,124.967526068713,23.2841356138802,68.9522342511883,0.337685005667223,33.7685005667223,0,68.9522342511883,TRUE,"ok","ok","item_rest",0,1,1,1,1,0,0,0,0,0,1,1,0,0,1,1,1,1,0,1,0,0,1,1,1,0,1,0,0,0,0,1,0,1.0000984769457,1.96771446709354,1.2942101262835,1.20257572297271,0,0,0,0,0,1.60594277149801,1.11464269391646,0,0,1.62787399540524,1.37082364536879,1.45473339099819,1.77401492798991,0,1.49588225934354,0,0,1,1.25755024269656,1.36924943576479,0,1.51181899463805,0,0,0,0,2.23700446296524
"PISA4500",6,32,"(6,32)",0.1875,"pm034q01t|pm155q01|pm305q01|pm571q01|pm923q01|pm923q03",17.4681265978787,124.967526068713,9.63823478784457,68.9522342511883,0.139781326776637,13.9781326776637,0,68.9522342511883,TRUE,"ok","ok","item_rest",0,0,1,1,0,0,1,0,0,0,0,0,0,0,0,0,0,0,1,0,0,0,0,0,0,1,1,0,0,0,0,0,0,0,1.96771446709354,1.2942101262835,0,0,1.27673050543826,0,0,0,0,0,0,0,0,0,0,0,1.83236153892946,0,0,0,0,0,0,1.75539915546177,1.51181899463805,0,0,0,0,0
"PISA4514",9,32,"(9,32)",0.28125,"pm155q01|pm155q04t|pm305q01|pm423q01|pm474q01|pm496q01t|pm571q01|pm918q01|pm918q02",21.089034393569,124.967526068713,11.6361112793189,68.9522342511883,0.168756116544815,16.8756116544815,0,68.9522342511883,TRUE,"ok","ok","item_rest",0,0,0,1,1,0,1,0,0,0,0,1,0,1,1,0,0,0,1,0,0,0,1,1,0,0,0,0,0,0,0,0,0,0,0,1.2942101262835,1.20257572297271,0,1.27673050543826,0,0,0,0,1.11464269391646,0,1.03016645367673,1.62787399540524,0,0,0,1.83236153892946,0,0,0,1,1.25755024269656,0,0,0,0,0,0,0,0
"PISA4516",16,32,"(16,32)",0.5,"pm00fq01|pm033q01|pm034q01t|pm155q01|pm155q04t|pm192q01t|pm411q01|pm423q01|pm474q01|pm496q01t|pm496q02|pm603q01t|pm918q01|pm918q02|pm918q05|pm923q01",42.8034780328693,124.967526068713,23.6172991250957,68.9522342511883,0.342516807201047,34.2516807201047,0,68.9522342511883,TRUE,"ok","ok","item_rest",1,1,1,1,1,1,0,0,0,1,0,1,0,1,1,1,0,0,0,1,0,0,1,1,1,1,0,0,0,0,0,0,2.14097710825686,1.0000984769457,1.96771446709354,1.2942101262835,1.20257572297271,2.05942193849789,0,0,0,1.93071340341164,0,1.11464269391646,0,1.03016645367673,1.62787399540524,1.37082364536879,0,0,0,1.49588225934354,0,0,1,1.25755024269656,1.36924943576479,1.75539915546177,0,0,0,0,0,0
"PISA4519",10,32,"(10,32)",0.3125,"pm00fq01|pm155q04t|pm423q01|pm474q01|pm496q01t|pm496q02|pm571q01|pm603q01t|pm918q01|pm923q03",25.9661643022664,124.967526068713,14.3271224125078,68.9522342511883,0.207783294741619,20.7783294741619,0,68.9522342511883,TRUE,"ok","ok","item_rest",1,0,0,0,1,0,0,0,0,0,0,1,0,1,1,1,0,0,1,1,0,0,1,0,0,0,1,0,0,0,0,0,2.14097710825686,0,0,0,1.20257572297271,0,0,0,0,0,0,1.11464269391646,0,1.03016645367673,1.62787399540524,1.37082364536879,0,0,1.83236153892946,1.49588225934354,0,0,1,0,0,0,1.51181899463805,0,0,0,0,0
"PISA4557",9,32,"(9,32)",0.28125,"pm033q01|pm155q04t|pm192q01t|pm411q02|pm474q01|pm564q01|pm571q01|pm918q01|pm918q02",22.5511510343377,124.967526068713,12.4428505362152,68.9522342511883,0.180456089223835,18.0456089223835,0,68.9522342511883,TRUE,"ok","ok","item_rest",0,1,0,0,1,1,0,0,0,0,1,0,0,1,0,0,1,0,1,0,0,0,1,1,0,0,0,0,0,0,0,0,0,1.0000984769457,0,0,1.20257572297271,2.05942193849789,0,0,0,0,1.60594277149801,0,0,1.03016645367673,0,0,1.45473339099819,0,1.83236153892946,0,0,0,1,1.25755024269656,0,0,0,0,0,0,0,0
"PISA4564",26,32,"(26,32)",0.8125,"pm033q01|pm034q01t|pm155q01|pm192q01t|pm411q01|pm411q02|pm423q01|pm442q02|pm474q01|pm496q01t|pm496q02|pm564q01|pm564q02|pm571q01|pm803q01t|pm903q03|pm918q01|pm918q02|pm918q05|pm923q01|pm923q03|pm923q04|pm924q02|pm995q01|pm995q02|pm995q03",100.127963938833,124.967526068713,55.2467272242294,68.9522342511883,0.801231864698819,80.1231864698819,0,68.9522342511883,TRUE,"ok","ok","item_rest",0,1,1,1,0,1,0,0,0,1,1,1,1,1,1,1,1,1,1,0,1,1,1,1,1,1,1,1,1,1,1,1,0,1.0000984769457,1.96771446709354,1.2942101262835,0,2.05942193849789,0,0,0,1.93071340341164,1.60594277149801,1.11464269391646,2.58139463965431,1.03016645367673,1.62787399540524,1.37082364536879,1.45473339099819,1.77401492798991,1.83236153892946,0,3.04332111700611,2.90064730427663,1,1.25755024269656,1.36924943576479,1.75539915546177,1.51181899463805,4.34632965438984,2.08739675468112,2.47315752973098,8.62074010294895,2.23700446296524
"PISA4565",9,32,"(9,32)",0.28125,"pm00fq01|pm155q01|pm155q04t|pm474q01|pm496q01t|pm496q02|pm918q01|pm918q02|pm918q05",22.2803385864433,124.967526068713,12.2934267304252,68.9522342511883,0.178289026656353,17.8289026656353,0,68.9522342511883,TRUE,"ok","ok","item_rest",1,0,0,1,1,0,0,0,0,0,0,0,0,1,1,1,0,0,0,0,0,0,1,1,1,0,0,0,0,0,0,0,2.14097710825686,0,0,1.2942101262835,1.20257572297271,0,0,0,0,0,0,0,0,1.03016645367673,1.62787399540524,1.37082364536879,0,0,0,0,0,0,1,1.25755024269656,1.36924943576479,0,0,0,0,0,0,0
"PISA4577",12,32,"(12,32)",0.375,"pm033q01|pm155q01|pm155q04t|pm305q01|pm423q01|pm474q01|pm564q01|pm571q01|pm918q01|pm918q02|pm918q05|pm995q03",29.1236907554779,124.967526068713,16.0693230505876,68.9522342511883,0.233050070459619,23.3050070459619,0,68.9522342511883,TRUE,"ok","ok","item_rest",0,1,0,1,1,0,1,0,0,0,0,1,0,1,0,0,1,0,1,0,0,0,1,1,1,0,0,0,0,0,0,1,0,1.0000984769457,0,1.2942101262835,1.20257572297271,0,1.27673050543826,0,0,0,0,1.11464269391646,0,1.03016645367673,0,0,1.45473339099819,0,1.83236153892946,0,0,0,1,1.25755024269656,1.36924943576479,0,0,0,0,0,0,2.23700446296524
"PISA4600",8,32,"(8,32)",0.25,"pm033q01|pm305q01|pm411q02|pm564q02|pm603q01t|pm918q01|pm918q02|pm918q05",19.5364739136516,124.967526068713,10.7794686196768,68.9522342511883,0.15633240513147,15.633240513147,0,68.9522342511883,TRUE,"ok","ok","item_rest",0,1,0,0,0,0,1,0,0,0,1,0,0,0,0,0,0,1,0,1,0,0,1,1,1,0,0,0,0,0,0,0,0,1.0000984769457,0,0,0,0,1.27673050543826,0,0,0,1.60594277149801,0,0,0,0,0,0,1.77401492798991,0,1.49588225934354,0,0,1,1.25755024269656,1.36924943576479,0,0,0,0,0,0,0
"PISA4607",12,32,"(12,32)",0.375,"pm033q01|pm155q04t|pm305q01|pm411q02|pm423q01|pm474q01|pm564q01|pm564q02|pm918q01|pm918q05|pm923q01|pm923q03",29.1709022627698,124.967526068713,16.0953725293006,68.9522342511883,0.233427860664619,23.3427860664619,0,68.9522342511883,TRUE,"ok","ok","item_rest",0,1,0,0,1,0,1,0,0,0,1,1,0,1,0,0,1,1,0,0,0,0,1,0,1,1,1,0,0,0,0,0,0,1.0000984769457,0,0,1.20257572297271,0,1.27673050543826,0,0,0,1.60594277149801,1.11464269391646,0,1.03016645367673,0,0,1.45473339099819,1.77401492798991,0,0,0,0,1,0,1.36924943576479,1.75539915546177,1.51181899463805,0,0,0,0,0
"PISA4617",29,32,"(29,32)",0.90625,"pm033q01|pm034q01t|pm155q01|pm155q04t|pm192q01t|pm305q01|pm406q01|pm406q02|pm411q01|pm411q02|pm423q01|pm442q02|pm474q01|pm496q01t|pm496q02|pm564q01|pm564q02|pm571q01|pm603q01t|pm803q01t|pm903q03|pm918q01|pm918q02|pm918q05|pm923q01|pm923q03|pm923q04|pm924q02|pm995q01",101.408926302979,124.967526068713,55.9535125770173,68.9522342511883,0.811482226568358,81.1482226568358,0,68.9522342511883,TRUE,"ok","ok","item_rest",0,1,1,1,1,1,1,1,1,1,1,1,1,1,1,1,1,1,1,1,1,1,1,1,1,1,1,1,1,1,0,0,0,1.0000984769457,1.96771446709354,1.2942101262835,1.20257572297271,2.05942193849789,1.27673050543826,2.80811908860377,4.7812223423438,1.93071340341164,1.60594277149801,1.11464269391646,2.58139463965431,1.03016645367673,1.62787399540524,1.37082364536879,1.45473339099819,1.77401492798991,1.83236153892946,1.49588225934354,3.04332111700611,2.90064730427663,1,1.25755024269656,1.36924943576479,1.75539915546177,1.51181899463805,4.34632965438984,2.08739675468112,2.47315752973098,0,0
"PISA4618",18,32,"(18,32)",0.5625,"pm033q01|pm034q01t|pm155q04t|pm192q01t|pm411q02|pm423q01|pm442q02|pm474q01|pm496q01t|pm496q02|pm603q01t|pm903q03|pm918q01|pm918q02|pm918q05|pm923q03|pm924q02|pm995q03",53.320536784049,124.967526068713,29.4202042593953,68.9522342511883,0.426675140826031,42.6675140826031,0,68.9522342511883,TRUE,"ok","ok","item_rest",0,1,1,0,1,1,0,0,0,0,1,1,1,1,1,1,0,0,0,1,0,1,1,1,1,0,1,0,1,0,0,1,0,1.0000984769457,1.96771446709354,0,1.20257572297271,2.05942193849789,0,0,0,0,1.60594277149801,1.11464269391646,2.58139463965431,1.03016645367673,1.62787399540524,1.37082364536879,0,0,0,1.49588225934354,0,2.90064730427663,1,1.25755024269656,1.36924943576479,0,1.51181899463805,0,2.08739675468112,0,0,2.23700446296524
"PISA4637",21,32,"(21,32)",0.65625,"pm00fq01|pm033q01|pm155q01|pm155q04t|pm192q01t|pm305q01|pm411q01|pm411q02|pm423q01|pm442q02|pm474q01|pm496q01t|pm496q02|pm603q01t|pm918q01|pm918q02|pm918q05|pm923q01|pm923q03|pm924q02|pm995q01",60.1456297394836,124.967526068713,33.1860258536429,68.9522342511883,0.481290072961936,48.1290072961936,0,68.9522342511883,TRUE,"ok","ok","item_rest",1,1,0,1,1,1,1,0,0,1,1,1,1,1,1,1,0,0,0,1,0,0,1,1,1,1,1,0,1,1,0,0,2.14097710825686,1.0000984769457,0,1.2942101262835,1.20257572297271,2.05942193849789,1.27673050543826,0,0,1.93071340341164,1.60594277149801,1.11464269391646,2.58139463965431,1.03016645367673,1.62787399540524,1.37082364536879,0,0,0,1.49588225934354,0,0,1,1.25755024269656,1.36924943576479,1.75539915546177,1.51181899463805,0,2.08739675468112,2.47315752973098,0,0
"PISA4650",8,32,"(8,32)",0.25,"pm033q01|pm305q01|pm423q01|pm474q01|pm603q01t|pm918q01|pm918q02|pm923q03",17.5563075669724,124.967526068713,9.68688962665528,68.9522342511883,0.140486957846306,14.0486957846306,0,68.9522342511883,TRUE,"ok","ok","item_rest",0,1,0,0,0,0,1,0,0,0,0,1,0,1,0,0,0,0,0,1,0,0,1,1,0,0,1,0,0,0,0,0,0,1.0000984769457,0,0,0,0,1.27673050543826,0,0,0,0,1.11464269391646,0,1.03016645367673,0,0,0,0,0,1.49588225934354,0,0,1,1.25755024269656,0,0,1.51181899463805,0,0,0,0,0
"PISA4655",21,32,"(21,32)",0.65625,"pm033q01|pm034q01t|pm155q04t|pm192q01t|pm305q01|pm411q02|pm423q01|pm442q02|pm474q01|pm496q02|pm564q01|pm571q01|pm603q01t|pm803q01t|pm918q01|pm918q02|pm918q05|pm923q01|pm924q02|pm995q01|pm995q03",63.8239262325951,124.967526068713,35.2155672026402,68.9522342511883,0.510724091613221,51.0724091613221,0,68.9522342511883,TRUE,"ok","ok","item_rest",0,1,1,0,1,1,1,0,0,0,1,1,1,1,0,1,1,0,1,1,1,0,1,1,1,1,0,0,1,1,0,1,0,1.0000984769457,1.96771446709354,0,1.20257572297271,2.05942193849789,1.27673050543826,0,0,0,1.60594277149801,1.11464269391646,2.58139463965431,1.03016645367673,0,1.37082364536879,1.45473339099819,0,1.83236153892946,1.49588225934354,3.04332111700611,0,1,1.25755024269656,1.36924943576479,1.75539915546177,0,0,2.08739675468112,2.47315752973098,0,2.23700446296524
"PISA4686",17,32,"(17,32)",0.53125,"pm155q01|pm155q04t|pm305q01|pm411q01|pm411q02|pm423q01|pm442q02|pm474q01|pm496q01t|pm496q02|pm564q01|pm564q02|pm918q01|pm918q02|pm918q05|pm923q03|pm924q02",46.1972261291339,124.967526068713,25.4898377043943,68.9522342511883,0.369673847137955,36.9673847137955,0,68.9522342511883,TRUE,"ok","ok","item_rest",0,0,0,1,1,0,1,0,0,1,1,1,1,1,1,1,1,1,0,0,0,0,1,1,1,0,1,0,1,0,0,0,0,0,0,1.2942101262835,1.20257572297271,0,1.27673050543826,0,0,1.93071340341164,1.60594277149801,1.11464269391646,2.58139463965431,1.03016645367673,1.62787399540524,1.37082364536879,1.45473339099819,1.77401492798991,0,0,0,0,1,1.25755024269656,1.36924943576479,0,1.51181899463805,0,2.08739675468112,0,0,0
"PISA4689",14,32,"(14,32)",0.4375,"pm034q01t|pm155q01|pm155q04t|pm411q01|pm423q01|pm474q01|pm496q01t|pm496q02|pm564q02|pm571q01|pm603q01t|pm918q01|pm918q05|pm923q01",37.6351711414834,124.967526068713,20.7656278256181,68.9522342511883,0.301159607823153,30.1159607823153,0,68.9522342511883,TRUE,"ok","ok","item_rest",0,0,1,1,1,0,0,0,0,1,0,1,0,1,1,1,0,1,1,1,0,0,1,0,1,1,0,0,0,0,0,0,0,0,1.96771446709354,1.2942101262835,1.20257572297271,0,0,0,0,1.93071340341164,0,1.11464269391646,0,1.03016645367673,1.62787399540524,1.37082364536879,0,1.77401492798991,1.83236153892946,1.49588225934354,0,0,1,0,1.36924943576479,1.75539915546177,0,0,0,0,0,0
"PISA4720",24,32,"(24,32)",0.75,"pm00fq01|pm033q01|pm155q01|pm155q04t|pm192q01t|pm305q01|pm411q01|pm411q02|pm423q01|pm442q02|pm474q01|pm496q01t|pm496q02|pm571q01|pm603q01t|pm803q01t|pm903q03|pm918q01|pm918q02|pm918q05|pm923q01|pm924q02|pm995q01|pm995q03",75.5535909531734,124.967526068713,41.6875412821823,68.9522342511883,0.604585793845598,60.4585793845598,0,68.9522342511883,TRUE,"ok","ok","item_rest",1,1,0,1,1,1,1,0,0,1,1,1,1,1,1,1,0,0,1,1,1,1,1,1,1,1,0,0,1,1,0,1,2.14097710825686,1.0000984769457,0,1.2942101262835,1.20257572297271,2.05942193849789,1.27673050543826,0,0,1.93071340341164,1.60594277149801,1.11464269391646,2.58139463965431,1.03016645367673,1.62787399540524,1.37082364536879,0,0,1.83236153892946,1.49588225934354,3.04332111700611,2.90064730427663,1,1.25755024269656,1.36924943576479,1.75539915546177,0,0,2.08739675468112,2.47315752973098,0,2.23700446296524
"PISA4744",10,32,"(10,32)",0.3125,"pm00fq01|pm033q01|pm034q01t|pm192q01t|pm411q01|pm411q02|pm918q01|pm918q02|pm918q05|pm923q01",29.1558495018651,124.967526068713,16.0870669996268,68.9522342511883,0.233307407284623,23.3307407284623,0,68.9522342511883,TRUE,"ok","ok","item_rest",1,1,1,0,0,1,0,0,0,1,1,0,0,0,0,0,0,0,0,0,0,0,1,1,1,1,0,0,0,0,0,0,2.14097710825686,1.0000984769457,1.96771446709354,0,0,2.05942193849789,0,0,0,1.93071340341164,1.60594277149801,0,0,0,0,0,0,0,0,0,0,0,1,1.25755024269656,1.36924943576479,1.75539915546177,0,0,0,0,0,0
"PISA4752",21,32,"(21,32)",0.65625,"pm033q01|pm034q01t|pm155q01|pm155q04t|pm192q01t|pm305q01|pm423q01|pm442q02|pm474q01|pm496q01t|pm496q02|pm564q01|pm571q01|pm603q01t|pm803q01t|pm903q03|pm918q01|pm918q02|pm918q05|pm923q01|pm995q03",63.2008928996193,124.967526068713,34.8718015726954,68.9522342511883,0.505738529743065,50.5738529743065,0,68.9522342511883,TRUE,"ok","ok","item_rest",0,1,1,1,1,1,1,0,0,0,0,1,1,1,1,1,1,0,1,1,1,1,1,1,1,1,0,0,0,0,0,1,0,1.0000984769457,1.96771446709354,1.2942101262835,1.20257572297271,2.05942193849789,1.27673050543826,0,0,0,0,1.11464269391646,2.58139463965431,1.03016645367673,1.62787399540524,1.37082364536879,1.45473339099819,0,1.83236153892946,1.49588225934354,3.04332111700611,2.90064730427663,1,1.25755024269656,1.36924943576479,1.75539915546177,0,0,0,0,0,2.23700446296524
"PISA4758",9,32,"(9,32)",0.28125,"pm033q01|pm155q01|pm155q04t|pm411q02|pm423q01|pm564q01|pm918q01|pm918q02|pm923q01",21.1779157791317,124.967526068713,11.6851525807729,68.9522342511883,0.169467352402312,16.9467352402312,0,68.9522342511883,TRUE,"ok","ok","item_rest",0,1,0,1,1,0,0,0,0,0,1,1,0,0,0,0,1,0,0,0,0,0,1,1,0,1,0,0,0,0,0,0,0,1.0000984769457,0,1.2942101262835,1.20257572297271,0,0,0,0,0,1.60594277149801,1.11464269391646,0,0,0,0,1.45473339099819,0,0,0,0,0,1,1.25755024269656,0,1.75539915546177,0,0,0,0,0,0
"PISA4773",13,32,"(13,32)",0.40625,"pm00fq01|pm033q01|pm155q01|pm305q01|pm411q02|pm423q01|pm474q01|pm564q01|pm918q01|pm918q02|pm918q05|pm923q01|pm923q03",32.281209355487,124.967526068713,17.8115193555749,68.9522342511883,0.258316783335674,25.8316783335674,0,68.9522342511883,TRUE,"ok","ok","item_rest",1,1,0,1,0,0,1,0,0,0,1,1,0,1,0,0,1,0,0,0,0,0,1,1,1,1,1,0,0,0,0,0,2.14097710825686,1.0000984769457,0,1.2942101262835,0,0,1.27673050543826,0,0,0,1.60594277149801,1.11464269391646,0,1.03016645367673,0,0,1.45473339099819,0,0,0,0,0,1,1.25755024269656,1.36924943576479,1.75539915546177,1.51181899463805,0,0,0,0,0
"PISA4791",19,32,"(19,32)",0.59375,"pm00fq01|pm033q01|pm155q01|pm155q04t|pm411q01|pm411q02|pm442q02|pm474q01|pm496q01t|pm496q02|pm564q01|pm803q01t|pm918q01|pm918q02|pm918q05|pm923q01|pm924q02|pm995q01|pm995q03",58.8344875302023,124.967526068713,32.4625884327782,68.9522342511883,0.470798209591283,47.0798209591283,0,68.9522342511883,TRUE,"ok","ok","item_rest",1,1,0,1,1,0,0,0,0,1,1,0,1,1,1,1,1,0,0,0,1,0,1,1,1,1,0,0,1,1,0,1,2.14097710825686,1.0000984769457,0,1.2942101262835,1.20257572297271,0,0,0,0,1.93071340341164,1.60594277149801,0,2.58139463965431,1.03016645367673,1.62787399540524,1.37082364536879,1.45473339099819,0,0,0,3.04332111700611,0,1,1.25755024269656,1.36924943576479,1.75539915546177,0,0,2.08739675468112,2.47315752973098,0,2.23700446296524
"PISA4795",9,32,"(9,32)",0.28125,"pm155q01|pm411q01|pm411q02|pm423q01|pm474q01|pm918q01|pm918q02|pm923q03|pm924q02",23.2572370959978,124.967526068713,12.8324414408021,68.9522342511883,0.18610624557943,18.610624557943,0,68.9522342511883,TRUE,"ok","ok","item_rest",0,0,0,1,0,0,0,0,0,1,1,1,0,1,0,0,0,0,0,0,0,0,1,1,0,0,1,0,1,0,0,0,0,0,0,1.2942101262835,0,0,0,0,0,1.93071340341164,1.60594277149801,1.11464269391646,0,1.03016645367673,0,0,0,0,0,0,0,0,1,1.25755024269656,0,0,1.51181899463805,0,2.08739675468112,0,0,0
"PISA4811",15,32,"(15,32)",0.46875,"pm00fq01|pm033q01|pm034q01t|pm155q04t|pm411q01|pm442q02|pm474q01|pm496q02|pm564q02|pm571q01|pm918q01|pm918q02|pm918q05|pm923q01|pm995q03",44.3127261109365,124.967526068713,24.450043681188,68.9522342511883,0.354593929358665,35.4593929358665,0,68.9522342511883,TRUE,"ok","ok","item_rest",1,1,1,0,1,0,0,0,0,1,0,0,1,1,0,1,0,1,1,0,0,0,1,1,1,1,0,0,0,0,0,1,2.14097710825686,1.0000984769457,1.96771446709354,0,1.20257572297271,0,0,0,0,1.93071340341164,0,0,2.58139463965431,1.03016645367673,0,1.37082364536879,0,1.77401492798991,1.83236153892946,0,0,0,1,1.25755024269656,1.36924943576479,1.75539915546177,0,0,0,0,0,2.23700446296524
"PISA4826",27,32,"(27,32)",0.84375,"pm00fq01|pm033q01|pm034q01t|pm155q01|pm155q04t|pm192q01t|pm305q01|pm406q01|pm411q01|pm411q02|pm423q01|pm442q02|pm474q01|pm496q01t|pm564q02|pm571q01|pm803q01t|pm903q03|pm918q01|pm918q02|pm918q05|pm923q01|pm923q03|pm923q04|pm924q02|pm995q01|pm995q03",92.8460191567465,124.967526068713,51.2288325101851,68.9522342511883,0.742961168213373,74.2961168213374,0,68.9522342511883,TRUE,"ok","ok","item_rest",1,1,1,1,1,1,1,1,0,1,1,1,1,1,1,0,0,1,1,0,1,1,1,1,1,1,1,1,1,1,0,1,2.14097710825686,1.0000984769457,1.96771446709354,1.2942101262835,1.20257572297271,2.05942193849789,1.27673050543826,2.80811908860377,0,1.93071340341164,1.60594277149801,1.11464269391646,2.58139463965431,1.03016645367673,1.62787399540524,0,0,1.77401492798991,1.83236153892946,0,3.04332111700611,2.90064730427663,1,1.25755024269656,1.36924943576479,1.75539915546177,1.51181899463805,4.34632965438984,2.08739675468112,2.47315752973098,0,2.23700446296524
"PISA4835",12,32,"(12,32)",0.375,"pm033q01|pm155q01|pm411q01|pm411q02|pm423q01|pm474q01|pm496q01t|pm603q01t|pm918q01|pm918q02|pm918q05|pm923q01",29.8711263330745,124.967526068713,16.4817290144039,68.9522342511883,0.239031108903043,23.9031108903043,0,68.9522342511883,TRUE,"ok","ok","item_rest",0,1,0,1,0,0,0,0,0,1,1,1,0,1,1,0,0,0,0,1,0,0,1,1,1,1,0,0,0,0,0,0,0,1.0000984769457,0,1.2942101262835,0,0,0,0,0,1.93071340341164,1.60594277149801,1.11464269391646,0,1.03016645367673,1.62787399540524,0,0,0,0,1.49588225934354,0,0,1,1.25755024269656,1.36924943576479,1.75539915546177,0,0,0,0,0,0
"PISA4848",16,32,"(16,32)",0.5,"pm00fq01|pm033q01|pm034q01t|pm155q01|pm411q01|pm411q02|pm423q01|pm474q01|pm564q02|pm571q01|pm603q01t|pm918q01|pm918q02|pm918q05|pm923q01|pm995q03",44.9577222291367,124.967526068713,24.8059275242337,68.9522342511883,0.359755239168428,35.9755239168427,0,68.9522342511883,TRUE,"ok","ok","item_rest",1,1,1,1,0,0,0,0,0,1,1,1,0,1,0,0,0,1,1,1,0,0,1,1,1,1,0,0,0,0,0,1,2.14097710825686,1.0000984769457,1.96771446709354,1.2942101262835,0,0,0,0,0,1.93071340341164,1.60594277149801,1.11464269391646,0,1.03016645367673,0,0,0,1.77401492798991,1.83236153892946,1.49588225934354,0,0,1,1.25755024269656,1.36924943576479,1.75539915546177,0,0,0,0,0,2.23700446296524
"PISA4874",5,32,"(5,32)",0.15625,"pm033q01|pm423q01|pm496q01t|pm496q02|pm918q05",11.7490828448168,124.967526068713,6.48268824740099,68.9522342511883,0.0940170875940726,9.40170875940726,0,68.9522342511883,TRUE,"ok","ok","item_rest",0,1,0,0,0,0,0,0,0,0,0,1,0,0,1,1,0,0,0,0,0,0,0,0,1,0,0,0,0,0,0,0,0,1.0000984769457,0,0,0,0,0,0,0,0,0,1.11464269391646,0,0,1.62787399540524,1.37082364536879,0,0,0,0,0,0,0,0,1.36924943576479,0,0,0,0,0,0,0
"PISA4879",23,32,"(23,32)",0.71875,"pm033q01|pm034q01t|pm155q01|pm155q04t|pm305q01|pm406q01|pm406q02|pm411q01|pm411q02|pm442q02|pm474q01|pm496q01t|pm496q02|pm564q01|pm564q02|pm571q01|pm603q01t|pm803q01t|pm918q01|pm918q02|pm918q05|pm923q01|pm923q03",74.2566085651482,124.967526068713,40.9719167015244,68.9522342511883,0.594207238481446,59.4207238481446,0,68.9522342511883,TRUE,"ok","ok","item_rest",0,1,1,1,1,0,1,1,1,1,1,0,1,1,1,1,1,1,1,1,1,0,1,1,1,1,1,0,0,0,0,0,0,1.0000984769457,1.96771446709354,1.2942101262835,1.20257572297271,0,1.27673050543826,2.80811908860377,4.7812223423438,1.93071340341164,1.60594277149801,0,2.58139463965431,1.03016645367673,1.62787399540524,1.37082364536879,1.45473339099819,1.77401492798991,1.83236153892946,1.49588225934354,3.04332111700611,0,1,1.25755024269656,1.36924943576479,1.75539915546177,1.51181899463805,0,0,0,0,0
"PISA4881",19,32,"(19,32)",0.59375,"pm033q01|pm155q01|pm155q04t|pm192q01t|pm411q01|pm474q01|pm496q01t|pm496q02|pm564q01|pm564q02|pm571q01|pm603q01t|pm803q01t|pm918q01|pm918q02|pm918q05|pm923q01|pm923q03|pm995q01",55.2473994616831,124.967526068713,30.4833723551215,68.9522342511883,0.442094047947347,44.2094047947347,0,68.9522342511883,TRUE,"ok","ok","item_rest",0,1,0,1,1,1,0,0,0,1,0,0,0,1,1,1,1,1,1,1,1,0,1,1,1,1,1,0,0,1,0,0,0,1.0000984769457,0,1.2942101262835,1.20257572297271,2.05942193849789,0,0,0,1.93071340341164,0,0,0,1.03016645367673,1.62787399540524,1.37082364536879,1.45473339099819,1.77401492798991,1.83236153892946,1.49588225934354,3.04332111700611,0,1,1.25755024269656,1.36924943576479,1.75539915546177,1.51181899463805,0,0,2.47315752973098,0,0
"PISA4898",22,32,"(22,32)",0.6875,"pm00fq01|pm033q01|pm034q01t|pm155q01|pm305q01|pm411q01|pm411q02|pm442q02|pm474q01|pm496q01t|pm496q02|pm564q01|pm564q02|pm603q01t|pm903q03|pm918q01|pm918q05|pm923q01|pm923q03|pm924q02|pm995q01|pm995q03",68.6636694487957,124.967526068713,37.8859498088828,68.9522342511883,0.549452098547914,54.9452098547914,0,68.9522342511883,TRUE,"ok","ok","item_rest",1,1,1,1,0,0,1,0,0,1,1,0,1,1,1,1,1,1,0,1,0,1,1,0,1,1,1,0,1,1,0,1,2.14097710825686,1.0000984769457,1.96771446709354,1.2942101262835,0,0,1.27673050543826,0,0,1.93071340341164,1.60594277149801,0,2.58139463965431,1.03016645367673,1.62787399540524,1.37082364536879,1.45473339099819,1.77401492798991,0,1.49588225934354,0,2.90064730427663,1,0,1.36924943576479,1.75539915546177,1.51181899463805,0,2.08739675468112,2.47315752973098,0,2.23700446296524
"PISA4907",24,32,"(24,32)",0.75,"pm00fq01|pm033q01|pm034q01t|pm155q01|pm155q04t|pm305q01|pm406q01|pm411q01|pm411q02|pm442q02|pm474q01|pm496q01t|pm496q02|pm564q01|pm603q01t|pm803q01t|pm903q03|pm918q01|pm918q02|pm918q05|pm923q01|pm924q02|pm995q01|pm995q03",77.772197005854,124.967526068713,42.911682057534,68.9522342511883,0.622339254464324,62.2339254464324,0,68.9522342511883,TRUE,"ok","ok","item_rest",1,1,1,1,1,0,1,1,0,1,1,0,1,1,1,1,1,0,0,1,1,1,1,1,1,1,0,0,1,1,0,1,2.14097710825686,1.0000984769457,1.96771446709354,1.2942101262835,1.20257572297271,0,1.27673050543826,2.80811908860377,0,1.93071340341164,1.60594277149801,0,2.58139463965431,1.03016645367673,1.62787399540524,1.37082364536879,1.45473339099819,0,0,1.49588225934354,3.04332111700611,2.90064730427663,1,1.25755024269656,1.36924943576479,1.75539915546177,0,0,2.08739675468112,2.47315752973098,0,2.23700446296524
"PISA4928",31,32,"(31,32)",0.96875,"pm00fq01|pm033q01|pm034q01t|pm155q01|pm155q04t|pm192q01t|pm406q01|pm406q02|pm411q01|pm411q02|pm423q01|pm442q02|pm474q01|pm496q01t|pm496q02|pm564q01|pm564q02|pm571q01|pm603q01t|pm803q01t|pm903q03|pm918q01|pm918q02|pm918q05|pm923q01|pm923q03|pm923q04|pm924q02|pm995q01|pm995q02|pm995q03",122.653607535779,124.967526068713,67.6755037457501,68.9522342511883,0.981483841396825,98.1483841396826,0,68.9522342511883,TRUE,"ok","ok","item_rest",1,1,1,1,1,1,0,1,1,1,1,1,1,1,1,1,1,1,1,1,1,1,1,1,1,1,1,1,1,1,1,1,2.14097710825686,1.0000984769457,1.96771446709354,1.2942101262835,1.20257572297271,2.05942193849789,0,2.80811908860377,4.7812223423438,1.93071340341164,1.60594277149801,1.11464269391646,2.58139463965431,1.03016645367673,1.62787399540524,1.37082364536879,1.45473339099819,1.77401492798991,1.83236153892946,1.49588225934354,3.04332111700611,2.90064730427663,1,1.25755024269656,1.36924943576479,1.75539915546177,1.51181899463805,4.34632965438984,2.08739675468112,2.47315752973098,8.62074010294895,2.23700446296524
"PISA4935",10,32,"(10,32)",0.3125,"pm00fq01|pm155q01|pm411q01|pm411q02|pm423q01|pm474q01|pm496q02|pm564q01|pm918q01|pm918q05",25.9377763278051,124.967526068713,14.311459029175,68.9522342511883,0.207556131930973,20.7556131930973,0,68.9522342511883,TRUE,"ok","ok","item_rest",1,0,0,1,0,0,0,0,0,1,1,1,0,1,0,1,1,0,0,0,0,0,1,0,1,0,0,0,0,0,0,0,2.14097710825686,0,0,1.2942101262835,0,0,0,0,0,1.93071340341164,1.60594277149801,1.11464269391646,0,1.03016645367673,0,1.37082364536879,1.45473339099819,0,0,0,0,0,1,0,1.36924943576479,0,0,0,0,0,0,0
"PISA4943",30,32,"(30,32)",0.9375,"pm00fq01|pm033q01|pm034q01t|pm155q01|pm155q04t|pm305q01|pm406q01|pm406q02|pm411q01|pm411q02|pm423q01|pm442q02|pm474q01|pm496q01t|pm496q02|pm564q01|pm564q02|pm571q01|pm603q01t|pm803q01t|pm903q03|pm918q01|pm918q02|pm918q05|pm923q01|pm923q03|pm923q04|pm924q02|pm995q01|pm995q03",105.611033232376,124.967526068713,58.2720722097415,68.9522342511883,0.845107817644607,84.5107817644607,0,68.9522342511883,TRUE,"ok","ok","item_rest",1,1,1,1,1,0,1,1,1,1,1,1,1,1,1,1,1,1,1,1,1,1,1,1,1,1,1,1,1,1,0,1,2.14097710825686,1.0000984769457,1.96771446709354,1.2942101262835,1.20257572297271,0,1.27673050543826,2.80811908860377,4.7812223423438,1.93071340341164,1.60594277149801,1.11464269391646,2.58139463965431,1.03016645367673,1.62787399540524,1.37082364536879,1.45473339099819,1.77401492798991,1.83236153892946,1.49588225934354,3.04332111700611,2.90064730427663,1,1.25755024269656,1.36924943576479,1.75539915546177,1.51181899463805,4.34632965438984,2.08739675468112,2.47315752973098,0,2.23700446296524
"PISA4956",29,32,"(29,32)",0.90625,"pm00fq01|pm033q01|pm034q01t|pm155q01|pm155q04t|pm192q01t|pm305q01|pm406q01|pm406q02|pm411q02|pm423q01|pm442q02|pm474q01|pm496q01t|pm496q02|pm564q02|pm571q01|pm603q01t|pm803q01t|pm903q03|pm918q01|pm918q02|pm918q05|pm923q01|pm923q03|pm924q02|pm995q01|pm995q02|pm995q03",110.954623000149,124.967526068713,61.2204578023887,68.9522342511883,0.887867644424207,88.7867644424207,0,68.9522342511883,TRUE,"ok","ok","item_rest",1,1,1,1,1,1,1,1,1,0,1,1,1,1,1,1,0,1,1,1,1,1,1,1,1,1,1,0,1,1,1,1,2.14097710825686,1.0000984769457,1.96771446709354,1.2942101262835,1.20257572297271,2.05942193849789,1.27673050543826,2.80811908860377,4.7812223423438,0,1.60594277149801,1.11464269391646,2.58139463965431,1.03016645367673,1.62787399540524,1.37082364536879,0,1.77401492798991,1.83236153892946,1.49588225934354,3.04332111700611,2.90064730427663,1,1.25755024269656,1.36924943576479,1.75539915546177,1.51181899463805,0,2.08739675468112,2.47315752973098,8.62074010294895,2.23700446296524
"PISA4957",26,32,"(26,32)",0.8125,"pm033q01|pm034q01t|pm155q01|pm155q04t|pm192q01t|pm305q01|pm406q01|pm406q02|pm411q01|pm411q02|pm423q01|pm442q02|pm474q01|pm496q01t|pm496q02|pm564q01|pm564q02|pm571q01|pm603q01t|pm903q03|pm918q01|pm918q02|pm918q05|pm923q01|pm923q03|pm995q01",84.2329319841426,124.967526068713,46.4764650509402,68.9522342511883,0.674038565329582,67.4038565329582,0,68.9522342511883,TRUE,"ok","ok","item_rest",0,1,1,1,1,1,1,1,1,1,1,1,1,1,1,1,1,1,1,1,0,1,1,1,1,1,1,0,0,1,0,0,0,1.0000984769457,1.96771446709354,1.2942101262835,1.20257572297271,2.05942193849789,1.27673050543826,2.80811908860377,4.7812223423438,1.93071340341164,1.60594277149801,1.11464269391646,2.58139463965431,1.03016645367673,1.62787399540524,1.37082364536879,1.45473339099819,1.77401492798991,1.83236153892946,1.49588225934354,0,2.90064730427663,1,1.25755024269656,1.36924943576479,1.75539915546177,1.51181899463805,0,0,2.47315752973098,0,0
"PISA4970",5,32,"(5,32)",0.15625,"pm033q01|pm305q01|pm474q01|pm918q05|pm923q03",11.2151120401703,124.967526068713,6.18806386646352,68.9522342511883,0.0897442111001193,8.97442111001193,0,68.9522342511883,TRUE,"ok","ok","item_rest",0,1,0,0,0,0,1,0,0,0,0,0,0,1,0,0,0,0,0,0,0,0,0,0,1,0,1,0,0,0,0,0,0,1.0000984769457,0,0,0,0,1.27673050543826,0,0,0,0,0,0,1.03016645367673,0,0,0,0,0,0,0,0,0,0,1.36924943576479,0,1.51181899463805,0,0,0,0,0
