"person","calibration","audit","fold","number_correct","raw_proportion","full_weighted","crossfit_weighted","raw_midrank_percentile","weighted_midrank_percentile"
1,TRUE,FALSE,3,26,0.928571428571429,0.92448593982149,0.924079806348448,90.9479808350445,90.9993155373032
2,FALSE,TRUE,5,26,0.928571428571429,0.932735758283544,0.932509832402947,90.9479808350445,92.7618069815195
3,TRUE,FALSE,1,27,0.964285714285714,0.96086303624016,0.961177657477215,95.4312114989733,95.0034223134839
4,TRUE,FALSE,4,28,1,1,1,98.6652977412731,98.6652977412731
5,TRUE,FALSE,3,24,0.857142857142857,0.836264891113499,0.835832342309333,78.5420944558522,77.2245037645448
6,TRUE,FALSE,4,27,0.964285714285714,0.964590135644942,0.964691262574348,95.4312114989733,95.7734428473648
7,TRUE,FALSE,3,27,0.964285714285714,0.964590135644942,0.964284340161424,95.4312114989733,95.7734428473648
8,TRUE,FALSE,5,19,0.678571428571429,0.659617683395754,0.660481071301379,39.2026009582478,40.845311430527
9,FALSE,TRUE,1,26,0.928571428571429,0.892854833847045,0.894191290111034,90.9479808350445,86.9609856262834
10,FALSE,TRUE,4,20,0.714285714285714,0.680751114044338,0.680273392289727,47.1594798083504,45.3285420944559
11,TRUE,FALSE,4,23,0.821428571428571,0.824416607603348,0.824487304337271,71.1327857631759,74.555099247091
12,TRUE,FALSE,1,23,0.821428571428571,0.812826667279723,0.812264113555568,71.1327857631759,72.296372347707
13,TRUE,FALSE,4,24,0.857142857142857,0.841450945181806,0.840840754871188,78.5420944558522,78.1143052703628
14,TRUE,FALSE,3,16,0.571428571428571,0.555656651624516,0.556351604063671,19.4216290212183,21.7830253251198
15,TRUE,FALSE,4,18,0.642857142857143,0.600917087339584,0.599239870991023,31.6392881587953,29.9623545516769
16,FALSE,TRUE,5,25,0.892857142857143,0.881506153870752,0.881920123536386,85.2669404517454,84.8049281314168
17,TRUE,FALSE,5,22,0.785714285714286,0.798632860456033,0.799467721581234,62.9876796714579,69.2847364818617
18,FALSE,TRUE,2,23,0.821428571428571,0.824200971901889,0.822392187755219,71.1327857631759,74.4182067077344
19,TRUE,FALSE,4,25,0.892857142857143,0.895321951060022,0.895602070327023,85.2669404517454,87.4572210814511
20,TRUE,FALSE,2,26,0.928571428571429,0.91391477534421,0.914092960250069,90.9479808350445,89.6817248459959
21,TRUE,FALSE,2,17,0.607142857142857,0.599036646031133,0.600764812120572,25.2908966461328,29.3805612594114
22,TRUE,FALSE,4,26,0.928571428571429,0.935064159762831,0.935345265406822,90.9479808350445,93.0013689253936
23,FALSE,TRUE,3,24,0.857142857142857,0.837053639815894,0.836350190758562,78.5420944558522,77.4298425735797
24,TRUE,FALSE,3,16,0.571428571428571,0.536062665825692,0.536367194164319,19.4216290212183,18.9082819986311
25,FALSE,TRUE,2,13,0.464285714285714,0.441108968593437,0.441632676744874,8.02532511978097,8.57289527720739
26,FALSE,TRUE,1,24,0.857142857142857,0.829191183955264,0.83032049755934,78.5420944558522,75.5475701574264
27,FALSE,TRUE,5,22,0.785714285714286,0.774830607677651,0.775168290245719,62.9876796714579,64.4250513347023
28,TRUE,FALSE,1,19,0.678571428571429,0.681021727529231,0.680751357660943,39.2026009582478,45.3969883641342
29,TRUE,FALSE,1,21,0.75,0.751082087438924,0.751532938444873,54.7741273100616,59.4969199178645
30,TRUE,FALSE,1,25,0.892857142857143,0.87107123783372,0.870336242520736,85.2669404517454,83.1793292265572
31,TRUE,FALSE,3,16,0.571428571428571,0.53280381324487,0.532139300689646,19.4216290212183,18.5660506502396
32,TRUE,FALSE,3,25,0.892857142857143,0.882312645452571,0.881313429063218,85.2669404517454,85.1642710472279
33,FALSE,TRUE,3,18,0.642857142857143,0.628860257215237,0.628538013965985,31.6392881587953,34.2060232717317
34,TRUE,FALSE,5,24,0.857142857142857,0.848724817859492,0.848754996942057,78.5420944558522,79.7227926078029
35,TRUE,FALSE,3,27,0.964285714285714,0.968867984171651,0.968747603233884,95.4312114989733,96.9712525667351
36,TRUE,FALSE,5,19,0.678571428571429,0.639908312494,0.64052529800522,39.2026009582478,36.533196440794
37,TRUE,FALSE,4,21,0.75,0.76449757243802,0.765472783732987,54.7741273100616,62.4058863791923
38,TRUE,FALSE,4,19,0.678571428571429,0.686277415481942,0.685501231728566,39.2026009582478,46.7316906228611
39,TRUE,FALSE,5,27,0.964285714285714,0.962265824250413,0.962494062421024,95.4312114989733,95.1745379876797
40,TRUE,FALSE,2,18,0.642857142857143,0.635454947995989,0.635623397237366,31.6392881587953,35.5749486652977
41,TRUE,FALSE,4,18,0.642857142857143,0.600639401891023,0.599010633482329,31.6392881587953,29.8596851471595
42,TRUE,FALSE,1,21,0.75,0.707331414198984,0.708124603278492,54.7741273100616,50.6331279945243
43,TRUE,FALSE,3,27,0.964285714285714,0.968581223658336,0.968257196100072,95.4312114989733,96.8001368925394
44,FALSE,TRUE,3,23,0.821428571428571,0.815571977556082,0.815590504508675,71.1327857631759,73.0492813141684
45,TRUE,FALSE,4,21,0.75,0.732883348068518,0.733044938008727,54.7741273100616,55.9377138945927
46,TRUE,FALSE,5,20,0.714285714285714,0.684895836854123,0.684523159315102,47.1594798083504,46.4579055441478
47,TRUE,FALSE,1,24,0.857142857142857,0.834963322679317,0.833906975959534,78.5420944558522,76.9164955509925
48,TRUE,FALSE,4,24,0.857142857142857,0.843782384039568,0.84309267000032,78.5420944558522,78.7303216974675
49,TRUE,FALSE,3,20,0.714285714285714,0.688294405925335,0.688478385459757,47.1594798083504,47.2108145106092
50,FALSE,TRUE,2,25,0.892857142857143,0.877388448728978,0.877436673772018,85.2669404517454,84.1375770020534
51,TRUE,FALSE,5,21,0.75,0.754741438621963,0.755484395437262,54.7741273100616,60.1813826146475
52,TRUE,FALSE,1,15,0.535714285714286,0.502285523308368,0.501825746802116,14.5448323066393,14.596167008898
53,FALSE,TRUE,4,19,0.678571428571429,0.642420574091092,0.643041342121265,39.2026009582478,37.2518822724162
54,TRUE,FALSE,3,27,0.964285714285714,0.960675975792669,0.96022316603363,95.4312114989733,94.6954140999316
55,TRUE,FALSE,1,24,0.857142857142857,0.853567783087458,0.853681520309448,78.5420944558522,80.5099247091034
56,TRUE,FALSE,4,14,0.5,0.48178333312692,0.482618024201795,10.9856262833676,12.0294318959617
57,TRUE,FALSE,4,22,0.785714285714286,0.773053623915321,0.773138448582022,62.9876796714579,64.0485968514716
58,TRUE,FALSE,4,27,0.964285714285714,0.960675975792669,0.960897717088176,95.4312114989733,94.6954140999316
59,TRUE,FALSE,3,20,0.714285714285714,0.69648135921614,0.697575199429056,47.1594798083504,48.6481861738535
60,TRUE,FALSE,4,27,0.964285714285714,0.962930763372866,0.963153403736925,95.4312114989733,95.3456536618754
61,FALSE,TRUE,3,25,0.892857142857143,0.898125183622656,0.897227965367587,85.2669404517454,87.9363449691992
62,FALSE,TRUE,3,19,0.678571428571429,0.650066519581846,0.648536665734612,39.2026009582478,38.9630390143737
63,TRUE,FALSE,3,13,0.464285714285714,0.436958949931299,0.436454402606442,8.02532511978097,8.19644079397673
64,TRUE,FALSE,2,19,0.678571428571429,0.647162348855982,0.646820175864484,39.2026009582478,38.3812457221081
65,TRUE,FALSE,4,17,0.607142857142857,0.59408958331159,0.592448678635937,25.2908966461328,28.4565366187543
66,FALSE,TRUE,5,23,0.821428571428571,0.838298669074593,0.839063167520141,71.1327857631759,77.703627652293
67,TRUE,FALSE,5,23,0.821428571428571,0.797459524204347,0.7982795027613,71.1327857631759,68.9425051334702
68,TRUE,FALSE,5,21,0.75,0.730322199200023,0.732067755831534,54.7741273100616,55.6981519507187
69,TRUE,FALSE,4,19,0.678571428571429,0.64554132318337,0.644980487486113,39.2026009582478,37.9705681040383
70,FALSE,TRUE,3,26,0.928571428571429,0.93907739754643,0.938879255636368,90.9479808350445,93.3093771389459
71,TRUE,FALSE,4,19,0.678571428571429,0.642617680516976,0.641505909961294,39.2026009582478,37.3545516769336
72,TRUE,FALSE,4,21,0.75,0.712993624535519,0.713410290662149,54.7741273100616,51.8993839835729
73,TRUE,FALSE,4,21,0.75,0.736157947185293,0.734725183457879,54.7741273100616,56.5195071868583
74,TRUE,FALSE,4,17,0.607142857142857,0.611101481676552,0.613163985483222,25.2908966461328,31.3655030800821
75,TRUE,FALSE,2,23,0.821428571428571,0.817093649154823,0.818385845560055,71.1327857631759,73.2546201232033
76,TRUE,FALSE,1,26,0.928571428571429,0.921820023209877,0.921407611113954,90.9479808350445,90.6399726214921
77,TRUE,FALSE,3,24,0.857142857142857,0.829637403148724,0.828889644355908,78.5420944558522,75.7186858316222
78,FALSE,TRUE,4,10,0.357142857142857,0.335312422937423,0.335834366615064,2.56673511293634,2.82340862422998
79,FALSE,TRUE,2,18,0.642857142857143,0.597796050909884,0.597601253802492,31.6392881587953,29.1067761806982
80,FALSE,TRUE,5,28,1,1,1,98.6652977412731,98.6652977412731
81,TRUE,FALSE,1,27,0.964285714285714,0.960675975792669,0.960370954279214,95.4312114989733,94.6954140999316
82,FALSE,TRUE,3,16,0.571428571428571,0.534677323819761,0.533685686710646,19.4216290212183,18.7029431895962
83,TRUE,FALSE,2,24,0.857142857142857,0.82431003738526,0.824557646271707,78.5420944558522,74.5208761122519
84,TRUE,FALSE,2,17,0.607142857142857,0.590637167686826,0.590241566886213,25.2908966461328,27.5667351129363
85,TRUE,FALSE,5,24,0.857142857142857,0.855865285144568,0.856950452197195,78.5420944558522,80.886379192334
86,TRUE,FALSE,5,18,0.642857142857143,0.624276818200692,0.624617196266695,31.6392881587953,33.3504449007529
87,TRUE,FALSE,3,17,0.607142857142857,0.572580481209033,0.571190122236668,25.2908966461328,24.9315537303217
88,TRUE,FALSE,5,13,0.464285714285714,0.444877796377715,0.446178888701025,8.02532511978097,8.74401095140315
89,TRUE,FALSE,5,17,0.607142857142857,0.594833334187539,0.594106568515781,25.2908966461328,28.62765229295
90,FALSE,TRUE,1,15,0.535714285714286,0.507217947003289,0.507888110036235,14.5448323066393,15.041067761807
91,TRUE,FALSE,1,21,0.75,0.73024887150785,0.730558503017323,54.7741273100616,55.6639288158795
92,TRUE,FALSE,5,16,0.571428571428571,0.565823354833157,0.567183500315453,19.4216290212183,23.5626283367556
93,FALSE,TRUE,3,24,0.857142857142857,0.845789274400702,0.844502733193841,78.5420944558522,78.9698836413415
94,TRUE,FALSE,1,20,0.714285714285714,0.671297767964168,0.672246923072849,47.1594798083504,43.5831622176591
95,FALSE,TRUE,4,25,0.892857142857143,0.898987294514779,0.898566511434828,85.2669404517454,88.0732375085558
96,TRUE,FALSE,4,27,0.964285714285714,0.966667611783339,0.966337509178458,95.4312114989733,96.2183436002738
97,TRUE,FALSE,5,16,0.571428571428571,0.573844481825941,0.574085203557429,19.4216290212183,25.1711156741958
98,TRUE,FALSE,3,26,0.928571428571429,0.920830178078083,0.920754620489448,90.9479808350445,90.5715263518138
99,TRUE,FALSE,2,23,0.821428571428571,0.800343332812625,0.798228442017561,71.1327857631759,69.5242984257358
100,TRUE,FALSE,2,20,0.714285714285714,0.677057511698404,0.677076128118579,47.1594798083504,44.6098562628337
101,TRUE,FALSE,2,20,0.714285714285714,0.700059576514183,0.699868306575138,47.1594798083504,49.4695414099932
102,TRUE,FALSE,2,14,0.5,0.487630990668868,0.487762828316104,10.9856262833676,12.782340862423
103,TRUE,FALSE,3,27,0.964285714285714,0.968867984171651,0.968747603233884,95.4312114989733,96.9712525667351
104,FALSE,TRUE,3,19,0.678571428571429,0.666329936840438,0.666128412119109,39.2026009582478,42.4880219028063
105,TRUE,FALSE,5,22,0.785714285714286,0.786345416581651,0.786461076965636,62.9876796714579,66.9233401779603
106,FALSE,TRUE,3,27,0.964285714285714,0.962265824250413,0.962105235759591,95.4312114989733,95.1745379876797
107,FALSE,TRUE,5,23,0.821428571428571,0.80402240355504,0.80482624458742,71.1327857631759,70.3114305270363
108,TRUE,FALSE,1,16,0.571428571428571,0.521744738674796,0.521981524386492,19.4216290212183,16.6153319644079
109,TRUE,FALSE,3,23,0.821428571428571,0.826971435631888,0.827280834879465,71.1327857631759,74.9657768651608
110,TRUE,FALSE,4,22,0.785714285714286,0.769567705178306,0.769420365019764,62.9876796714579,63.3983572895277
111,FALSE,TRUE,4,28,1,1,1,98.6652977412731,98.6652977412731
112,TRUE,FALSE,5,15,0.535714285714286,0.495134712980218,0.496287726292677,14.5448323066393,13.7748117727584
113,TRUE,FALSE,1,23,0.821428571428571,0.814643406462669,0.814658859305403,71.1327857631759,72.8781656399726
114,FALSE,TRUE,3,24,0.857142857142857,0.856159625799518,0.856375161685561,78.5420944558522,80.9548254620123
115,TRUE,FALSE,3,23,0.821428571428571,0.805679911437953,0.805760241526145,71.1327857631759,70.7563312799452
116,TRUE,FALSE,4,22,0.785714285714286,0.764482528166549,0.764089367005339,62.9876796714579,62.3716632443532
117,FALSE,TRUE,3,26,0.928571428571429,0.930434531136564,0.929909068510214,90.9479808350445,92.2142368240931
118,TRUE,FALSE,1,23,0.821428571428571,0.817186295208466,0.817041003908325,71.1327857631759,73.3230663928816
119,FALSE,TRUE,2,24,0.857142857142857,0.846949118828077,0.846654628983936,78.5420944558522,79.3463381245722
120,TRUE,FALSE,3,27,0.964285714285714,0.957784099948844,0.957749510684135,95.4312114989733,94.3018480492813
121,TRUE,FALSE,3,24,0.857142857142857,0.857215852449509,0.856261709071699,78.5420944558522,81.0917180013689
122,TRUE,FALSE,5,26,0.928571428571429,0.93907739754643,0.939721175280961,90.9479808350445,93.3093771389459
123,TRUE,FALSE,4,26,0.928571428571429,0.925375478475386,0.925459609248501,90.9479808350445,91.1533196440794
124,TRUE,FALSE,2,24,0.857142857142857,0.870897265587694,0.870361499467625,78.5420944558522,83.145106091718
125,TRUE,FALSE,3,24,0.857142857142857,0.841122216764222,0.842062568919573,78.5420944558522,78.0458590006845
126,TRUE,FALSE,1,22,0.785714285714286,0.746168442579909,0.747267884817604,62.9876796714579,58.4702258726899
127,FALSE,TRUE,5,16,0.571428571428571,0.54867001259272,0.549699976840848,19.4216290212183,20.6536618754278
128,TRUE,FALSE,3,10,0.357142857142857,0.348034351655792,0.347536965064878,2.56673511293634,3.3025325119781
129,TRUE,FALSE,2,15,0.535714285714286,0.502148529489043,0.503645914925481,14.5448323066393,14.5277207392197
130,FALSE,TRUE,5,24,0.857142857142857,0.829220131548894,0.829137340986933,78.5420944558522,75.5817932922656
131,TRUE,FALSE,4,20,0.714285714285714,0.676925154847303,0.675727059406244,47.1594798083504,44.5414099931554
132,TRUE,FALSE,3,27,0.964285714285714,0.966667611783339,0.96736148961951,95.4312114989733,96.2183436002738
133,FALSE,TRUE,3,13,0.464285714285714,0.460722281837392,0.459497379704806,8.02532511978097,10.3524982888433
134,TRUE,FALSE,4,17,0.607142857142857,0.562019856136679,0.560906115107586,25.2908966461328,22.9808350444901
135,TRUE,FALSE,1,27,0.964285714285714,0.966667611783339,0.966817258221901,95.4312114989733,96.2183436002738
136,TRUE,FALSE,4,20,0.714285714285714,0.666235665994375,0.665755760346748,47.1594798083504,42.4537987679671
137,TRUE,FALSE,3,17,0.607142857142857,0.56814324506585,0.568033355865417,25.2908966461328,23.9048596851472
138,TRUE,FALSE,4,18,0.642857142857143,0.622761679632197,0.62371580863122,31.6392881587953,33.0082135523614
139,TRUE,FALSE,4,26,0.928571428571429,0.905399560361742,0.905204211319941,90.9479808350445,88.6550308008214
140,TRUE,FALSE,5,18,0.642857142857143,0.660335790938226,0.660634522046606,31.6392881587953,41.0848733744011
141,TRUE,FALSE,5,17,0.607142857142857,0.588434692951822,0.589607573723281,25.2908966461328,27.3271731690623
142,TRUE,FALSE,5,26,0.928571428571429,0.931798747544517,0.932023374411847,90.9479808350445,92.5051334702259
143,FALSE,TRUE,2,21,0.75,0.74978638035075,0.749318489587593,54.7741273100616,59.0177960301164
144,TRUE,FALSE,2,19,0.678571428571429,0.674904708961236,0.674017452509422,39.2026009582478,44.0622861054073
145,TRUE,FALSE,5,19,0.678571428571429,0.668689264507215,0.668545955041633,39.2026009582478,43.0355920602327
146,FALSE,TRUE,2,24,0.857142857142857,0.838046295227214,0.836170618490752,78.5420944558522,77.5667351129363
147,TRUE,FALSE,1,23,0.821428571428571,0.813364198187407,0.81269802809221,71.1327857631759,72.4674880219028
148,TRUE,FALSE,5,22,0.785714285714286,0.763951544677874,0.765578166010211,62.9876796714579,62.1321013004791
149,TRUE,FALSE,2,22,0.785714285714286,0.760550132917739,0.760237568279475,62.9876796714579,61.4134154688569
150,FALSE,TRUE,3,23,0.821428571428571,0.83513208460418,0.83499255577137,71.1327857631759,76.9849418206708
151,TRUE,FALSE,2,21,0.75,0.740116803272458,0.740024475413324,54.7741273100616,57.2381930184805
152,TRUE,FALSE,2,19,0.678571428571429,0.677784764325729,0.676481833136503,39.2026009582478,44.7467488021903
153,FALSE,TRUE,4,21,0.75,0.708222640435816,0.707868199005399,54.7741273100616,50.80424366872
154,FALSE,TRUE,4,28,1,1,1,98.6652977412731,98.6652977412731
155,TRUE,FALSE,4,22,0.785714285714286,0.787737994348916,0.789049814850915,62.9876796714579,67.2313483915127
156,FALSE,TRUE,3,26,0.928571428571429,0.931056886407729,0.93082878304533,90.9479808350445,92.3169062286105
157,TRUE,FALSE,2,25,0.892857142857143,0.880593331088768,0.879696188083036,85.2669404517454,84.5824777549624
158,FALSE,TRUE,4,20,0.714285714285714,0.683757816829196,0.682214892318465,47.1594798083504,46.047227926078
159,FALSE,TRUE,4,27,0.964285714285714,0.962265824250413,0.962916280913626,95.4312114989733,95.1745379876797
160,TRUE,FALSE,1,25,0.892857142857143,0.898648264934271,0.898979755906427,85.2669404517454,87.9705681040383
161,TRUE,FALSE,3,24,0.857142857142857,0.856298953192866,0.856151370193463,78.5420944558522,80.9890485968515
162,TRUE,FALSE,1,21,0.75,0.734188586091708,0.734882788000499,54.7741273100616,56.1772758384668
163,TRUE,FALSE,2,22,0.785714285714286,0.774854727679632,0.774422970914306,62.9876796714579,64.4592744695414
164,TRUE,FALSE,3,24,0.857142857142857,0.862945367059579,0.861843503267073,78.5420944558522,82.1526351813826
165,TRUE,FALSE,1,26,0.928571428571429,0.933458119816593,0.933071449686366,90.9479808350445,92.8473648186174
166,FALSE,TRUE,5,26,0.928571428571429,0.937972289141602,0.937573727668051,90.9479808350445,93.2067077344285
167,TRUE,FALSE,1,28,1,1,1,98.6652977412731,98.6652977412731
168,FALSE,TRUE,4,27,0.964285714285714,0.948131249277973,0.94739044607848,95.4312114989733,93.8911704312115
169,TRUE,FALSE,3,26,0.928571428571429,0.939465947295758,0.940199746586071,90.9479808350445,93.4804928131417
170,TRUE,FALSE,4,17,0.607142857142857,0.589457069304195,0.589152948983379,25.2908966461328,27.3956194387406
171,TRUE,FALSE,2,23,0.821428571428571,0.825084822550645,0.823579791665628,71.1327857631759,74.5893223819302
172,TRUE,FALSE,4,25,0.892857142857143,0.887630300573022,0.887897435102122,85.2669404517454,85.9856262833676
173,FALSE,TRUE,5,20,0.714285714285714,0.684493646023001,0.686317284151267,47.1594798083504,46.2525667351129
174,TRUE,FALSE,5,17,0.607142857142857,0.556763953017458,0.55686813857066,25.2908966461328,22.1594798083504
175,TRUE,FALSE,5,19,0.678571428571429,0.638546141345298,0.640760369569059,39.2026009582478,36.2936344969199
176,TRUE,FALSE,4,28,1,1,1,98.6652977412731,98.6652977412731
177,TRUE,FALSE,2,28,1,1,1,98.6652977412731,98.6652977412731
178,TRUE,FALSE,1,27,0.964285714285714,0.962265824250413,0.962302904934195,95.4312114989733,95.1745379876797
179,FALSE,TRUE,5,18,0.642857142857143,0.617280708001052,0.617997199838956,31.6392881587953,32.3921971252567
180,TRUE,FALSE,3,24,0.857142857142857,0.864244421578437,0.864202743896766,78.5420944558522,82.2895277207392
181,TRUE,FALSE,4,19,0.678571428571429,0.632391015193455,0.632438791240711,39.2026009582478,34.9247091033539
182,TRUE,FALSE,2,21,0.75,0.776383371764254,0.776696008129657,54.7741273100616,65.0068446269678
183,FALSE,TRUE,4,26,0.928571428571429,0.905399560361742,0.905204211319941,90.9479808350445,88.6550308008214
184,FALSE,TRUE,5,21,0.75,0.726597210668175,0.72753604615158,54.7741273100616,54.8083504449008
185,TRUE,FALSE,4,22,0.785714285714286,0.785032966370917,0.784908064820198,62.9876796714579,66.6495550992471
186,FALSE,TRUE,4,27,0.964285714285714,0.964590135644942,0.964691262574348,95.4312114989733,95.7734428473648
187,TRUE,FALSE,2,20,0.714285714285714,0.704613607151487,0.706051343395691,47.1594798083504,50.2908966461328
188,TRUE,FALSE,2,24,0.857142857142857,0.83293020838524,0.832187702428677,78.5420944558522,76.4715947980835
189,TRUE,FALSE,4,22,0.785714285714286,0.775036819059947,0.77395182859477,62.9876796714579,64.6303901437372
190,TRUE,FALSE,1,20,0.714285714285714,0.701644055759045,0.701193443617919,47.1594798083504,49.6064339493498
191,TRUE,FALSE,1,26,0.928571428571429,0.923621004992395,0.923050119778875,90.9479808350445,90.8795345653662
192,TRUE,FALSE,5,25,0.892857142857143,0.888669489116292,0.889336050591237,85.2669404517454,86.0540725530459
193,FALSE,TRUE,5,21,0.75,0.73812483607522,0.737730327772523,54.7741273100616,56.8617385352498
194,TRUE,FALSE,2,19,0.678571428571429,0.667773865978557,0.668743649043845,39.2026009582478,42.864476386037
195,TRUE,FALSE,3,24,0.857142857142857,0.834839409278731,0.835763149061254,78.5420944558522,76.7796030116359
196,FALSE,TRUE,5,20,0.714285714285714,0.701476648952605,0.700775614870691,47.1594798083504,49.5379876796715
197,TRUE,FALSE,1,11,0.392857142857143,0.401140909968687,0.403219472981081,4.15811088295688,5.93771389459275
198,TRUE,FALSE,1,26,0.928571428571429,0.926347653264647,0.924765281670536,90.9479808350445,91.3073237508556
199,TRUE,FALSE,4,23,0.821428571428571,0.828167285599064,0.82882822759778,71.1327857631759,75.3080082135524
200,FALSE,TRUE,2,20,0.714285714285714,0.691713142116771,0.689569392463797,47.1594798083504,47.8268309377139
201,FALSE,TRUE,1,24,0.857142857142857,0.862574290497549,0.863276056645625,78.5420944558522,82.0499657768652
202,TRUE,FALSE,1,11,0.392857142857143,0.382577474726473,0.383297067090544,4.15811088295688,4.80835044490075
203,TRUE,FALSE,4,27,0.964285714285714,0.944723584569072,0.944306494231765,95.4312114989733,93.6516084873374
204,TRUE,FALSE,1,28,1,1,1,98.6652977412731,98.6652977412731
205,FALSE,TRUE,3,25,0.892857142857143,0.883500612668461,0.883347699283758,85.2669404517454,85.4380561259411
206,TRUE,FALSE,3,23,0.821428571428571,0.807906727160812,0.807476123576071,71.1327857631759,71.4065708418891
207,TRUE,FALSE,4,23,0.821428571428571,0.804821862058112,0.805683149654243,71.1327857631759,70.5167693360712
208,TRUE,FALSE,2,22,0.785714285714286,0.789528863047843,0.789009958795771,62.9876796714579,67.6762491444216
209,TRUE,FALSE,5,26,0.928571428571429,0.926347653264647,0.92725324558296,90.9479808350445,91.3073237508556
210,TRUE,FALSE,2,23,0.821428571428571,0.808536563258991,0.808382797342948,71.1327857631759,71.611909650924
211,TRUE,FALSE,3,16,0.571428571428571,0.575117001162849,0.575109995781466,19.4216290212183,25.4106776180698
212,TRUE,FALSE,5,27,0.964285714285714,0.96850971870262,0.968450510532897,95.4312114989733,96.7488021902806
213,TRUE,FALSE,5,14,0.5,0.481815819062634,0.483430766590999,10.9856262833676,12.0636550308008
214,TRUE,FALSE,4,26,0.928571428571429,0.93939194904868,0.938532770561817,90.9479808350445,93.4462696783025
215,TRUE,FALSE,4,28,1,1,1,98.6652977412731,98.6652977412731
216,TRUE,FALSE,2,22,0.785714285714286,0.762873556308838,0.762300878574277,62.9876796714579,61.9267624914442
217,TRUE,FALSE,3,24,0.857142857142857,0.870549062177549,0.869419010270964,78.5420944558522,83.0424366872005
218,TRUE,FALSE,2,26,0.928571428571429,0.925266111437611,0.925898350529435,90.9479808350445,91.1190965092403
219,TRUE,FALSE,5,26,0.928571428571429,0.932345262094824,0.931859190968871,90.9479808350445,92.659137577002
220,TRUE,FALSE,4,28,1,1,1,98.6652977412731,98.6652977412731
221,TRUE,FALSE,5,23,0.821428571428571,0.793003324003588,0.794353032897039,71.1327857631759,68.3949349760438
222,TRUE,FALSE,4,20,0.714285714285714,0.689087240606827,0.689039239099605,47.1594798083504,47.4161533196441
223,TRUE,FALSE,3,22,0.785714285714286,0.787096362264454,0.787686393754883,62.9876796714579,67.0260095824778
224,TRUE,FALSE,2,16,0.571428571428571,0.547071669805651,0.545579714192899,19.4216290212183,20.3798767967146
225,TRUE,FALSE,2,19,0.678571428571429,0.657884712408593,0.657424989130985,39.2026009582478,40.3319644079398
226,TRUE,FALSE,1,19,0.678571428571429,0.645395002974474,0.645827862883524,39.2026009582478,37.90212183436
227,TRUE,FALSE,5,22,0.785714285714286,0.768850720136703,0.769879905930858,62.9876796714579,63.2614647501711
228,FALSE,TRUE,5,25,0.892857142857143,0.898725186948605,0.899278440125104,85.2669404517454,88.0047912388775
229,FALSE,TRUE,4,13,0.464285714285714,0.447665410695432,0.44996157771164,8.02532511978097,8.8466803559206
230,TRUE,FALSE,5,10,0.357142857142857,0.335190502387539,0.337288227865291,2.56673511293634,2.78918548939083
231,TRUE,FALSE,3,19,0.678571428571429,0.702991881521237,0.704082893557344,39.2026009582478,49.880219028063
232,TRUE,FALSE,5,24,0.857142857142857,0.810683769043528,0.811599269568398,78.5420944558522,71.9883641341547
233,FALSE,TRUE,3,23,0.821428571428571,0.81887320911388,0.81801513550395,71.1327857631759,73.6310746064339
234,FALSE,TRUE,4,24,0.857142857142857,0.858477395998071,0.859126391139595,78.5420944558522,81.3997262149213
235,TRUE,FALSE,2,22,0.785714285714286,0.741249805775228,0.740259308894332,62.9876796714579,57.3066392881588
236,FALSE,TRUE,3,24,0.857142857142857,0.834332996395493,0.834168239784463,78.5420944558522,76.6769336071184
237,TRUE,FALSE,5,28,1,1,1,98.6652977412731,98.6652977412731
238,FALSE,TRUE,1,23,0.821428571428571,0.810830148178739,0.811167506889728,71.1327857631759,72.056810403833
239,TRUE,FALSE,4,24,0.857142857142857,0.85811913052904,0.858701468510124,78.5420944558522,81.3655030800821
240,FALSE,TRUE,3,22,0.785714285714286,0.776756955483124,0.777539931653167,62.9876796714579,65.041067761807
241,TRUE,FALSE,1,21,0.75,0.746608693019903,0.746334787100644,54.7741273100616,58.5728952772074
242,TRUE,FALSE,3,24,0.857142857142857,0.833853975128443,0.833139603921727,78.5420944558522,76.6427104722793
243,TRUE,FALSE,4,24,0.857142857142857,0.869187218701877,0.869248534763805,78.5420944558522,82.8370978781657
244,FALSE,TRUE,3,25,0.892857142857143,0.907975665998378,0.908329617361655,85.2669404517454,88.8945927446954
245,TRUE,FALSE,1,27,0.964285714285714,0.944723584569072,0.945570960850199,95.4312114989733,93.6516084873374
246,TRUE,FALSE,5,20,0.714285714285714,0.692159395441076,0.693279337939868,47.1594798083504,47.9295003422313
247,TRUE,FALSE,4,28,1,1,1,98.6652977412731,98.6652977412731
248,TRUE,FALSE,2,25,0.892857142857143,0.87560897373652,0.875009461242013,85.2669404517454,83.7440109514031
249,TRUE,FALSE,1,21,0.75,0.740755330761326,0.739955369600565,54.7741273100616,57.2724161533196
250,TRUE,FALSE,5,19,0.678571428571429,0.661341982409829,0.663402867844169,39.2026009582478,41.4613278576318
251,TRUE,FALSE,1,22,0.785714285714286,0.795345137404297,0.794752193853159,62.9876796714579,68.668720054757
252,TRUE,FALSE,4,23,0.821428571428571,0.807438903836671,0.807639983517217,71.1327857631759,71.2696783025325
253,FALSE,TRUE,4,26,0.928571428571429,0.892854833847045,0.891696940310245,90.9479808350445,86.9609856262834
254,TRUE,FALSE,3,15,0.535714285714286,0.534863301401223,0.537067164706897,14.5448323066393,18.7371663244353
255,TRUE,FALSE,4,21,0.75,0.727761684842769,0.726696419545637,54.7741273100616,55.0479123887748
256,FALSE,TRUE,4,23,0.821428571428571,0.829441481602636,0.831283362652335,71.1327857631759,75.684462696783
257,TRUE,FALSE,5,15,0.535714285714286,0.503317702137209,0.502203270909665,14.5448323066393,14.6646132785763
258,TRUE,FALSE,2,12,0.428571428571429,0.383467493407043,0.383918246631393,5.78370978781656,4.94524298425736
259,TRUE,FALSE,3,22,0.785714285714286,0.774995257515254,0.773348869985018,62.9876796714579,64.5277207392197
260,TRUE,FALSE,5,15,0.535714285714286,0.508272162459939,0.508942489422434,14.5448323066393,15.2464065708419
261,TRUE,FALSE,2,15,0.535714285714286,0.488386454006246,0.487042552173693,14.5448323066393,12.9192334017796
262,TRUE,FALSE,2,18,0.642857142857143,0.60841301650673,0.607727715058597,31.6392881587953,30.9206023271732
263,TRUE,FALSE,3,20,0.714285714285714,0.721250963315048,0.722388818917768,47.1594798083504,53.7474332648871
264,TRUE,FALSE,2,19,0.678571428571429,0.642753957721284,0.642845693192658,39.2026009582478,37.4229979466119
265,FALSE,TRUE,3,21,0.75,0.713791591784458,0.714102707053963,54.7741273100616,52.1731690622861
266,TRUE,FALSE,1,25,0.892857142857143,0.891376131442277,0.890581251964622,85.2669404517454,86.7043121149897
267,TRUE,FALSE,2,21,0.75,0.764474016037756,0.764943968597963,54.7741273100616,62.337440109514
268,TRUE,FALSE,5,26,0.928571428571429,0.918460075741513,0.918927096326628,90.9479808350445,90.2635181382615
269,TRUE,FALSE,5,18,0.642857142857143,0.600441383413692,0.602669054788747,31.6392881587953,29.757015742642
270,FALSE,TRUE,4,26,0.928571428571429,0.926321325180248,0.925880323937186,90.9479808350445,91.2559890485969
271,TRUE,FALSE,1,25,0.892857142857143,0.901118464099596,0.899645006416272,85.2669404517454,88.1759069130732
272,TRUE,FALSE,4,25,0.892857142857143,0.873340291240776,0.873105955014377,85.2669404517454,83.4873374401095
273,TRUE,FALSE,4,23,0.821428571428571,0.806621175232214,0.806830605746558,71.1327857631759,70.9958932238193
274,TRUE,FALSE,1,22,0.785714285714286,0.802850235645766,0.801642238331305,62.9876796714579,70.0376454483231
275,TRUE,FALSE,5,20,0.714285714285714,0.674888396693404,0.676144369005145,47.1594798083504,44.0280629705681
276,TRUE,FALSE,5,23,0.821428571428571,0.80948371423322,0.810273728672922,71.1327857631759,71.7488021902806
277,TRUE,FALSE,5,27,0.964285714285714,0.972798335512419,0.972917708708633,95.4312114989733,97.3134839151266
278,FALSE,TRUE,5,25,0.892857142857143,0.905534093795963,0.90542754111158,85.2669404517454,88.7234770704997
279,TRUE,FALSE,5,24,0.857142857142857,0.847934152747809,0.84925029889964,78.5420944558522,79.6201232032854
280,TRUE,FALSE,4,22,0.785714285714286,0.791993275810873,0.7930647400546,62.9876796714579,68.0527036276523
281,TRUE,FALSE,3,22,0.785714285714286,0.751214832034875,0.750151481504496,62.9876796714579,59.5311430527036
282,TRUE,FALSE,2,23,0.821428571428571,0.781861385499144,0.779897067123675,71.1327857631759,66.3073237508556
283,FALSE,TRUE,1,22,0.785714285714286,0.797264805533563,0.797079289593753,62.9876796714579,68.9082819986311
284,TRUE,FALSE,2,26,0.928571428571429,0.929257199451005,0.929193448441545,90.9479808350445,91.9062286105407
285,FALSE,TRUE,3,22,0.785714285714286,0.774220496224991,0.773931221178666,62.9876796714579,64.2539356605065
286,FALSE,TRUE,1,25,0.892857142857143,0.88759719657373,0.888314656241673,85.2669404517454,85.9514031485284
287,FALSE,TRUE,3,24,0.857142857142857,0.846856436226578,0.845727658648224,78.5420944558522,79.2778918548939
288,TRUE,FALSE,3,18,0.642857142857143,0.615319769933073,0.614392773707185,31.6392881587953,32.015742642026
289,TRUE,FALSE,2,23,0.821428571428571,0.829735022248821,0.829748427157023,71.1327857631759,75.7529089664613
290,TRUE,FALSE,1,23,0.821428571428571,0.807764840961332,0.80795079010234,71.1327857631759,71.37234770705
291,TRUE,FALSE,4,27,0.964285714285714,0.960675975792669,0.960897717088176,95.4312114989733,94.6954140999316
292,FALSE,TRUE,4,26,0.928571428571429,0.915504623801953,0.915882454294348,90.9479808350445,89.8528405201916
293,TRUE,FALSE,3,25,0.892857142857143,0.890269074953064,0.888965052042337,85.2669404517454,86.4647501711157
294,TRUE,FALSE,3,18,0.642857142857143,0.629084602437922,0.628278415286955,31.6392881587953,34.27446954141
295,TRUE,FALSE,4,24,0.857142857142857,0.862798370711541,0.863989598450174,78.5420944558522,82.1184120465435
296,FALSE,TRUE,3,24,0.857142857142857,0.861925439374531,0.862865100526594,78.5420944558522,81.9130732375086
297,TRUE,FALSE,3,28,1,1,1,98.6652977412731,98.6652977412731
298,FALSE,TRUE,4,24,0.857142857142857,0.846020768687881,0.845637375223746,78.5420944558522,79.0383299110198
299,TRUE,FALSE,5,24,0.857142857142857,0.857568863778091,0.858319533863671,78.5420944558522,81.2628336755647
300,TRUE,FALSE,4,18,0.642857142857143,0.627501142000936,0.62732325907971,31.6392881587953,33.8980150581793
301,TRUE,FALSE,4,27,0.964285714285714,0.96380996402882,0.963679040926505,95.4312114989733,95.6707734428474
302,TRUE,FALSE,5,24,0.857142857142857,0.841954166330091,0.841721976788248,78.5420944558522,78.2511978097194
303,FALSE,TRUE,4,21,0.75,0.709418570453818,0.70884816550445,54.7741273100616,51.0780287474333
304,TRUE,FALSE,5,18,0.642857142857143,0.609464674059363,0.609132009850175,31.6392881587953,31.1601642710472
305,TRUE,FALSE,5,27,0.964285714285714,0.948131249277973,0.948518798733013,95.4312114989733,93.8911704312115
306,TRUE,FALSE,1,21,0.75,0.719903198455079,0.72131826979841,54.7741273100616,53.4736481861738
307,TRUE,FALSE,5,25,0.892857142857143,0.876180599594622,0.876942029269683,85.2669404517454,83.8809034907597
308,TRUE,FALSE,4,25,0.892857142857143,0.881669901794092,0.881393860137484,85.2669404517454,84.8904859685147
309,FALSE,TRUE,5,25,0.892857142857143,0.881285691852477,0.881983076760286,85.2669404517454,84.719370294319
310,FALSE,TRUE,2,18,0.642857142857143,0.599951812370788,0.598717228398637,31.6392881587953,29.6201232032854
311,TRUE,FALSE,1,22,0.785714285714286,0.750187641445186,0.750095888961887,62.9876796714579,59.1889117043121
312,TRUE,FALSE,2,22,0.785714285714286,0.788421266046043,0.78805665496227,62.9876796714579,67.4366872005476
313,TRUE,FALSE,4,20,0.714285714285714,0.716317550993068,0.718603246291328,47.1594798083504,52.8576317590691
314,FALSE,TRUE,2,20,0.714285714285714,0.723144481092678,0.72329816671562,47.1594798083504,54.0896646132786
315,TRUE,FALSE,1,23,0.821428571428571,0.822882233829671,0.822892579458804,71.1327857631759,74.315537303217
316,FALSE,TRUE,5,18,0.642857142857143,0.627635875947867,0.629013301169593,31.6392881587953,33.9664613278576
317,FALSE,TRUE,5,23,0.821428571428571,0.832003568529327,0.831634515010183,71.1327857631759,76.2662559890486
318,TRUE,FALSE,4,21,0.75,0.755488496869624,0.755412470276522,54.7741273100616,60.284052019165
319,TRUE,FALSE,3,27,0.964285714285714,0.96380996402882,0.963856640314817,95.4312114989733,95.6707734428474
320,TRUE,FALSE,5,21,0.75,0.730171910790024,0.731006917444509,54.7741273100616,55.6297056810404
321,TRUE,FALSE,1,21,0.75,0.744809330763492,0.744912528531284,54.7741273100616,57.9911019849418
322,TRUE,FALSE,2,27,0.964285714285714,0.966216803179872,0.96558744378149,95.4312114989733,96.0130047912389
323,TRUE,FALSE,3,24,0.857142857142857,0.847181132263764,0.846802395729436,78.5420944558522,79.3805612594114
324,TRUE,FALSE,3,27,0.964285714285714,0.966667611783339,0.96736148961951,95.4312114989733,96.2183436002738
325,TRUE,FALSE,3,19,0.678571428571429,0.637040537113508,0.638030135815889,39.2026009582478,35.9514031485284
326,TRUE,FALSE,5,16,0.571428571428571,0.553755369025342,0.55688717579767,19.4216290212183,21.4065708418891
327,FALSE,TRUE,4,20,0.714285714285714,0.729193385805716,0.72915414682479,47.1594798083504,55.5270362765229
328,FALSE,TRUE,5,22,0.785714285714286,0.76623733482686,0.766472712300935,62.9876796714579,62.7138945927447
329,TRUE,FALSE,4,21,0.75,0.730992906250034,0.73042443783929,54.7741273100616,55.7323750855578
330,TRUE,FALSE,1,20,0.714285714285714,0.716631045947191,0.715750463463639,47.1594798083504,52.9603011635866
331,TRUE,FALSE,5,20,0.714285714285714,0.713216144920098,0.715157588101145,47.1594798083504,51.933607118412
332,TRUE,FALSE,1,22,0.785714285714286,0.778959288564672,0.778870521377399,62.9876796714579,65.5886379192334
333,FALSE,TRUE,1,22,0.785714285714286,0.777526572535732,0.776233912838971,62.9876796714579,65.3148528405202
334,TRUE,FALSE,4,14,0.5,0.483129147324739,0.484451760017158,10.9856262833676,12.2689938398357
335,TRUE,FALSE,2,24,0.857142857142857,0.857557415232191,0.855959235269079,78.5420944558522,81.2286105407255
336,TRUE,FALSE,5,25,0.892857142857143,0.886073889690298,0.886679650438445,85.2669404517454,85.8145106091718
337,FALSE,TRUE,2,17,0.607142857142857,0.590738631819317,0.5906879732187,25.2908966461328,27.6351813826146
338,TRUE,FALSE,2,15,0.535714285714286,0.490225683855873,0.490523019904282,14.5448323066393,13.1245722108145
339,TRUE,FALSE,1,26,0.928571428571429,0.911507545258496,0.912068011256709,90.9479808350445,89.2539356605065
340,TRUE,FALSE,2,24,0.857142857142857,0.856761181740039,0.856675568913059,78.5420944558522,81.0232717316906
341,TRUE,FALSE,2,20,0.714285714285714,0.71064941659091,0.709724540590161,47.1594798083504,51.3518138261465
342,TRUE,FALSE,3,22,0.785714285714286,0.774294115941864,0.774935206481738,62.9876796714579,64.2881587953457
343,TRUE,FALSE,4,17,0.607142857142857,0.578978967802168,0.580535186258367,25.2908966461328,26.1635865845311
344,TRUE,FALSE,1,18,0.642857142857143,0.610254395806972,0.610679350911333,31.6392881587953,31.2970568104038
345,TRUE,FALSE,5,22,0.785714285714286,0.774929193364788,0.774477200966206,62.9876796714579,64.4934976043806
346,FALSE,TRUE,5,25,0.892857142857143,0.901638658043341,0.900799651275507,85.2669404517454,88.3812457221081
347,TRUE,FALSE,2,19,0.678571428571429,0.668647494625661,0.667531038489923,39.2026009582478,43.0013689253936
348,FALSE,TRUE,3,20,0.714285714285714,0.714104073335492,0.712363056101006,47.1594798083504,52.2416153319644
349,TRUE,FALSE,5,24,0.857142857142857,0.827506344084933,0.828814953516765,78.5420944558522,75.1026694045175
350,TRUE,FALSE,5,14,0.5,0.471805820237503,0.473738995277933,10.9856262833676,11.1396303901437
351,TRUE,FALSE,5,20,0.714285714285714,0.716374891432845,0.715958545545889,47.1594798083504,52.8918548939083
352,FALSE,TRUE,4,19,0.678571428571429,0.665519410095152,0.666653317305597,39.2026009582478,42.3169062286105
353,FALSE,TRUE,4,27,0.964285714285714,0.960675975792669,0.960897717088176,95.4312114989733,94.6954140999316
354,FALSE,TRUE,2,16,0.571428571428571,0.574069739916585,0.573944239682653,19.4216290212183,25.2053388090349
355,TRUE,FALSE,1,18,0.642857142857143,0.642233808798523,0.643905917947744,31.6392881587953,37.217659137577
356,TRUE,FALSE,1,24,0.857142857142857,0.838283975324952,0.838573768008492,78.5420944558522,77.6694045174538
357,TRUE,FALSE,1,17,0.607142857142857,0.576447381185485,0.577733670436289,25.2908966461328,25.684462696783
358,TRUE,FALSE,3,21,0.75,0.759446914214265,0.757524959650359,54.7741273100616,61.1738535249829
359,TRUE,FALSE,1,18,0.642857142857143,0.636942235284315,0.635779704440323,31.6392881587953,35.9171800136893
360,TRUE,FALSE,2,22,0.785714285714286,0.782097106164672,0.780462253962843,62.9876796714579,66.3415468856947
361,TRUE,FALSE,5,24,0.857142857142857,0.869784280681943,0.86866827353482,78.5420944558522,82.9055441478439
362,TRUE,FALSE,5,27,0.964285714285714,0.957784099948844,0.957863624517966,95.4312114989733,94.3018480492813
363,TRUE,FALSE,1,21,0.75,0.733088519382069,0.732434453888524,54.7741273100616,56.006160164271
364,FALSE,TRUE,2,28,1,1,1,98.6652977412731,98.6652977412731
365,TRUE,FALSE,1,23,0.821428571428571,0.801221869313745,0.801743074647964,71.1327857631759,69.7296372347707
366,TRUE,FALSE,4,18,0.642857142857143,0.64129202564993,0.641508061383289,31.6392881587953,36.9780971937029
367,TRUE,FALSE,2,20,0.714285714285714,0.721177125993598,0.722720736991325,47.1594798083504,53.7132101300479
368,TRUE,FALSE,3,20,0.714285714285714,0.703820016400123,0.703078726793821,47.1594798083504,50.119780971937
369,TRUE,FALSE,1,22,0.785714285714286,0.790453520218557,0.78978253882411,62.9876796714579,67.8473648186174
370,TRUE,FALSE,3,17,0.607142857142857,0.612408306922919,0.61251750426677,25.2908966461328,31.570841889117
371,TRUE,FALSE,5,22,0.785714285714286,0.74209045254159,0.743445233665316,62.9876796714579,57.5462012320329
372,TRUE,FALSE,4,22,0.785714285714286,0.801740348315289,0.799914645266505,62.9876796714579,69.7638603696099
373,TRUE,FALSE,4,28,1,1,1,98.6652977412731,98.6652977412731
374,TRUE,FALSE,4,21,0.75,0.745261869637848,0.74474592597362,54.7741273100616,58.1964407939767
375,FALSE,TRUE,3,16,0.571428571428571,0.540020552283414,0.541071882782006,19.4216290212183,19.5585215605749
376,FALSE,TRUE,1,20,0.714285714285714,0.690286181796091,0.690731602000014,47.1594798083504,47.7583846680356
377,TRUE,FALSE,3,19,0.678571428571429,0.688635191492051,0.690253882055406,39.2026009582478,47.3477070499658
378,TRUE,FALSE,5,22,0.785714285714286,0.747568358696148,0.748325042972214,62.9876796714579,58.709787816564
379,TRUE,FALSE,3,28,1,1,1,98.6652977412731,98.6652977412731
380,TRUE,FALSE,5,15,0.535714285714286,0.526513485271379,0.527610941671733,14.5448323066393,17.4366872005476
381,TRUE,FALSE,4,28,1,1,1,98.6652977412731,98.6652977412731
382,FALSE,TRUE,4,26,0.928571428571429,0.916640967980593,0.915940407408345,90.9479808350445,90.0924024640657
383,TRUE,FALSE,1,27,0.964285714285714,0.968867984171651,0.968818683207184,95.4312114989733,96.9712525667351
384,FALSE,TRUE,4,20,0.714285714285714,0.692314998270953,0.691705516246576,47.1594798083504,47.9637234770705
385,TRUE,FALSE,4,17,0.607142857142857,0.569609440671184,0.569749569946019,25.2908966461328,24.3497604380561
386,FALSE,TRUE,1,26,0.928571428571429,0.932244280152174,0.932266365203058,90.9479808350445,92.5735797399042
387,FALSE,TRUE,5,26,0.928571428571429,0.916999233449624,0.917831019749366,90.9479808350445,90.1437371663244
388,TRUE,FALSE,3,23,0.821428571428571,0.827666319650004,0.82778609027374,71.1327857631759,75.1368925393566
389,TRUE,FALSE,4,17,0.607142857142857,0.601188005387912,0.601197176359643,25.2908966461328,30.0308008213552
390,TRUE,FALSE,4,20,0.714285714285714,0.688605468508809,0.687168479692841,47.1594798083504,47.3134839151266
391,FALSE,TRUE,1,25,0.892857142857143,0.869920172192351,0.87118686492098,85.2669404517454,82.9739904175222
392,TRUE,FALSE,4,28,1,1,1,98.6652977412731,98.6652977412731
393,TRUE,FALSE,3,22,0.785714285714286,0.7897115938476,0.788714849482043,62.9876796714579,67.7789185489391
394,TRUE,FALSE,1,23,0.821428571428571,0.808450832172374,0.806731337774296,71.1327857631759,71.5434633812457
395,FALSE,TRUE,2,17,0.607142857142857,0.590854905830324,0.591841482024202,25.2908966461328,27.6694045174538
396,TRUE,FALSE,5,20,0.714285714285714,0.693964936256538,0.693607804756185,47.1594798083504,48.2717316906229
397,FALSE,TRUE,2,20,0.714285714285714,0.677646494549316,0.678202277039323,47.1594798083504,44.678302532512
398,TRUE,FALSE,4,27,0.964285714285714,0.948131249277973,0.94739044607848,95.4312114989733,93.8911704312115
399,FALSE,TRUE,4,27,0.964285714285714,0.962265824250413,0.962916280913626,95.4312114989733,95.1745379876797
400,TRUE,FALSE,1,26,0.928571428571429,0.934019377403599,0.934116836862763,90.9479808350445,92.9329226557153
401,TRUE,FALSE,3,21,0.75,0.74579821866449,0.747458223670913,54.7741273100616,58.3675564681725
402,FALSE,TRUE,1,20,0.714285714285714,0.67043620979893,0.670259080462684,47.1594798083504,43.3778234086242
403,TRUE,FALSE,2,19,0.678571428571429,0.67626440375311,0.676957881595034,39.2026009582478,44.4045174537988
404,TRUE,FALSE,2,17,0.607142857142857,0.595925689666803,0.594506569907821,25.2908966461328,28.6960985626283
405,FALSE,TRUE,2,21,0.75,0.733600217897325,0.733713505828227,54.7741273100616,56.1088295687885
406,FALSE,TRUE,1,22,0.785714285714286,0.762508185384243,0.761849255087816,62.9876796714579,61.8925393566051
407,FALSE,TRUE,5,17,0.607142857142857,0.592579333779231,0.590639704339205,25.2908966461328,28.0800821355236
408,TRUE,FALSE,5,23,0.821428571428571,0.798036132895257,0.798210767800919,71.1327857631759,69.0793976728268
409,TRUE,FALSE,1,23,0.821428571428571,0.82892449663921,0.82862212468028,71.1327857631759,75.5133470225873
410,TRUE,FALSE,4,18,0.642857142857143,0.616099017515214,0.614162031117951,31.6392881587953,32.1868583162218
411,TRUE,FALSE,2,27,0.964285714285714,0.960675975792669,0.960826539019219,95.4312114989733,94.6954140999316
412,TRUE,FALSE,5,20,0.714285714285714,0.715456938184611,0.717455368915187,47.1594798083504,52.6180698151951
413,TRUE,FALSE,5,25,0.892857142857143,0.897470425016495,0.898213148186144,85.2669404517454,87.7652292950034
414,TRUE,FALSE,3,24,0.857142857142857,0.851141904010202,0.850580354087998,78.5420944558522,80.0650239561944
415,TRUE,FALSE,3,22,0.785714285714286,0.781614577635866,0.781652672235397,62.9876796714579,66.1019849418207
416,TRUE,FALSE,2,25,0.892857142857143,0.89806444695003,0.89885057149077,85.2669404517454,87.90212183436
417,TRUE,FALSE,3,22,0.785714285714286,0.760348522555732,0.759439921922052,62.9876796714579,61.3107460643395
418,TRUE,FALSE,5,26,0.928571428571429,0.93372584693938,0.932497100066834,90.9479808350445,92.8986995208761
419,TRUE,FALSE,5,18,0.642857142857143,0.612779354604883,0.613737892060793,31.6392881587953,31.7077344284736
420,TRUE,FALSE,2,25,0.892857142857143,0.895257827591192,0.895964559116456,85.2669404517454,87.4229979466119
421,TRUE,FALSE,2,16,0.571428571428571,0.574830323831417,0.57334678721156,19.4216290212183,25.3080082135524
422,TRUE,FALSE,2,26,0.928571428571429,0.934190874643881,0.932846189202476,90.9479808350445,92.9671457905544
423,TRUE,FALSE,3,25,0.892857142857143,0.876522332113589,0.875974838887429,85.2669404517454,84.0006844626968
424,TRUE,FALSE,4,26,0.928571428571429,0.91391477534421,0.913863890468898,90.9479808350445,89.6817248459959
425,FALSE,TRUE,3,22,0.785714285714286,0.772746085609694,0.772939869433817,62.9876796714579,64.0143737166324
426,FALSE,TRUE,1,22,0.785714285714286,0.80211374057445,0.802553053880166,62.9876796714579,69.8665297741273
427,TRUE,FALSE,2,22,0.785714285714286,0.793790754830953,0.793306928374947,62.9876796714579,68.4633812457221
428,TRUE,FALSE,5,22,0.785714285714286,0.771094435230704,0.770563084690614,62.9876796714579,63.5694729637235
429,TRUE,FALSE,2,18,0.642857142857143,0.630621547901278,0.630771053441887,31.6392881587953,34.6851471594798
430,TRUE,FALSE,2,19,0.678571428571429,0.681055481829607,0.679724522264891,39.2026009582478,45.4312114989733
431,TRUE,FALSE,2,20,0.714285714285714,0.711173003945208,0.710341584170528,47.1594798083504,51.5229295003422
432,TRUE,FALSE,4,17,0.607142857142857,0.580680893774759,0.578638527070548,25.2908966461328,26.4373716632444
433,TRUE,FALSE,4,22,0.785714285714286,0.74736172436883,0.746719948907138,62.9876796714579,58.6755646817248
434,TRUE,FALSE,1,21,0.75,0.73017149315709,0.728693763987093,54.7741273100616,55.5954825462012
435,TRUE,FALSE,4,20,0.714285714285714,0.741708718284171,0.743129055558622,47.1594798083504,57.3750855578371
436,TRUE,FALSE,2,26,0.928571428571429,0.931565090478703,0.931866511729502,90.9479808350445,92.4537987679671
437,FALSE,TRUE,1,22,0.785714285714286,0.781656883307512,0.781073604332693,62.9876796714579,66.170431211499
438,TRUE,FALSE,2,19,0.678571428571429,0.671522130357684,0.670215002443808,39.2026009582478,43.6858316221766
439,TRUE,FALSE,4,18,0.642857142857143,0.61785307701447,0.617081509176719,31.6392881587953,32.4264202600958
440,FALSE,TRUE,1,21,0.75,0.73575924752545,0.735907172193162,54.7741273100616,56.3826146475017
441,TRUE,FALSE,1,23,0.821428571428571,0.806392778886368,0.807361402995914,71.1327857631759,70.8590006844627
442,FALSE,TRUE,5,13,0.464285714285714,0.474168444008506,0.474550251558239,8.02532511978097,11.4818617385352
443,FALSE,TRUE,3,24,0.857142857142857,0.8549195299142,0.85610849879113,78.5420944558522,80.6125941136208
444,TRUE,FALSE,3,18,0.642857142857143,0.64007322107225,0.641423029744171,31.6392881587953,36.6016427104723
445,TRUE,FALSE,1,28,1,1,1,98.6652977412731,98.6652977412731
446,TRUE,FALSE,5,23,0.821428571428571,0.802940477884315,0.802836208463745,71.1327857631759,70.0889801505818
447,TRUE,FALSE,5,10,0.357142857142857,0.332552842375542,0.332831807030874,2.56673511293634,2.68651608487337
448,TRUE,FALSE,5,20,0.714285714285714,0.689488859554071,0.690547040439145,47.1594798083504,47.4845995893224
449,TRUE,FALSE,3,15,0.535714285714286,0.483230089313263,0.482369308149084,14.5448323066393,12.3032169746749
450,TRUE,FALSE,5,20,0.714285714285714,0.702178415724505,0.701621483482406,47.1594798083504,49.6748802190281
451,FALSE,TRUE,3,18,0.642857142857143,0.608487008935264,0.608513128463293,31.6392881587953,30.9890485968515
452,TRUE,FALSE,3,17,0.607142857142857,0.555486766789117,0.555256388543253,25.2908966461328,21.7145790554415
453,TRUE,FALSE,3,23,0.821428571428571,0.827897099407323,0.826879358299425,71.1327857631759,75.1711156741958
454,TRUE,FALSE,5,27,0.964285714285714,0.967515857698729,0.966972589050226,95.4312114989733,96.5434633812457
455,TRUE,FALSE,1,16,0.571428571428571,0.552675372778292,0.551699236376405,19.4216290212183,21.1670088980151
456,TRUE,FALSE,3,10,0.357142857142857,0.35110299401477,0.348974456567768,2.56673511293634,3.3709787816564
457,FALSE,TRUE,1,26,0.928571428571429,0.91391477534421,0.91318049013061,90.9479808350445,89.6817248459959
458,TRUE,FALSE,2,22,0.785714285714286,0.766355887230622,0.764913097017736,62.9876796714579,62.8165639972622
459,FALSE,TRUE,5,12,0.428571428571429,0.438207452104003,0.439445420623249,5.78370978781656,8.36755646817248
460,TRUE,FALSE,4,23,0.821428571428571,0.804812125855935,0.804160341554214,71.1327857631759,70.482546201232
461,TRUE,FALSE,1,17,0.607142857142857,0.573825165168736,0.574770267826699,25.2908966461328,25.1368925393566
462,FALSE,TRUE,5,14,0.5,0.44991160476445,0.450958980249023,10.9856262833676,9.01779603011636
463,FALSE,TRUE,3,16,0.571428571428571,0.556263756348475,0.55881539480561,19.4216290212183,21.9199178644764
464,FALSE,TRUE,2,16,0.571428571428571,0.52560836673708,0.525563415491411,19.4216290212183,17.1629021218344
465,FALSE,TRUE,5,14,0.5,0.459799452613964,0.461549080913111,10.9856262833676,10.1471594798083
466,TRUE,FALSE,2,27,0.964285714285714,0.96850971870262,0.968591146471248,95.4312114989733,96.7488021902806
467,TRUE,FALSE,3,15,0.535714285714286,0.489550394325181,0.488870181891618,14.5448323066393,12.9876796714579
468,TRUE,FALSE,4,20,0.714285714285714,0.661965229796895,0.66052175456267,47.1594798083504,41.6324435318275
469,TRUE,FALSE,2,16,0.571428571428571,0.557925035187149,0.558287783974658,19.4216290212183,22.4332648870637
470,TRUE,FALSE,4,19,0.678571428571429,0.643035999870033,0.641774214692229,39.2026009582478,37.5256673511294
471,FALSE,TRUE,5,21,0.75,0.729158656076488,0.729149508944729,54.7741273100616,55.4928131416838
472,FALSE,TRUE,1,13,0.464285714285714,0.46787747589984,0.468584957137887,8.02532511978097,10.8658453114305
473,TRUE,FALSE,4,12,0.428571428571429,0.38070154611777,0.379758507407006,5.78370978781656,4.73990417522245
474,FALSE,TRUE,3,18,0.642857142857143,0.597737952318287,0.597882231209171,31.6392881587953,29.0383299110199
475,FALSE,TRUE,1,16,0.571428571428571,0.544380179940056,0.545267140209376,19.4216290212183,20.1403148528405
476,TRUE,FALSE,1,14,0.5,0.481757448023696,0.480104937699131,10.9856262833676,11.9952087611225
477,TRUE,FALSE,1,23,0.821428571428571,0.78615925893109,0.786317216596577,71.1327857631759,66.854893908282
478,TRUE,FALSE,3,18,0.642857142857143,0.599083753061321,0.599624275026246,31.6392881587953,29.4147843942505
479,TRUE,FALSE,3,23,0.821428571428571,0.789198056542219,0.789813383045772,71.1327857631759,67.6420260095825
480,FALSE,TRUE,1,21,0.75,0.723017115120582,0.724558100653553,54.7741273100616,53.952772073922
481,FALSE,TRUE,3,21,0.75,0.712528716554991,0.713679176052365,54.7741273100616,51.7624914442163
482,FALSE,TRUE,5,16,0.571428571428571,0.519878219755792,0.520211744169119,19.4216290212183,16.4784394250513
483,TRUE,FALSE,1,14,0.5,0.473312183213289,0.472249411597024,10.9856262833676,11.3107460643395
484,FALSE,TRUE,1,16,0.571428571428571,0.562425102947806,0.56343911806186,19.4216290212183,23.0835044490075
485,TRUE,FALSE,4,17,0.607142857142857,0.563036597013189,0.563054113723355,25.2908966461328,23.186173853525
486,FALSE,TRUE,4,19,0.678571428571429,0.637390104469847,0.637164955226506,39.2026009582478,36.1225188227242
487,FALSE,TRUE,5,27,0.964285714285714,0.966667611783339,0.966056870151549,95.4312114989733,96.2183436002738
488,FALSE,TRUE,3,17,0.607142857142857,0.566501178172098,0.566884727865441,25.2908966461328,23.6995208761123
489,TRUE,FALSE,1,18,0.642857142857143,0.604025764081798,0.605322966962338,31.6392881587953,30.3045859000684
490,FALSE,TRUE,2,17,0.607142857142857,0.584521076256117,0.585342124261725,25.2908966461328,26.8822724161533
491,FALSE,TRUE,1,16,0.571428571428571,0.533148142249744,0.535125007201092,19.4216290212183,18.6002737850787
492,FALSE,TRUE,4,21,0.75,0.718279524585037,0.716821987241536,54.7741273100616,53.2683093771389
493,TRUE,FALSE,2,19,0.678571428571429,0.639088069989664,0.638837340634827,39.2026009582478,36.3963039014374
494,TRUE,FALSE,4,16,0.571428571428571,0.537607173660714,0.535514298738801,19.4216290212183,19.1820670773443
495,TRUE,FALSE,1,24,0.857142857142857,0.846644687972229,0.844599822919207,78.5420944558522,79.1752224503765
496,TRUE,FALSE,2,14,0.5,0.4723412902493,0.472270173705029,10.9856262833676,11.1738535249829
497,FALSE,TRUE,5,27,0.964285714285714,0.957784099948844,0.957863624517966,95.4312114989733,94.3018480492813
498,TRUE,FALSE,2,26,0.928571428571429,0.92954395996432,0.929302968222907,90.9479808350445,92.0431211498973
499,FALSE,TRUE,3,20,0.714285714285714,0.697174989049412,0.69580298047825,47.1594798083504,48.9219712525667
500,TRUE,FALSE,5,22,0.785714285714286,0.75851647523635,0.760561630771785,62.9876796714579,61.0027378507871
501,TRUE,FALSE,2,18,0.642857142857143,0.621825659164582,0.624207036704102,31.6392881587953,32.9397672826831
502,FALSE,TRUE,1,26,0.928571428571429,0.892854833847045,0.894191290111034,90.9479808350445,86.9609856262834
503,TRUE,FALSE,2,22,0.785714285714286,0.745074043573392,0.745288414727501,62.9876796714579,58.1622176591376
504,TRUE,FALSE,2,19,0.678571428571429,0.663181567242684,0.662816481193931,39.2026009582478,41.9062286105407
505,FALSE,TRUE,5,20,0.714285714285714,0.68643295707765,0.686320219404617,47.1594798083504,46.8001368925394
506,FALSE,TRUE,4,17,0.607142857142857,0.593857937628935,0.594660185942958,25.2908966461328,28.4223134839151
507,TRUE,FALSE,3,20,0.714285714285714,0.670701818270593,0.669881468236185,47.1594798083504,43.4462696783025
508,TRUE,FALSE,5,24,0.857142857142857,0.82796564847638,0.8279348143697,78.5420944558522,75.2737850787132
509,TRUE,FALSE,2,16,0.571428571428571,0.537579345178923,0.537508489823121,19.4216290212183,19.1478439425051
510,TRUE,FALSE,2,10,0.357142857142857,0.334070581217004,0.335109249729421,2.56673511293634,2.72073921971253
511,TRUE,FALSE,1,17,0.607142857142857,0.577044062799272,0.577160453208464,25.2908966461328,25.8213552361396
512,FALSE,TRUE,5,8,0.285714285714286,0.281972970793019,0.281677327747943,0.735797399041752,1.00958247775496
513,TRUE,FALSE,2,17,0.607142857142857,0.553593719393067,0.554568230909419,25.2908966461328,21.3381245722108
514,TRUE,FALSE,4,20,0.714285714285714,0.701760359070994,0.700563724587288,47.1594798083504,49.6406570841889
515,TRUE,FALSE,4,26,0.928571428571429,0.92448593982149,0.924576758014681,90.9479808350445,90.9993155373032
516,TRUE,FALSE,3,24,0.857142857142857,0.82977539749199,0.830341570884276,78.5420944558522,75.7871321013005
517,FALSE,TRUE,3,11,0.392857142857143,0.348854301136394,0.348844440588742,4.15811088295688,3.33675564681725
518,FALSE,TRUE,4,16,0.571428571428571,0.513856626281437,0.514109801197595,19.4216290212183,15.72553045859
519,FALSE,TRUE,3,18,0.642857142857143,0.610051378321963,0.607906950064708,31.6392881587953,31.2628336755647
520,TRUE,FALSE,4,14,0.5,0.48286485849578,0.484803145114239,10.9856262833676,12.2005475701574
521,TRUE,FALSE,3,25,0.892857142857143,0.875423740218681,0.875671721732126,85.2669404517454,83.6926762491444
522,TRUE,FALSE,3,19,0.678571428571429,0.62758917421473,0.627187358106957,39.2026009582478,33.9322381930185
523,TRUE,FALSE,2,19,0.678571428571429,0.648736989247663,0.650794036746972,39.2026009582478,38.5865845311431
524,TRUE,FALSE,4,27,0.964285714285714,0.972059782490875,0.971598531205988,95.4312114989733,97.2621492128679
525,TRUE,FALSE,5,10,0.357142857142857,0.334811705651758,0.336261827338505,2.56673511293634,2.75496235455168
526,FALSE,TRUE,3,25,0.892857142857143,0.890175287636,0.889863347099024,85.2669404517454,86.4305270362765
527,TRUE,FALSE,2,18,0.642857142857143,0.591882369451896,0.591062685697513,31.6392881587953,27.8747433264887
528,TRUE,FALSE,1,17,0.607142857142857,0.562249501689779,0.563532924358367,25.2908966461328,23.0492813141684
529,FALSE,TRUE,5,22,0.785714285714286,0.764711968829959,0.765844570912256,62.9876796714579,62.4401095140315
530,TRUE,FALSE,5,24,0.857142857142857,0.825955897444236,0.826711839474324,78.5420944558522,74.8973305954825
531,TRUE,FALSE,3,19,0.678571428571429,0.67174261765434,0.672242811686767,39.2026009582478,43.7200547570157
532,TRUE,FALSE,4,15,0.535714285714286,0.478079165630063,0.477049127168866,14.5448323066393,11.7214236824093
533,TRUE,FALSE,5,16,0.571428571428571,0.539152099739088,0.539202198035481,19.4216290212183,19.5242984257358
534,TRUE,FALSE,5,26,0.928571428571429,0.907867945320605,0.90707569296351,90.9479808350445,88.8603696098563
535,TRUE,FALSE,2,19,0.678571428571429,0.657785725073048,0.655811128953892,39.2026009582478,40.2977412731006
536,FALSE,TRUE,2,15,0.535714285714286,0.497941785092061,0.49889356402992,14.5448323066393,14.1854893908282
537,TRUE,FALSE,2,18,0.642857142857143,0.60852933371519,0.60664418926089,31.6392881587953,31.0232717316906
538,TRUE,FALSE,2,13,0.464285714285714,0.4206904546407,0.420274617408223,8.02532511978097,7.13552361396304
539,FALSE,TRUE,3,14,0.5,0.456836019889295,0.456354217533475,10.9856262833676,9.70225872689938
540,FALSE,TRUE,2,17,0.607142857142857,0.58192089133674,0.58144422262884,25.2908966461328,26.6084873374401
541,TRUE,FALSE,4,18,0.642857142857143,0.61858175815698,0.619657756549577,31.6392881587953,32.4948665297741
542,FALSE,TRUE,5,12,0.428571428571429,0.394141266768226,0.393770970066335,5.78370978781656,5.49281314168378
543,TRUE,FALSE,2,8,0.285714285714286,0.262272557007854,0.26312125754566,0.735797399041752,0.804243668720055
544,TRUE,FALSE,2,23,0.821428571428571,0.79257347046585,0.792702634739625,71.1327857631759,68.2922655715264
545,TRUE,FALSE,5,16,0.571428571428571,0.542951757491314,0.544762390039637,19.4216290212183,19.9007529089665
546,TRUE,FALSE,4,18,0.642857142857143,0.593405971168465,0.593739426530135,31.6392881587953,28.3538672142368
547,TRUE,FALSE,5,23,0.821428571428571,0.784856631367264,0.786003003030027,71.1327857631759,66.6153319644079
548,TRUE,FALSE,2,23,0.821428571428571,0.806870090229776,0.806911987871787,71.1327857631759,71.0985626283368
549,TRUE,FALSE,4,20,0.714285714285714,0.673237050251331,0.672708054820212,47.1594798083504,43.9253935660507
550,TRUE,FALSE,2,16,0.571428571428571,0.527347203394142,0.528254711080246,19.4216290212183,17.7104722792608
551,TRUE,FALSE,3,20,0.714285714285714,0.689754734549044,0.688422810303175,47.1594798083504,47.5872689938398
552,TRUE,FALSE,4,13,0.464285714285714,0.437992729347525,0.43929627722383,8.02532511978097,8.33333333333333
553,TRUE,FALSE,1,28,1,1,1,98.6652977412731,98.6652977412731
554,TRUE,FALSE,1,19,0.678571428571429,0.639550860930524,0.640418415458181,39.2026009582478,36.4647501711157
555,FALSE,TRUE,3,20,0.714285714285714,0.69415742158139,0.693136483588598,47.1594798083504,48.305954825462
556,TRUE,FALSE,4,26,0.928571428571429,0.918910477023519,0.919217516931267,90.9479808350445,90.3148528405202
557,FALSE,TRUE,5,18,0.642857142857143,0.592229215282297,0.594483551107209,31.6392881587953,27.9774127310062
558,TRUE,FALSE,2,24,0.857142857142857,0.818496954077981,0.817585182035085,78.5420944558522,73.5626283367556
559,TRUE,FALSE,5,23,0.821428571428571,0.822801339816138,0.820960665499237,71.1327857631759,74.2128678986995
560,TRUE,FALSE,1,20,0.714285714285714,0.682939861509401,0.682635817994506,47.1594798083504,45.8418891170431
561,TRUE,FALSE,5,20,0.714285714285714,0.696831997316327,0.698265346514517,47.1594798083504,48.7850787132101
562,TRUE,FALSE,2,16,0.571428571428571,0.526596180696691,0.526713619768753,19.4216290212183,17.5051334702259
563,FALSE,TRUE,3,27,0.964285714285714,0.960675975792669,0.96022316603363,95.4312114989733,94.6954140999316
564,TRUE,FALSE,2,26,0.928571428571429,0.912721384922915,0.913315036840689,90.9479808350445,89.476386036961
565,TRUE,FALSE,3,25,0.892857142857143,0.874205226069871,0.873606689141353,85.2669404517454,83.590006844627
566,FALSE,TRUE,1,19,0.678571428571429,0.65889678943238,0.658108626103136,39.2026009582478,40.605749486653
567,TRUE,FALSE,1,25,0.892857142857143,0.865438447890782,0.866328597298288,85.2669404517454,82.5633127994524
568,TRUE,FALSE,1,18,0.642857142857143,0.621822229788488,0.622889311226875,31.6392881587953,32.9055441478439
569,TRUE,FALSE,4,20,0.714285714285714,0.68448667241962,0.683688495528502,47.1594798083504,46.2183436002738
570,TRUE,FALSE,5,28,1,1,1,98.6652977412731,98.6652977412731
571,FALSE,TRUE,3,16,0.571428571428571,0.538095564003159,0.539012017117414,19.4216290212183,19.3189596167009
572,TRUE,FALSE,3,24,0.857142857142857,0.837285575044884,0.835830251422713,78.5420944558522,77.4640657084189
573,TRUE,FALSE,2,23,0.821428571428571,0.810714818433803,0.81088470488122,71.1327857631759,72.0225872689938
574,FALSE,TRUE,1,23,0.821428571428571,0.804225680408224,0.803237787581393,71.1327857631759,70.3456536618754
575,TRUE,FALSE,2,16,0.571428571428571,0.529394404116837,0.529756754072177,19.4216290212183,17.984257357974
576,FALSE,TRUE,1,25,0.892857142857143,0.877986640567592,0.878215983496826,85.2669404517454,84.3086926762491
577,TRUE,FALSE,1,21,0.75,0.714970988852396,0.717225037413773,54.7741273100616,52.4469541409993
578,TRUE,FALSE,3,26,0.928571428571429,0.901370048829514,0.901703516500359,90.9479808350445,88.2785763175907
579,TRUE,FALSE,4,26,0.928571428571429,0.91636040716787,0.915309295124995,90.9479808350445,89.9726214921287
580,FALSE,TRUE,5,22,0.785714285714286,0.761629306590815,0.761820193182181,62.9876796714579,61.6187542778919
581,TRUE,FALSE,4,26,0.928571428571429,0.931798747544517,0.932128287696261,90.9479808350445,92.5051334702259
582,FALSE,TRUE,5,23,0.821428571428571,0.783480980465931,0.782965022665107,71.1327857631759,66.5126625598905
583,FALSE,TRUE,3,19,0.678571428571429,0.6517674601421,0.652153256701685,39.2026009582478,39.3394934976044
584,TRUE,FALSE,3,26,0.928571428571429,0.910397073528385,0.910017093592421,90.9479808350445,89.031485284052
585,TRUE,FALSE,2,27,0.964285714285714,0.963376295980523,0.963630274672757,95.4312114989733,95.5167693360712
586,TRUE,FALSE,2,22,0.785714285714286,0.782819609924921,0.783047566970334,62.9876796714579,66.409993155373
587,TRUE,FALSE,5,19,0.678571428571429,0.654637889234697,0.65532080721585,39.2026009582478,39.8186173853525
588,TRUE,FALSE,5,25,0.892857142857143,0.886051454268055,0.886399253014355,85.2669404517454,85.7802874743327
589,TRUE,FALSE,5,18,0.642857142857143,0.597174410598366,0.598590394302088,31.6392881587953,28.9356605065024
590,TRUE,FALSE,3,27,0.964285714285714,0.962265824250413,0.962105235759591,95.4312114989733,95.1745379876797
591,TRUE,FALSE,5,24,0.857142857142857,0.836641032978126,0.836093863648472,78.5420944558522,77.3271731690623
592,TRUE,FALSE,5,25,0.892857142857143,0.871375668689567,0.872230611186072,85.2669404517454,83.2135523613963
593,FALSE,TRUE,2,23,0.821428571428571,0.798043232956605,0.797274411059852,71.1327857631759,69.113620807666
594,FALSE,TRUE,3,26,0.928571428571429,0.943179246127479,0.94344387397826,90.9479808350445,93.5147159479808
595,TRUE,FALSE,3,19,0.678571428571429,0.653378941111541,0.653126551887456,39.2026009582478,39.6475017111567
596,TRUE,FALSE,4,18,0.642857142857143,0.606549628521361,0.606543727191966,31.6392881587953,30.64681724846
597,FALSE,TRUE,1,20,0.714285714285714,0.703016927924625,0.701099211676014,47.1594798083504,49.9144421629021
598,TRUE,FALSE,5,23,0.821428571428571,0.802504968731182,0.803048586959325,71.1327857631759,69.9691991786448
599,FALSE,TRUE,1,25,0.892857142857143,0.890157617293468,0.888659738972303,85.2669404517454,86.3963039014374
600,TRUE,FALSE,5,23,0.821428571428571,0.800683878816784,0.801420205148927,71.1327857631759,69.5927446954141
601,TRUE,FALSE,1,22,0.785714285714286,0.745395009046331,0.74699540668293,62.9876796714579,58.264887063655
602,TRUE,FALSE,5,18,0.642857142857143,0.627862637383541,0.627211875500725,31.6392881587953,34.0691307323751
603,FALSE,TRUE,5,17,0.607142857142857,0.592975891613046,0.59474296750855,25.2908966461328,28.2169746748802
604,FALSE,TRUE,5,17,0.607142857142857,0.551328192338207,0.554206673527139,25.2908966461328,20.9616700889801
605,TRUE,FALSE,2,20,0.714285714285714,0.678873295143747,0.678218150068641,47.1594798083504,44.8151950718686
606,TRUE,FALSE,5,25,0.892857142857143,0.871579462204292,0.872312248037618,85.2669404517454,83.2477754962354
607,TRUE,FALSE,5,21,0.75,0.74565827779332,0.744448226042362,54.7741273100616,58.3333333333333
608,TRUE,FALSE,1,24,0.857142857142857,0.857187470015727,0.856932174523023,78.5420944558522,81.0574948665298
609,FALSE,TRUE,2,26,0.928571428571429,0.923621004992395,0.923967442376386,90.9479808350445,90.8795345653662
610,FALSE,TRUE,4,20,0.714285714285714,0.668858686472061,0.668223706912662,47.1594798083504,43.0698151950719
611,TRUE,FALSE,4,20,0.714285714285714,0.656532445965466,0.656435700426645,47.1594798083504,40.160848733744
612,TRUE,FALSE,5,28,1,1,1,98.6652977412731,98.6652977412731
613,TRUE,FALSE,1,20,0.714285714285714,0.71149355713891,0.711762157756951,47.1594798083504,51.5913757700205
614,TRUE,FALSE,1,18,0.642857142857143,0.612117899789262,0.61028540925192,31.6392881587953,31.5366187542779
615,TRUE,FALSE,1,21,0.75,0.709060048507961,0.709807648254588,54.7741273100616,50.9753593429158
616,TRUE,FALSE,5,14,0.5,0.467251421021195,0.468347026495857,10.9856262833676,10.7973990417522
617,TRUE,FALSE,3,13,0.464285714285714,0.432756196578755,0.434506745851586,8.02532511978097,7.95687885010267
618,TRUE,FALSE,5,14,0.5,0.462419889143682,0.462804966045714,10.9856262833676,10.4551676933607
619,TRUE,FALSE,3,16,0.571428571428571,0.571597999926287,0.572891118036431,19.4216290212183,24.7262149212868
620,TRUE,FALSE,1,23,0.821428571428571,0.79320461101088,0.793220589560859,71.1327857631759,68.429158110883
621,FALSE,TRUE,2,14,0.5,0.467058354439881,0.468321545038229,10.9856262833676,10.7289527720739
622,FALSE,TRUE,2,19,0.678571428571429,0.655196727357292,0.654437739408784,39.2026009582478,39.9555099247091
623,TRUE,FALSE,2,19,0.678571428571429,0.664234846830227,0.665933235989384,39.2026009582478,42.1115674195756
624,FALSE,TRUE,5,24,0.857142857142857,0.853144395950655,0.852018691456729,78.5420944558522,80.4414784394251
625,TRUE,FALSE,1,24,0.857142857142857,0.840874649340544,0.841634949718698,78.5420944558522,77.9774127310062
626,FALSE,TRUE,5,17,0.607142857142857,0.544698711821302,0.545633808393996,25.2908966461328,20.1745379876797
627,FALSE,TRUE,1,19,0.678571428571429,0.680151666412193,0.680576124592168,39.2026009582478,45.2258726899384
628,FALSE,TRUE,2,25,0.892857142857143,0.876249837427134,0.875710976464162,85.2669404517454,83.9322381930185
629,FALSE,TRUE,4,25,0.892857142857143,0.875201160381232,0.874323044336728,85.2669404517454,83.6242299794661
630,TRUE,FALSE,1,22,0.785714285714286,0.739906861783173,0.740599454161133,62.9876796714579,57.2039698836413
631,TRUE,FALSE,1,23,0.821428571428571,0.842142113173822,0.842578300100504,71.1327857631759,78.2854209445585
632,FALSE,TRUE,2,24,0.857142857142857,0.82229850952989,0.823000192751381,78.5420944558522,74.1444216290212
633,TRUE,FALSE,4,12,0.428571428571429,0.377989762904747,0.376255636183849,5.78370978781656,4.56878850102669
634,TRUE,FALSE,1,22,0.785714285714286,0.750636218009154,0.75063248445846,62.9876796714579,59.2915811088296
635,TRUE,FALSE,3,16,0.571428571428571,0.548388406188214,0.549734720244115,19.4216290212183,20.6194387405886
636,FALSE,TRUE,1,27,0.964285714285714,0.960675975792669,0.960370954279214,95.4312114989733,94.6954140999316
637,TRUE,FALSE,5,26,0.928571428571429,0.91391477534421,0.914447966848659,90.9479808350445,89.6817248459959
638,FALSE,TRUE,2,21,0.75,0.750141199323029,0.751353392817916,54.7741273100616,59.154688569473
639,TRUE,FALSE,4,24,0.857142857142857,0.838077508562213,0.837858136205782,78.5420944558522,77.6009582477755
640,TRUE,FALSE,2,15,0.535714285714286,0.50543002767237,0.50504628923616,14.5448323066393,14.9383983572895
641,TRUE,FALSE,1,19,0.678571428571429,0.65051090142261,0.649748006156834,39.2026009582478,39.0657084188912
642,TRUE,FALSE,1,19,0.678571428571429,0.647456108796191,0.648645536441526,39.2026009582478,38.4154688569473
643,TRUE,FALSE,1,10,0.357142857142857,0.323119483873887,0.323974153610409,2.56673511293634,2.20739219712526
644,TRUE,FALSE,5,24,0.857142857142857,0.840440981292247,0.840589166915101,78.5420944558522,77.8747433264887
645,TRUE,FALSE,1,19,0.678571428571429,0.662360243312614,0.660786357785547,39.2026009582478,41.7693360711841
646,TRUE,FALSE,2,16,0.571428571428571,0.55410782085736,0.554431688728478,19.4216290212183,21.4407939767283
647,TRUE,FALSE,2,13,0.464285714285714,0.426357515226842,0.425664568140403,8.02532511978097,7.54620123203285
648,TRUE,FALSE,3,20,0.714285714285714,0.69284114199753,0.69290669190289,47.1594798083504,48.1006160164271
649,TRUE,FALSE,2,27,0.964285714285714,0.960675975792669,0.960826539019219,95.4312114989733,94.6954140999316
650,TRUE,FALSE,5,24,0.857142857142857,0.869355402151845,0.870579908556202,78.5420944558522,82.8713210130048
651,TRUE,FALSE,3,15,0.535714285714286,0.508141507132802,0.50748668674754,14.5448323066393,15.1437371663244
652,TRUE,FALSE,1,23,0.821428571428571,0.827286244863881,0.826964173681283,71.1327857631759,75.0342231348392
653,TRUE,FALSE,2,22,0.785714285714286,0.778666616279585,0.778798835602335,62.9876796714579,65.5201916495551
654,FALSE,TRUE,4,21,0.75,0.72854320590467,0.728582396425969,54.7741273100616,55.3901437371663
655,TRUE,FALSE,5,13,0.464285714285714,0.439980353427667,0.439704123071157,8.02532511978097,8.53867214236824
656,TRUE,FALSE,4,21,0.75,0.755474895197599,0.756138997797144,54.7741273100616,60.2498288843258
657,TRUE,FALSE,5,14,0.5,0.452922357522029,0.45372112600341,10.9856262833676,9.42847364818617
658,FALSE,TRUE,4,13,0.464285714285714,0.448056103819419,0.447866303072367,8.02532511978097,8.88090349075975
659,TRUE,FALSE,1,12,0.428571428571429,0.379701610946138,0.380623713969766,5.78370978781656,4.7056810403833
660,TRUE,FALSE,4,26,0.928571428571429,0.911391196352411,0.910644003410223,90.9479808350445,89.1854893908282
661,FALSE,TRUE,3,26,0.928571428571429,0.92071486332171,0.920498397965948,90.9479808350445,90.5030800821355
662,TRUE,FALSE,3,21,0.75,0.738448444381334,0.739001062536612,54.7741273100616,56.9301848049281
663,FALSE,TRUE,2,15,0.535714285714286,0.509080570833862,0.508186015958366,14.5448323066393,15.3490759753593
664,TRUE,FALSE,5,26,0.928571428571429,0.929811972534871,0.928077797463306,90.9479808350445,92.1800136892539
665,TRUE,FALSE,2,28,1,1,1,98.6652977412731,98.6652977412731
666,TRUE,FALSE,4,19,0.678571428571429,0.63910673477747,0.639741861928091,39.2026009582478,36.4305270362765
667,TRUE,FALSE,5,25,0.892857142857143,0.860609960296928,0.860791545210003,85.2669404517454,81.7419575633128
668,TRUE,FALSE,4,23,0.821428571428571,0.813505205858584,0.811930700808597,71.1327857631759,72.6043805612594
669,TRUE,FALSE,4,26,0.928571428571429,0.928933436033751,0.929253790092083,90.9479808350445,91.7693360711841
670,TRUE,FALSE,5,11,0.392857142857143,0.356299903641389,0.357556737070136,4.15811088295688,3.57631759069131
671,TRUE,FALSE,4,16,0.571428571428571,0.527294151287567,0.525581808662925,19.4216290212183,17.6762491444216
672,TRUE,FALSE,1,8,0.285714285714286,0.254513503096539,0.254289124278997,0.735797399041752,0.633127994524298
673,TRUE,FALSE,2,12,0.428571428571429,0.405238842508312,0.405930142838496,5.78370978781656,6.21149897330595
674,FALSE,TRUE,1,15,0.535714285714286,0.507184994760768,0.507875039842171,14.5448323066393,15.0068446269678
675,FALSE,TRUE,3,21,0.75,0.76401850326898,0.763479402918512,54.7741273100616,62.1663244353183
676,FALSE,TRUE,3,21,0.75,0.722898830594364,0.722148761108343,54.7741273100616,53.9185489390828
677,FALSE,TRUE,5,23,0.821428571428571,0.781770356226294,0.782174605337484,71.1327857631759,66.2388774811773
678,TRUE,FALSE,3,23,0.821428571428571,0.807202806032496,0.807849283831044,71.1327857631759,71.1670088980151
679,FALSE,TRUE,1,21,0.75,0.727987507258426,0.726851057876433,54.7741273100616,55.1505817932923
680,FALSE,TRUE,1,17,0.607142857142857,0.571703728507789,0.571696259441926,25.2908966461328,24.7946611909651
681,TRUE,FALSE,2,24,0.857142857142857,0.835761549850994,0.836043185067195,78.5420944558522,77.1902806297057
682,TRUE,FALSE,1,21,0.75,0.735561185908305,0.737138495406233,54.7741273100616,56.3483915126626
683,TRUE,FALSE,5,26,0.928571428571429,0.92881603822351,0.928210701086054,90.9479808350445,91.7008898015058
684,TRUE,FALSE,4,22,0.785714285714286,0.74819869925848,0.746586794029235,62.9876796714579,58.8124572210815
685,FALSE,TRUE,4,27,0.964285714285714,0.963376295980523,0.963332206705118,95.4312114989733,95.5167693360712
686,TRUE,FALSE,2,14,0.5,0.459570013100973,0.459116415146398,10.9856262833676,10.1129363449692
687,TRUE,FALSE,4,27,0.964285714285714,0.96380996402882,0.963679040926505,95.4312114989733,95.6707734428474
688,TRUE,FALSE,1,20,0.714285714285714,0.679509889364305,0.678465853339848,47.1594798083504,45.0205338809035
689,FALSE,TRUE,3,22,0.785714285714286,0.756925680351738,0.756319960792937,62.9876796714579,60.6262833675565
690,TRUE,FALSE,2,25,0.892857142857143,0.880425059560884,0.880110487666405,85.2669404517454,84.5311430527036
691,TRUE,FALSE,5,13,0.464285714285714,0.417722917952114,0.419747752843105,8.02532511978097,6.82751540041068
692,TRUE,FALSE,3,21,0.75,0.709633321926009,0.708345436148421,54.7741273100616,51.1464750171116
693,TRUE,FALSE,5,16,0.571428571428571,0.541668105379256,0.540921821275626,19.4216290212183,19.7296372347707
694,TRUE,FALSE,3,16,0.571428571428571,0.527826567803908,0.52865052506842,19.4216290212183,17.7789185489391
695,FALSE,TRUE,1,24,0.857142857142857,0.835396990727615,0.834353751265427,78.5420944558522,77.0191649555099
696,TRUE,FALSE,5,24,0.857142857142857,0.83825104923006,0.838891422641017,78.5420944558522,77.6351813826146
697,TRUE,FALSE,3,18,0.642857142857143,0.600526259813661,0.600740724562747,31.6392881587953,29.7912388774812
698,FALSE,TRUE,1,21,0.75,0.715662464906026,0.717203448291176,54.7741273100616,52.6522929500342
699,TRUE,FALSE,3,12,0.428571428571429,0.413805991836165,0.415570268141299,5.78370978781656,6.65639972621492
700,TRUE,FALSE,4,26,0.928571428571429,0.905399560361742,0.905204211319941,90.9479808350445,88.6550308008214
701,TRUE,FALSE,5,17,0.607142857142857,0.570268513892138,0.569697728191979,25.2908966461328,24.4866529774127
702,TRUE,FALSE,3,25,0.892857142857143,0.873123684242835,0.872619328847972,85.2669404517454,83.3846680355921
703,TRUE,FALSE,4,21,0.75,0.723985993341241,0.723991885931237,54.7741273100616,54.2607802874743
704,TRUE,FALSE,2,26,0.928571428571429,0.932244280152174,0.932106703876444,90.9479808350445,92.5735797399042
705,FALSE,TRUE,1,19,0.678571428571429,0.652979171919364,0.653515547251364,39.2026009582478,39.5106091718001
706,TRUE,FALSE,5,22,0.785714285714286,0.745854571232187,0.748002655502046,62.9876796714579,58.4017796030116
707,FALSE,TRUE,5,17,0.607142857142857,0.572615273398294,0.575295603758034,25.2908966461328,24.9657768651608
708,TRUE,FALSE,4,19,0.678571428571429,0.675735285274584,0.676179710532191,39.2026009582478,44.1649555099247
709,FALSE,TRUE,1,18,0.642857142857143,0.616239293769027,0.617604071459885,31.6392881587953,32.2210814510609
710,TRUE,FALSE,4,20,0.714285714285714,0.680213213237148,0.67893724919914,47.1594798083504,45.2600958247776
711,TRUE,FALSE,4,23,0.821428571428571,0.790297988583416,0.789500691732194,71.1327857631759,67.8131416837782
712,TRUE,FALSE,2,23,0.821428571428571,0.806598597781122,0.806333814141264,71.1327857631759,70.927446954141
713,TRUE,FALSE,3,19,0.678571428571429,0.652226987789209,0.652230607912284,39.2026009582478,39.4079397672827
714,TRUE,FALSE,1,22,0.785714285714286,0.77620254231804,0.776669072169752,62.9876796714579,64.9383983572895
715,TRUE,FALSE,2,23,0.821428571428571,0.825101299486904,0.824634351063936,71.1327857631759,74.6235455167693
716,TRUE,FALSE,4,14,0.5,0.475292325628085,0.474517703817964,10.9856262833676,11.6187542778919
717,FALSE,TRUE,4,23,0.821428571428571,0.81429441936464,0.81581206015534,71.1327857631759,72.8097193702943
718,TRUE,FALSE,3,25,0.892857142857143,0.895215637436298,0.894242469722319,85.2669404517454,87.3545516769336
719,TRUE,FALSE,2,23,0.821428571428571,0.798329356716969,0.79784916036271,71.1327857631759,69.1478439425051
720,TRUE,FALSE,3,26,0.928571428571429,0.92954395996432,0.928970769267515,90.9479808350445,92.0431211498973
721,FALSE,TRUE,2,18,0.642857142857143,0.587001561875145,0.586526960439117,31.6392881587953,27.1218343600274
722,TRUE,FALSE,5,19,0.678571428571429,0.635404664334267,0.63593176627094,39.2026009582478,35.5407255304586
723,FALSE,TRUE,1,16,0.571428571428571,0.536301955602946,0.537384223759884,19.4216290212183,18.9767282683094
724,FALSE,TRUE,4,19,0.678571428571429,0.643496806141195,0.643960383765171,39.2026009582478,37.5941136208077
725,TRUE,FALSE,2,17,0.607142857142857,0.579456566449583,0.578952681323061,25.2908966461328,26.2320328542094
726,FALSE,TRUE,3,18,0.642857142857143,0.620228100657402,0.621465336616159,31.6392881587953,32.6317590691307
727,FALSE,TRUE,4,26,0.928571428571429,0.927186260009343,0.927011247631624,90.9479808350445,91.4955509924709
728,TRUE,FALSE,4,19,0.678571428571429,0.635791515222084,0.634382473862707,39.2026009582478,35.643394934976
729,TRUE,FALSE,4,25,0.892857142857143,0.882270039770333,0.882714673669595,85.2669404517454,85.0616016427105
730,FALSE,TRUE,1,21,0.75,0.716387834170544,0.715353960537827,54.7741273100616,52.9260780287474
731,TRUE,FALSE,5,20,0.714285714285714,0.671876552627932,0.671457652512222,47.1594798083504,43.8227241615332
732,TRUE,FALSE,4,26,0.928571428571429,0.92773421094871,0.928644333043352,90.9479808350445,91.5468856947296
733,TRUE,FALSE,3,22,0.785714285714286,0.783084943978214,0.78331815548292,62.9876796714579,66.4442162902122
734,TRUE,FALSE,5,24,0.857142857142857,0.849757524932267,0.850971381116252,78.5420944558522,79.8596851471595
735,TRUE,FALSE,4,23,0.821428571428571,0.800019714950306,0.799330006512663,71.1327857631759,69.4900752908966
736,FALSE,TRUE,2,25,0.892857142857143,0.883193597553469,0.883416906982974,85.2669404517454,85.284052019165
737,TRUE,FALSE,2,25,0.892857142857143,0.890679240148436,0.89114830369043,85.2669404517454,86.533196440794
738,TRUE,FALSE,1,27,0.964285714285714,0.960675975792669,0.960370954279214,95.4312114989733,94.6954140999316
739,TRUE,FALSE,5,26,0.928571428571429,0.913802926749951,0.914708572507311,90.9479808350445,89.5790554414784
740,TRUE,FALSE,1,24,0.857142857142857,0.849230470741333,0.848954704404767,78.5420944558522,79.7912388774812
741,TRUE,FALSE,1,26,0.928571428571429,0.92773421094871,0.927395959676489,90.9479808350445,91.5468856947296
742,FALSE,TRUE,4,21,0.75,0.718773142795754,0.7175311084417,54.7741273100616,53.3709787816564
743,FALSE,TRUE,1,27,0.964285714285714,0.960675975792669,0.960370954279214,95.4312114989733,94.6954140999316
744,TRUE,FALSE,3,18,0.642857142857143,0.668254134730264,0.670360598077508,31.6392881587953,42.9329226557153
745,TRUE,FALSE,3,27,0.964285714285714,0.953238799551541,0.95379165866753,95.4312114989733,94.0965092402464
746,TRUE,FALSE,2,20,0.714285714285714,0.705995866471679,0.706890371670153,47.1594798083504,50.4277891854894
747,TRUE,FALSE,3,19,0.678571428571429,0.660323633846243,0.66058855185673,39.2026009582478,41.0506502395619
748,FALSE,TRUE,2,24,0.857142857142857,0.819609827075591,0.818801084135107,78.5420944558522,73.7337440109514
749,FALSE,TRUE,3,23,0.821428571428571,0.817485527339802,0.816894835152669,71.1327857631759,73.3572895277207
750,FALSE,TRUE,5,20,0.714285714285714,0.678585538696951,0.680029950073086,47.1594798083504,44.7809719370294
751,TRUE,FALSE,1,25,0.892857142857143,0.868179361989894,0.867409925553025,85.2669404517454,82.700205338809
752,FALSE,TRUE,4,15,0.535714285714286,0.496256538146262,0.497491981133778,14.5448323066393,13.8774811772758
753,TRUE,FALSE,4,26,0.928571428571429,0.92075465725027,0.920048395561222,90.9479808350445,90.5373032169747
754,TRUE,FALSE,4,23,0.821428571428571,0.799065749300613,0.797528579339151,71.1327857631759,69.35318275154
755,FALSE,TRUE,4,27,0.964285714285714,0.944723584569072,0.944306494231765,95.4312114989733,93.6516084873374
756,FALSE,TRUE,4,22,0.785714285714286,0.76033561378661,0.760053911761572,62.9876796714579,61.2765229295003
757,TRUE,FALSE,3,23,0.821428571428571,0.792492943913111,0.791476185349962,71.1327857631759,68.2580424366872
758,TRUE,FALSE,2,23,0.821428571428571,0.811800089255087,0.810899961151583,71.1327857631759,72.1594798083504
759,TRUE,FALSE,3,23,0.821428571428571,0.830714638354775,0.831629894535922,71.1327857631759,75.9924709103354
760,FALSE,TRUE,1,21,0.75,0.766134559961487,0.76474221134817,54.7741273100616,62.6112251882272
761,TRUE,FALSE,2,18,0.642857142857143,0.632880667599165,0.633753566173179,31.6392881587953,35.1642710472279
762,TRUE,FALSE,5,15,0.535714285714286,0.502776334975263,0.504930980431983,14.5448323066393,14.6303901437372
763,TRUE,FALSE,4,10,0.357142857142857,0.330102922930175,0.331921404856044,2.56673511293634,2.51540041067762
764,FALSE,TRUE,2,14,0.5,0.457804085003398,0.458593693566662,10.9856262833676,9.87337440109514
765,FALSE,TRUE,2,19,0.678571428571429,0.658163711654918,0.658012503705363,39.2026009582478,40.4688569472964
766,TRUE,FALSE,4,10,0.357142857142857,0.319596811832131,0.319752808488721,2.56673511293634,2.0362765229295
767,TRUE,FALSE,4,10,0.357142857142857,0.332016300120503,0.331855438029516,2.56673511293634,2.61806981519507
768,TRUE,FALSE,5,11,0.392857142857143,0.364708941921454,0.36626094483916,4.15811088295688,3.98699520876112
769,TRUE,FALSE,1,23,0.821428571428571,0.803428197431569,0.802825259037484,71.1327857631759,70.1745379876797
770,TRUE,FALSE,3,19,0.678571428571429,0.66776698197369,0.669097481209408,39.2026009582478,42.8302532511978
771,TRUE,FALSE,5,20,0.714285714285714,0.671488006751359,0.671258897744038,47.1594798083504,43.6173853524983
772,TRUE,FALSE,3,18,0.642857142857143,0.608727849183046,0.608342202508884,31.6392881587953,31.0917180013689
773,TRUE,FALSE,4,11,0.392857142857143,0.37732681758972,0.377277654699216,4.15811088295688,4.50034223134839
774,TRUE,FALSE,5,15,0.535714285714286,0.517461976456369,0.519706617691767,14.5448323066393,16.0677618069815
775,FALSE,TRUE,3,11,0.392857142857143,0.373209016292542,0.374482501886558,4.15811088295688,4.36344969199179
776,FALSE,TRUE,2,18,0.642857142857143,0.638764118485974,0.639269028928735,31.6392881587953,36.3620807665982
777,TRUE,FALSE,1,21,0.75,0.74557077954944,0.745886311537796,54.7741273100616,58.2991101984942
778,TRUE,FALSE,5,14,0.5,0.469775782778473,0.470372554013229,10.9856262833676,11.0369609856263
779,TRUE,FALSE,3,22,0.785714285714286,0.786518751169483,0.787559970372144,62.9876796714579,66.9575633127995
780,TRUE,FALSE,5,21,0.75,0.735032848805469,0.735462189375831,54.7741273100616,56.2457221081451
781,TRUE,FALSE,2,16,0.571428571428571,0.543462650145859,0.543942342850632,19.4216290212183,20.0376454483231
782,FALSE,TRUE,1,21,0.75,0.760384743876561,0.759582738876287,54.7741273100616,61.3449691991786
783,TRUE,FALSE,1,19,0.678571428571429,0.659345972049603,0.659647400266901,39.2026009582478,40.8110882956879
784,FALSE,TRUE,1,24,0.857142857142857,0.833445997250315,0.834059882271454,78.5420944558522,76.5400410677618
785,TRUE,FALSE,2,23,0.821428571428571,0.814889927913808,0.815076623998597,71.1327857631759,72.9123887748118
786,TRUE,FALSE,2,14,0.5,0.473648166737476,0.473602392619033,10.9856262833676,11.4134154688569
787,TRUE,FALSE,2,21,0.75,0.698488819692667,0.698676777305452,54.7741273100616,49.2642026009582
788,TRUE,FALSE,3,18,0.642857142857143,0.637111988965519,0.636908092549163,31.6392881587953,35.9856262833676
789,TRUE,FALSE,3,20,0.714285714285714,0.696898687569432,0.697094782820587,47.1594798083504,48.8193018480493
790,TRUE,FALSE,2,17,0.607142857142857,0.590288403456369,0.590819265729449,25.2908966461328,27.5325119780972
791,TRUE,FALSE,3,15,0.535714285714286,0.511592647497188,0.510414307201098,14.5448323066393,15.5544147843942
792,FALSE,TRUE,5,26,0.928571428571429,0.938470012984397,0.939107482482931,90.9479808350445,93.2409308692676
793,TRUE,FALSE,1,16,0.571428571428571,0.55664937365002,0.554998075529921,19.4216290212183,22.1252566735113
794,TRUE,FALSE,3,19,0.678571428571429,0.659092074377666,0.659422749653939,39.2026009582478,40.6741957563313
795,TRUE,FALSE,1,19,0.678571428571429,0.689578157582689,0.687278086553079,39.2026009582478,47.5530458590007
796,FALSE,TRUE,3,18,0.642857142857143,0.624131315764739,0.623728911626177,31.6392881587953,33.2819986310746
797,FALSE,TRUE,5,24,0.857142857142857,0.846254064599527,0.846694610774505,78.5420944558522,79.072553045859
798,TRUE,FALSE,3,27,0.964285714285714,0.970209413374779,0.970131652402483,95.4312114989733,97.1594798083504
799,TRUE,FALSE,3,21,0.75,0.723091047674083,0.722511471015637,54.7741273100616,53.9869952087611
800,TRUE,FALSE,5,18,0.642857142857143,0.592576348551162,0.593556636680298,31.6392881587953,28.0458590006845
801,TRUE,FALSE,2,16,0.571428571428571,0.558956944357837,0.557261411617708,19.4216290212183,22.5701574264203
802,TRUE,FALSE,3,25,0.892857142857143,0.872661086291463,0.871855284586127,85.2669404517454,83.3504449007529
803,FALSE,TRUE,3,22,0.785714285714286,0.791561487069217,0.791009162997099,62.9876796714579,67.984257357974
804,TRUE,FALSE,1,19,0.678571428571429,0.685467999671873,0.683367982373819,39.2026009582478,46.5947980835045
805,TRUE,FALSE,2,23,0.821428571428571,0.805798406922789,0.805815178812635,71.1327857631759,70.7905544147844
806,TRUE,FALSE,3,22,0.785714285714286,0.775060206867315,0.773890312827625,62.9876796714579,64.6646132785763
807,TRUE,FALSE,2,21,0.75,0.757627649189711,0.757227334106477,54.7741273100616,60.8658453114305
808,TRUE,FALSE,5,22,0.785714285714286,0.787968845454967,0.78988103926951,62.9876796714579,67.3340177960301
809,TRUE,FALSE,4,22,0.785714285714286,0.803589555721931,0.804437699961399,62.9876796714579,70.242984257358
810,FALSE,TRUE,1,16,0.571428571428571,0.577923788362924,0.577398639569079,19.4216290212183,25.9582477754962
811,TRUE,FALSE,1,14,0.5,0.487222660845181,0.486508076432222,10.9856262833676,12.6796714579055
812,FALSE,TRUE,4,10,0.357142857142857,0.329889734893887,0.330250562290395,2.56673511293634,2.48117727583847
813,TRUE,FALSE,1,11,0.392857142857143,0.368246906368545,0.370226514122562,4.15811088295688,4.15811088295688
814,TRUE,FALSE,2,28,1,1,1,98.6652977412731,98.6652977412731
815,TRUE,FALSE,4,20,0.714285714285714,0.729954621748517,0.730426402774783,47.1594798083504,55.5612594113621
816,FALSE,TRUE,2,22,0.785714285714286,0.787797346866918,0.788960147226801,62.9876796714579,67.2655715263518
817,FALSE,TRUE,5,21,0.75,0.725726535587721,0.726958460063336,54.7741273100616,54.5687885010267
818,TRUE,FALSE,2,15,0.535714285714286,0.508927097588174,0.507731846626506,14.5448323066393,15.280629705681
819,TRUE,FALSE,2,15,0.535714285714286,0.530578455030271,0.531493187761092,14.5448323066393,18.0869267624914
820,TRUE,FALSE,2,28,1,1,1,98.6652977412731,98.6652977412731
821,FALSE,TRUE,4,15,0.535714285714286,0.516824564347603,0.518514129571219,14.5448323066393,15.9650924024641
822,TRUE,FALSE,5,14,0.5,0.478092639257715,0.478540283858978,10.9856262833676,11.7556468172485
823,TRUE,FALSE,2,25,0.892857142857143,0.873341747259115,0.87326193465394,85.2669404517454,83.5215605749487
824,TRUE,FALSE,3,19,0.678571428571429,0.685643503484397,0.685054334615386,39.2026009582478,46.6632443531828
825,TRUE,FALSE,1,20,0.714285714285714,0.722238474912966,0.721997001492009,47.1594798083504,53.8843258042437
826,TRUE,FALSE,2,17,0.607142857142857,0.616539549239797,0.616658425014154,25.2908966461328,32.3237508555784
827,TRUE,FALSE,3,18,0.642857142857143,0.661436942692412,0.663777682292339,31.6392881587953,41.5297741273101
828,TRUE,FALSE,1,11,0.392857142857143,0.364545097959799,0.363570911435538,4.15811088295688,3.95277207392197
829,TRUE,FALSE,2,22,0.785714285714286,0.780344312477369,0.780367135988874,62.9876796714579,65.9308692676249
830,TRUE,FALSE,1,11,0.392857142857143,0.369253805928616,0.368734064917484,4.15811088295688,4.26078028747433
831,TRUE,FALSE,4,28,1,1,1,98.6652977412731,98.6652977412731
832,TRUE,FALSE,1,26,0.928571428571429,0.91636040716787,0.916927182573382,90.9479808350445,89.9726214921287
833,TRUE,FALSE,1,21,0.75,0.734590556070146,0.73475232750603,54.7741273100616,56.211498973306
834,FALSE,TRUE,4,18,0.642857142857143,0.663812385159303,0.66343984911842,31.6392881587953,41.974674880219
835,TRUE,FALSE,2,17,0.607142857142857,0.563709664642657,0.562764634121251,25.2908966461328,23.2546201232033
836,TRUE,FALSE,5,18,0.642857142857143,0.585425238591121,0.586775699020157,31.6392881587953,26.9507186858316
837,TRUE,FALSE,5,16,0.571428571428571,0.542180043213627,0.543350524068005,19.4216290212183,19.7638603696099
838,TRUE,FALSE,1,19,0.678571428571429,0.6424974108673,0.641996299750194,39.2026009582478,37.2861054072553
839,FALSE,TRUE,1,17,0.607142857142857,0.557941630667963,0.557165642704075,25.2908966461328,22.4674880219028
840,TRUE,FALSE,2,26,0.928571428571429,0.926652084120495,0.926207346439042,90.9479808350445,91.409993155373
841,TRUE,FALSE,2,25,0.892857142857143,0.901207273426968,0.901489900262879,85.2669404517454,88.2101300479124
842,FALSE,TRUE,3,19,0.678571428571429,0.640063595951894,0.640617699387956,39.2026009582478,36.5674195756331
843,FALSE,TRUE,3,15,0.535714285714286,0.508099011481647,0.507625343820374,14.5448323066393,15.1095140314853
844,FALSE,TRUE,5,19,0.678571428571429,0.632434499150505,0.634172037228042,39.2026009582478,34.958932238193
845,TRUE,FALSE,2,16,0.571428571428571,0.519350729956093,0.518419567025877,19.4216290212183,16.409993155373
846,TRUE,FALSE,3,18,0.642857142857143,0.616255896467202,0.61811598943273,31.6392881587953,32.2553045859001
847,TRUE,FALSE,5,17,0.607142857142857,0.591414732064331,0.591464549197293,25.2908966461328,27.8062970568104
848,TRUE,FALSE,1,19,0.678571428571429,0.640643127219781,0.642949329139343,39.2026009582478,36.6700889801506
849,FALSE,TRUE,2,9,0.321428571428571,0.290447464748997,0.289506298174593,1.36892539356605,1.14647501711157
850,FALSE,TRUE,5,27,0.964285714285714,0.957784099948844,0.957863624517966,95.4312114989733,94.3018480492813
851,TRUE,FALSE,2,15,0.535714285714286,0.518705472691876,0.518919569975116,14.5448323066393,16.3415468856947
852,TRUE,FALSE,2,28,1,1,1,98.6652977412731,98.6652977412731
853,FALSE,TRUE,5,15,0.535714285714286,0.494414514446173,0.493748945667548,14.5448323066393,13.7063655030801
854,TRUE,FALSE,5,21,0.75,0.746290288404382,0.745723939403096,54.7741273100616,58.5386721423682
855,TRUE,FALSE,5,21,0.75,0.726602288189301,0.725939431684612,54.7741273100616,54.8425735797399
856,TRUE,FALSE,2,14,0.5,0.456166151779737,0.45750287112851,10.9856262833676,9.66803559206023
857,TRUE,FALSE,5,22,0.785714285714286,0.761661782743032,0.761829178406562,62.9876796714579,61.6872005475702
858,TRUE,FALSE,1,27,0.964285714285714,0.963376295980523,0.963447681995874,95.4312114989733,95.5167693360712
859,FALSE,TRUE,3,23,0.821428571428571,0.780633295042215,0.780201168560779,71.1327857631759,65.9650924024641
860,TRUE,FALSE,1,23,0.821428571428571,0.807128916308133,0.80773803013921,71.1327857631759,71.1327857631759
861,FALSE,TRUE,2,15,0.535714285714286,0.491329221746348,0.492495216298966,14.5448323066393,13.2614647501711
862,TRUE,FALSE,2,18,0.642857142857143,0.662608055053114,0.662314169174407,31.6392881587953,41.8035592060233
863,TRUE,FALSE,5,21,0.75,0.690195829371034,0.69189865378193,54.7741273100616,47.6557152635181
864,TRUE,FALSE,1,22,0.785714285714286,0.77064357719982,0.77130119881968,62.9876796714579,63.5010266940452
865,TRUE,FALSE,1,19,0.678571428571429,0.665628919765658,0.666253841884069,39.2026009582478,42.419575633128
866,TRUE,FALSE,5,24,0.857142857142857,0.843075021728857,0.844718459956763,78.5420944558522,78.5592060232717
867,FALSE,TRUE,2,25,0.892857142857143,0.889622641421921,0.889346777990048,85.2669404517454,86.2936344969199
868,TRUE,FALSE,3,16,0.571428571428571,0.525904818407942,0.527802146856004,19.4216290212183,17.2655715263518
869,TRUE,FALSE,5,23,0.821428571428571,0.78843972569721,0.789318299855068,71.1327857631759,67.4709103353867
870,TRUE,FALSE,2,12,0.428571428571429,0.40122640637933,0.401238540245109,5.78370978781656,5.9719370294319
871,TRUE,FALSE,4,17,0.607142857142857,0.59113322977486,0.592049723872651,25.2908966461328,27.7378507871321
872,TRUE,FALSE,2,25,0.892857142857143,0.88960941182642,0.889087006088628,85.2669404517454,86.2422997946612
873,TRUE,FALSE,3,24,0.857142857142857,0.834723822955824,0.835353974480458,78.5420944558522,76.7453798767967
874,TRUE,FALSE,5,10,0.357142857142857,0.322543415206586,0.322515743684331,2.56673511293634,2.17316906228611
875,TRUE,FALSE,4,22,0.785714285714286,0.751074071426246,0.750661582084988,62.9876796714579,59.4626967830253
876,FALSE,TRUE,4,18,0.642857142857143,0.609134615389969,0.609708781153863,31.6392881587953,31.1259411362081
877,TRUE,FALSE,5,13,0.464285714285714,0.442624576821143,0.444716877358371,8.02532511978097,8.64134154688569
878,TRUE,FALSE,3,12,0.428571428571429,0.39453507109161,0.393847761201321,5.78370978781656,5.52703627652293
879,TRUE,FALSE,3,28,1,1,1,98.6652977412731,98.6652977412731
880,FALSE,TRUE,1,17,0.607142857142857,0.555849408901876,0.555908215604391,25.2908966461328,21.8514715947981
881,TRUE,FALSE,1,17,0.607142857142857,0.577046548564575,0.578772528805928,25.2908966461328,25.8555783709788
882,TRUE,FALSE,5,24,0.857142857142857,0.869865970701853,0.869592261509144,78.5420944558522,82.9397672826831
883,TRUE,FALSE,2,23,0.821428571428571,0.83300958952855,0.833738060509994,71.1327857631759,76.5058179329227
884,TRUE,FALSE,2,15,0.535714285714286,0.49798153393589,0.498713469951332,14.5448323066393,14.2197125256674
885,TRUE,FALSE,1,23,0.821428571428571,0.784399008824576,0.78548170708929,71.1327857631759,66.5468856947296
886,FALSE,TRUE,3,14,0.5,0.486088061066008,0.485259760753287,10.9856262833676,12.5085557837098
887,TRUE,FALSE,4,24,0.857142857142857,0.826341278059503,0.82448565974824,78.5420944558522,74.9315537303217
888,TRUE,FALSE,3,19,0.678571428571429,0.641995173635618,0.640685199813672,39.2026009582478,37.1492128678987
889,TRUE,FALSE,2,19,0.678571428571429,0.663922885276056,0.66519359021203,39.2026009582478,42.0431211498973
890,TRUE,FALSE,3,23,0.821428571428571,0.797793814460293,0.798452054507196,71.1327857631759,69.0109514031485
891,FALSE,TRUE,2,26,0.928571428571429,0.937308500070776,0.938258639077039,90.9479808350445,93.1382614647502
892,FALSE,TRUE,4,19,0.678571428571429,0.629247516034307,0.627804378484834,39.2026009582478,34.3086926762491
893,TRUE,FALSE,5,25,0.892857142857143,0.866830368292264,0.867751481708103,85.2669404517454,82.5975359342916
894,TRUE,FALSE,5,21,0.75,0.697066001862824,0.696418917015549,54.7741273100616,48.8535249828884
895,TRUE,FALSE,3,20,0.714285714285714,0.672481716300032,0.674026706300451,47.1594798083504,43.8569472963723
896,TRUE,FALSE,3,19,0.678571428571429,0.660058596518559,0.660909559100113,39.2026009582478,40.9822039698836
897,TRUE,FALSE,5,22,0.785714285714286,0.775364812075078,0.775477564925995,62.9876796714579,64.8015058179329
898,TRUE,FALSE,2,18,0.642857142857143,0.615339988694215,0.617821521648332,31.6392881587953,32.0499657768652
899,TRUE,FALSE,1,24,0.857142857142857,0.834520029441099,0.834922300378486,78.5420944558522,76.7111567419576
900,TRUE,FALSE,5,16,0.571428571428571,0.515931929655174,0.517036694537799,19.4216290212183,15.8966461327858
901,TRUE,FALSE,3,20,0.714285714285714,0.682305718516154,0.683532485728837,47.1594798083504,45.6707734428474
902,TRUE,FALSE,2,25,0.892857142857143,0.870799372848305,0.868925473794655,85.2669404517454,83.1108829568789
903,TRUE,FALSE,1,22,0.785714285714286,0.777321623013687,0.777112024425539,62.9876796714579,65.2464065708419
904,TRUE,FALSE,3,20,0.714285714285714,0.689520230126371,0.689729530372727,47.1594798083504,47.5188227241615
905,FALSE,TRUE,5,23,0.821428571428571,0.80443358795917,0.803525813125535,71.1327857631759,70.4140999315537
906,FALSE,TRUE,5,13,0.464285714285714,0.420664947587841,0.420325784944507,8.02532511978097,7.10130047912389
907,TRUE,FALSE,1,28,1,1,1,98.6652977412731,98.6652977412731
908,TRUE,FALSE,4,14,0.5,0.498128763367228,0.497986455683005,10.9856262833676,14.2539356605065
909,TRUE,FALSE,4,19,0.678571428571429,0.676648973212172,0.675088438229079,39.2026009582478,44.5071868583162
910,TRUE,FALSE,4,14,0.5,0.479867640630794,0.479757712106011,10.9856262833676,11.9267624914442
911,TRUE,FALSE,5,24,0.857142857142857,0.849688093284021,0.848908016662795,78.5420944558522,79.8254620123203
912,TRUE,FALSE,1,22,0.785714285714286,0.789038295893981,0.787691233194415,62.9876796714579,67.6078028747433
913,FALSE,TRUE,2,23,0.821428571428571,0.804269514063365,0.802759272872927,71.1327857631759,70.3798767967146
914,TRUE,FALSE,2,25,0.892857142857143,0.888774395506531,0.888494799156759,85.2669404517454,86.1054072553046
915,TRUE,FALSE,5,19,0.678571428571429,0.645389489784827,0.64720681427421,39.2026009582478,37.8678986995209
916,FALSE,TRUE,4,17,0.607142857142857,0.569834519379268,0.570273190461842,25.2908966461328,24.3839835728953
917,TRUE,FALSE,3,24,0.857142857142857,0.843267179652558,0.843287638827316,78.5420944558522,78.6618754277892
918,TRUE,FALSE,5,16,0.571428571428571,0.554948968419733,0.554620084004438,19.4216290212183,21.6803559206023
919,TRUE,FALSE,2,22,0.785714285714286,0.727885130339122,0.727609407438618,62.9876796714579,55.1163586584531
920,TRUE,FALSE,5,28,1,1,1,98.6652977412731,98.6652977412731
921,TRUE,FALSE,3,17,0.607142857142857,0.55653091837955,0.554572737427966,25.2908966461328,21.9883641341547
922,FALSE,TRUE,2,23,0.821428571428571,0.803892260595759,0.804313060858737,71.1327857631759,70.2772073921971
923,TRUE,FALSE,1,22,0.785714285714286,0.736768642173617,0.738083760671145,62.9876796714579,56.6563997262149
924,TRUE,FALSE,5,11,0.392857142857143,0.356333904281998,0.357854766498736,4.15811088295688,3.61054072553046
925,FALSE,TRUE,1,19,0.678571428571429,0.646500491753704,0.648301672481848,39.2026009582478,38.2785763175907
926,TRUE,FALSE,4,20,0.714285714285714,0.669984443555246,0.668760582061895,47.1594798083504,43.3436002737851
927,TRUE,FALSE,4,19,0.678571428571429,0.622850151110939,0.623009654988821,39.2026009582478,33.0424366872005
928,FALSE,TRUE,3,17,0.607142857142857,0.6049184032127,0.603839444787871,25.2908966461328,30.4414784394251
929,TRUE,FALSE,2,23,0.821428571428571,0.773437220974594,0.773291297987432,71.1327857631759,64.1170431211499
930,TRUE,FALSE,3,16,0.571428571428571,0.538981008768425,0.539056663627882,19.4216290212183,19.4900752908966
931,TRUE,FALSE,1,16,0.571428571428571,0.54020744378834,0.541334479340476,19.4216290212183,19.5927446954141
932,TRUE,FALSE,1,24,0.857142857142857,0.830694108235967,0.830757775443701,78.5420944558522,75.9582477754962
933,FALSE,TRUE,2,17,0.607142857142857,0.565629284597217,0.56719129143544,25.2908966461328,23.5284052019165
934,TRUE,FALSE,1,22,0.785714285714286,0.764378356308069,0.766440642266655,62.9876796714579,62.3032169746749
935,FALSE,TRUE,2,13,0.464285714285714,0.449055868870237,0.448507690595892,8.02532511978097,8.91512662559891
936,FALSE,TRUE,1,11,0.392857142857143,0.352604294153183,0.352635397117377,4.15811088295688,3.4394250513347
937,TRUE,FALSE,5,19,0.678571428571429,0.646710556347754,0.648500957091728,39.2026009582478,38.3127994524298
938,FALSE,TRUE,1,15,0.535714285714286,0.487709923072317,0.488352954415319,14.5448323066393,12.8165639972621
939,TRUE,FALSE,1,22,0.785714285714286,0.75651125120734,0.756402651247091,62.9876796714579,60.5920602327173
940,FALSE,TRUE,4,14,0.5,0.497393437563234,0.499080978634499,10.9856262833676,14.0828199863107
941,TRUE,FALSE,4,22,0.785714285714286,0.764793883293947,0.764088340824591,62.9876796714579,62.5085557837098
942,TRUE,FALSE,3,11,0.392857142857143,0.35825569404319,0.360139209207553,4.15811088295688,3.67898699520876
943,FALSE,TRUE,5,22,0.785714285714286,0.745351020225866,0.747076223073184,62.9876796714579,58.2306639288159
944,TRUE,FALSE,3,27,0.964285714285714,0.965671677471978,0.965271700454804,95.4312114989733,95.9103353867214
945,TRUE,FALSE,3,19,0.678571428571429,0.641418353812935,0.64214387763545,39.2026009582478,37.0123203285421
946,TRUE,FALSE,3,19,0.678571428571429,0.660957513041501,0.661431032604068,39.2026009582478,41.2217659137577
947,TRUE,FALSE,3,26,0.928571428571429,0.913591568740723,0.913225951605615,90.9479808350445,89.5448323066393
948,FALSE,TRUE,2,24,0.857142857142857,0.825696595069323,0.825476985248781,78.5420944558522,74.8288843258042
949,TRUE,FALSE,3,19,0.678571428571429,0.641775695309121,0.642124602476763,39.2026009582478,37.0807665982204
950,TRUE,FALSE,2,22,0.785714285714286,0.751791534236563,0.751028620755761,62.9876796714579,59.6338124572211
951,FALSE,TRUE,4,19,0.678571428571429,0.648317434599177,0.648304299659222,39.2026009582478,38.5181382614647
952,TRUE,FALSE,5,25,0.892857142857143,0.885856520351481,0.885900342047848,85.2669404517454,85.7460643394935
953,TRUE,FALSE,5,21,0.75,0.744793860414362,0.743600582206948,54.7741273100616,57.9568788501027
954,FALSE,TRUE,4,19,0.678571428571429,0.661587400387776,0.660465711646542,39.2026009582478,41.5639972621492
955,TRUE,FALSE,4,23,0.821428571428571,0.822256271787485,0.821935552453852,71.1327857631759,74.1101984941821
956,FALSE,TRUE,3,16,0.571428571428571,0.518137760740618,0.519575116967838,19.4216290212183,16.2046543463381
957,FALSE,TRUE,3,19,0.678571428571429,0.636547699761521,0.637438629225917,39.2026009582478,35.7802874743327
958,TRUE,FALSE,1,20,0.714285714285714,0.682591961478061,0.682581601717499,47.1594798083504,45.7049965776865
959,TRUE,FALSE,3,16,0.571428571428571,0.531213358467727,0.530926869805834,19.4216290212183,18.1895961670089
960,TRUE,FALSE,3,17,0.607142857142857,0.596854660120999,0.597926579159395,25.2908966461328,28.9014373716632
961,TRUE,FALSE,2,23,0.821428571428571,0.807431440340452,0.80868014066414,71.1327857631759,71.2354551676934
962,TRUE,FALSE,3,18,0.642857142857143,0.589658853886256,0.589163572388888,31.6392881587953,27.4298425735797
963,FALSE,TRUE,2,20,0.714285714285714,0.678959102248872,0.677918347701884,47.1594798083504,44.8836413415469
964,FALSE,TRUE,4,17,0.607142857142857,0.599804863644327,0.598205593100826,25.2908966461328,29.5516769336071
965,TRUE,FALSE,2,25,0.892857142857143,0.880769447575039,0.88042442095564,85.2669404517454,84.6167008898015
966,FALSE,TRUE,1,25,0.892857142857143,0.903734684741371,0.903668504942504,85.2669404517454,88.5181382614648
967,FALSE,TRUE,5,24,0.857142857142857,0.84848886819898,0.84786078581417,78.5420944558522,79.6885694729637
968,TRUE,FALSE,1,21,0.75,0.709826618452058,0.710596135158705,54.7741273100616,51.2149212867899
969,FALSE,TRUE,2,21,0.75,0.697839200560861,0.697029805289884,54.7741273100616,49.0588637919233
970,TRUE,FALSE,1,24,0.857142857142857,0.837714096771333,0.838196648916108,78.5420944558522,77.4982888432581
971,TRUE,FALSE,3,17,0.607142857142857,0.582767891449284,0.581914443643322,25.2908966461328,26.7453798767967
972,FALSE,TRUE,2,18,0.642857142857143,0.606890244538338,0.607741559629704,31.6392881587953,30.7494866529774
973,FALSE,TRUE,4,25,0.892857142857143,0.864315078029239,0.86290473669127,85.2669404517454,82.3750855578371
974,TRUE,FALSE,5,14,0.5,0.457004714871232,0.458379907570081,10.9856262833676,9.73648186173854
975,TRUE,FALSE,1,23,0.821428571428571,0.825936041098617,0.826777974961321,71.1327857631759,74.8631074606434
976,TRUE,FALSE,3,19,0.678571428571429,0.645867375198499,0.644526229634899,39.2026009582478,38.0732375085558
977,TRUE,FALSE,2,18,0.642857142857143,0.602435027685067,0.601521472038775,31.6392881587953,30.0992470910335
978,TRUE,FALSE,1,18,0.642857142857143,0.614782916747682,0.615685313024675,31.6392881587953,31.9472963723477
979,FALSE,TRUE,1,9,0.321428571428571,0.29057618284972,0.29175987038247,1.36892539356605,1.18069815195072
980,TRUE,FALSE,4,22,0.785714285714286,0.753472696619512,0.752282178480139,62.9876796714579,59.9418206707734
981,TRUE,FALSE,5,16,0.571428571428571,0.570814789529435,0.570614638327061,19.4216290212183,24.555099247091
982,TRUE,FALSE,3,22,0.785714285714286,0.792176318397433,0.79336843136325,62.9876796714579,68.1553730321697
983,FALSE,TRUE,3,23,0.821428571428571,0.805228573047123,0.804390627157324,71.1327857631759,70.6194387405886
984,TRUE,FALSE,1,22,0.785714285714286,0.777361544937191,0.776875229710211,62.9876796714579,65.280629705681
985,TRUE,FALSE,4,18,0.642857142857143,0.587259911448658,0.587062932176381,31.6392881587953,27.2245037645448
986,TRUE,FALSE,2,25,0.892857142857143,0.878181704385665,0.877751404398572,85.2669404517454,84.3429158110883
987,FALSE,TRUE,3,16,0.571428571428571,0.542545113083448,0.542354519731872,19.4216290212183,19.8323066392882
988,FALSE,TRUE,5,21,0.75,0.707372331527162,0.707368182966207,54.7741273100616,50.6673511293634
989,TRUE,FALSE,4,19,0.678571428571429,0.646246032946809,0.644966399462348,39.2026009582478,38.2101300479124
990,TRUE,FALSE,3,10,0.357142857142857,0.309845173977281,0.310352861827785,2.56673511293634,1.69404517453799
991,TRUE,FALSE,5,22,0.785714285714286,0.76872826577403,0.768336154007873,62.9876796714579,63.227241615332
992,TRUE,FALSE,2,25,0.892857142857143,0.891369809304145,0.891340950446236,85.2669404517454,86.6700889801506
993,TRUE,FALSE,4,26,0.928571428571429,0.931133808422064,0.931891164872961,90.9479808350445,92.3682409308693
994,TRUE,FALSE,4,18,0.642857142857143,0.589435578698559,0.589706806175913,31.6392881587953,27.3613963039014
995,FALSE,TRUE,5,15,0.535714285714286,0.511378378252043,0.511211491057477,14.5448323066393,15.4859685147159
996,TRUE,FALSE,3,20,0.714285714285714,0.683181920295668,0.685708326433325,47.1594798083504,45.9103353867214
997,FALSE,TRUE,1,26,0.928571428571429,0.929781681949142,0.93012649347541,90.9479808350445,92.1457905544148
998,TRUE,FALSE,1,22,0.785714285714286,0.802081316376615,0.802065166119982,62.9876796714579,69.8323066392881
999,TRUE,FALSE,5,18,0.642857142857143,0.608539363726006,0.609688607989006,31.6392881587953,31.0574948665298
1000,FALSE,TRUE,2,15,0.535714285714286,0.509143785352643,0.506950833678501,14.5448323066393,15.3832991101985
1001,FALSE,TRUE,5,11,0.392857142857143,0.379167594823629,0.378895467718178,4.15811088295688,4.67145790554415
1002,FALSE,TRUE,2,13,0.464285714285714,0.438899214236074,0.439991599668546,8.02532511978097,8.40177960301164
1003,TRUE,FALSE,2,15,0.535714285714286,0.514439550131261,0.51483787414214,14.5448323066393,15.8281998631075
1004,FALSE,TRUE,1,17,0.607142857142857,0.568866831679786,0.569852535597532,25.2908966461328,24.1101984941821
1005,TRUE,FALSE,5,22,0.785714285714286,0.750903217146056,0.750141384830836,62.9876796714579,59.394250513347
1006,TRUE,FALSE,4,20,0.714285714285714,0.681803865506631,0.682039680317336,47.1594798083504,45.6023271731691
1007,TRUE,FALSE,3,14,0.5,0.47293740321426,0.472255673470594,10.9856262833676,11.2422997946612
1008,TRUE,FALSE,5,18,0.642857142857143,0.621082316778469,0.622825596078866,31.6392881587953,32.8028747433265
1009,FALSE,TRUE,1,11,0.392857142857143,0.381351487838004,0.383931779891449,4.15811088295688,4.7741273100616
1010,TRUE,FALSE,4,19,0.678571428571429,0.68438297217413,0.684747297373425,39.2026009582478,46.1841204654346
1011,FALSE,TRUE,2,20,0.714285714285714,0.676958452641878,0.677922423485825,47.1594798083504,44.5756331279945
1012,TRUE,FALSE,2,17,0.607142857142857,0.573325234506883,0.5746978513272,25.2908966461328,25
1013,TRUE,FALSE,4,17,0.607142857142857,0.578655408498074,0.578959628509601,25.2908966461328,26.0951403148528
1014,TRUE,FALSE,1,15,0.535714285714286,0.498131693346112,0.499249302227762,14.5448323066393,14.2881587953457
1015,FALSE,TRUE,2,18,0.642857142857143,0.591903963657422,0.592551573084765,31.6392881587953,27.9089664613279
1016,TRUE,FALSE,5,20,0.714285714285714,0.699042086879474,0.699698605849261,47.1594798083504,49.3668720054757
1017,TRUE,FALSE,4,18,0.642857142857143,0.603832219285822,0.603298046088416,31.6392881587953,30.201916495551
1018,TRUE,FALSE,1,21,0.75,0.757556697292348,0.756258484108396,54.7741273100616,60.7973990417522
1019,TRUE,FALSE,1,10,0.357142857142857,0.319922408246665,0.321232751095253,2.56673511293634,2.07049965776865
1020,TRUE,FALSE,4,22,0.785714285714286,0.766309320824607,0.765010209724479,62.9876796714579,62.7481177275839
1021,TRUE,FALSE,4,25,0.892857142857143,0.882172235585292,0.882219963472805,85.2669404517454,85.0102669404518
1022,TRUE,FALSE,4,21,0.75,0.716792369006093,0.71834687997512,54.7741273100616,53.0287474332649
1023,TRUE,FALSE,2,16,0.571428571428571,0.547881633527727,0.549070302819248,19.4216290212183,20.482546201232
1024,FALSE,TRUE,2,14,0.5,0.458023320983209,0.458113505427425,10.9856262833676,9.94182067077344
1025,TRUE,FALSE,3,18,0.642857142857143,0.629682320266586,0.629984282773339,31.6392881587953,34.4798083504449
1026,TRUE,FALSE,2,19,0.678571428571429,0.625982270545618,0.62660212289051,39.2026009582478,33.6584531143053
1027,TRUE,FALSE,2,19,0.678571428571429,0.625446154092294,0.62573575948792,39.2026009582478,33.5557837097878
1028,TRUE,FALSE,2,18,0.642857142857143,0.623209174513996,0.624058931219088,31.6392881587953,33.145106091718
1029,TRUE,FALSE,4,18,0.642857142857143,0.590692958383967,0.590631966484238,31.6392881587953,27.6009582477755
1030,TRUE,FALSE,5,23,0.821428571428571,0.814144369803529,0.814432456788514,71.1327857631759,72.741273100616
1031,TRUE,FALSE,3,15,0.535714285714286,0.497451579443504,0.497770858158213,14.5448323066393,14.1170431211499
1032,FALSE,TRUE,1,17,0.607142857142857,0.559922092320531,0.5614642099257,25.2908966461328,22.7070499657769
1033,TRUE,FALSE,4,21,0.75,0.739128527351539,0.740621342737005,54.7741273100616,57.135523613963
1034,FALSE,TRUE,3,19,0.678571428571429,0.659953369788996,0.660392194834884,39.2026009582478,40.9137577002053
1035,FALSE,TRUE,2,22,0.785714285714286,0.754452583231998,0.753869801561452,62.9876796714579,60.1129363449692
1036,TRUE,FALSE,4,21,0.75,0.738614984133767,0.738843137845575,54.7741273100616,56.9986310746064
1037,TRUE,FALSE,2,19,0.678571428571429,0.65865054819247,0.657668385848905,39.2026009582478,40.5373032169747
1038,FALSE,TRUE,1,20,0.714285714285714,0.675844091457519,0.676779086251448,47.1594798083504,44.2676249144422
1039,TRUE,FALSE,1,26,0.928571428571429,0.929612640983064,0.929496423721562,90.9479808350445,92.1115674195756
1040,TRUE,FALSE,5,21,0.75,0.760836792123574,0.759900241889808,54.7741273100616,61.4476386036961
1041,FALSE,TRUE,4,19,0.678571428571429,0.649558737837952,0.648830374289643,39.2026009582478,38.791923340178
1042,TRUE,FALSE,2,16,0.571428571428571,0.536189772481504,0.535348439439198,19.4216290212183,18.9425051334702
1043,TRUE,FALSE,5,20,0.714285714285714,0.703348979197737,0.703654324545145,47.1594798083504,50.0513347022587
1044,TRUE,FALSE,5,17,0.607142857142857,0.573505429118668,0.574285091823815,25.2908966461328,25.0342231348392
1045,TRUE,FALSE,3,22,0.785714285714286,0.798713896280868,0.798170389371657,62.9876796714579,69.3189596167009
1046,TRUE,FALSE,1,25,0.892857142857143,0.904564380097128,0.904998953135024,85.2669404517454,88.5523613963039
1047,TRUE,FALSE,2,16,0.571428571428571,0.533319215305603,0.534569061215669,19.4216290212183,18.6344969199179
1048,TRUE,FALSE,3,23,0.821428571428571,0.851165247946046,0.851747546418008,71.1327857631759,80.0992470910335
1049,TRUE,FALSE,5,16,0.571428571428571,0.531802850700996,0.530955374860503,19.4216290212183,18.3949349760438
1050,TRUE,FALSE,3,13,0.464285714285714,0.419620973805717,0.419615908788784,8.02532511978097,6.99863107460643
1051,TRUE,FALSE,3,18,0.642857142857143,0.625556141753103,0.626540860760104,31.6392881587953,33.590006844627
1052,TRUE,FALSE,3,26,0.928571428571429,0.92603713506396,0.92662991563409,90.9479808350445,91.2217659137577
1053,TRUE,FALSE,1,27,0.964285714285714,0.960675975792669,0.960370954279214,95.4312114989733,94.6954140999316
1054,FALSE,TRUE,3,22,0.785714285714286,0.779848939734133,0.781707710064424,62.9876796714579,65.8281998631075
1055,TRUE,FALSE,3,11,0.392857142857143,0.366625748253586,0.366648833232238,4.15811088295688,4.08966461327858
1056,TRUE,FALSE,4,23,0.821428571428571,0.798499355707709,0.799444815933939,71.1327857631759,69.1820670773443
1057,TRUE,FALSE,4,26,0.928571428571429,0.892854833847045,0.891696940310245,90.9479808350445,86.9609856262834
1058,FALSE,TRUE,3,21,0.75,0.725189873749453,0.725827080402413,54.7741273100616,54.4318959616701
1059,TRUE,FALSE,3,13,0.464285714285714,0.457223260654237,0.458118197795002,8.02532511978097,9.80492813141684
1060,FALSE,TRUE,4,14,0.5,0.480062438403185,0.482667940186447,10.9856262833676,11.9609856262834
1061,TRUE,FALSE,2,22,0.785714285714286,0.752601389718939,0.752689847506796,62.9876796714579,59.7022587268994
1062,TRUE,FALSE,2,13,0.464285714285714,0.442947663462594,0.442019062875805,8.02532511978097,8.67556468172485
1063,TRUE,FALSE,2,23,0.821428571428571,0.785559580694344,0.785416979929548,71.1327857631759,66.8206707734428
1064,FALSE,TRUE,4,24,0.857142857142857,0.829406957353434,0.828655658362635,78.5420944558522,75.6502395619439
1065,TRUE,FALSE,3,13,0.464285714285714,0.419463722410154,0.420901701529154,8.02532511978097,6.93018480492813
1066,FALSE,TRUE,5,18,0.642857142857143,0.599534224492061,0.600551824723238,31.6392881587953,29.4832306639288
1067,TRUE,FALSE,5,13,0.464285714285714,0.426037527414863,0.426351221631517,8.02532511978097,7.5119780971937
1068,FALSE,TRUE,2,18,0.642857142857143,0.612808345371199,0.613395376352843,31.6392881587953,31.7419575633128
1069,TRUE,FALSE,1,16,0.571428571428571,0.568900388758976,0.569944104771621,19.4216290212183,24.1444216290212
1070,TRUE,FALSE,1,19,0.678571428571429,0.626087542015434,0.627175203714072,39.2026009582478,33.6926762491444
1071,FALSE,TRUE,4,10,0.357142857142857,0.33201011005954,0.332741230383638,2.56673511293634,2.58384668035592
1072,TRUE,FALSE,1,23,0.821428571428571,0.814904493803982,0.814508306750242,71.1327857631759,72.9466119096509
1073,TRUE,FALSE,3,21,0.75,0.723933106164424,0.7242309368495,54.7741273100616,54.2265571526352
1074,TRUE,FALSE,1,20,0.714285714285714,0.714714729836265,0.71395334578336,47.1594798083504,52.3442847364819
1075,FALSE,TRUE,3,15,0.535714285714286,0.523682474313165,0.524459633227648,14.5448323066393,16.854893908282
1076,TRUE,FALSE,4,18,0.642857142857143,0.615440009317023,0.613464130980062,31.6392881587953,32.1184120465435
1077,FALSE,TRUE,3,9,0.321428571428571,0.313682337251709,0.314685812199593,1.36892539356605,1.79671457905544
1078,TRUE,FALSE,3,8,0.285714285714286,0.283060358754997,0.282977796367468,0.735797399041752,1.04380561259411
1079,TRUE,FALSE,3,24,0.857142857142857,0.843013662921732,0.843375278244577,78.5420944558522,78.5249828884326
1080,FALSE,TRUE,4,19,0.678571428571429,0.688504436148518,0.688500964359596,39.2026009582478,47.2792607802875
1081,TRUE,FALSE,5,17,0.607142857142857,0.573673323525134,0.572881350337828,25.2908966461328,25.1026694045175
1082,FALSE,TRUE,1,24,0.857142857142857,0.827428926701816,0.829039884049524,78.5420944558522,75.0684462696783
1083,FALSE,TRUE,5,17,0.607142857142857,0.56861589972674,0.569575158729598,25.2908966461328,24.0417522245038
1084,TRUE,FALSE,2,24,0.857142857142857,0.833614328981687,0.833616350437767,78.5420944558522,76.574264202601
1085,FALSE,TRUE,5,25,0.892857142857143,0.884106998736402,0.884218102741654,85.2669404517454,85.5065023956194
1086,TRUE,FALSE,3,19,0.678571428571429,0.645907067063987,0.646557624768409,39.2026009582478,38.1074606433949
1087,TRUE,FALSE,2,10,0.357142857142857,0.344322659597152,0.344144105400733,2.56673511293634,3.13141683778234
1088,TRUE,FALSE,2,10,0.357142857142857,0.331265503646831,0.329585359002594,2.56673511293634,2.54962354551677
1089,FALSE,TRUE,2,21,0.75,0.738400163339405,0.739999637263575,54.7741273100616,56.895961670089
1090,TRUE,FALSE,3,21,0.75,0.715381218748975,0.715513962001359,54.7741273100616,52.5838466803559
1091,TRUE,FALSE,3,14,0.5,0.450406713878398,0.450841661319448,10.9856262833676,9.12046543463381
1092,TRUE,FALSE,4,15,0.535714285714286,0.484778522743133,0.483004475336891,14.5448323066393,12.4058863791923
1093,TRUE,FALSE,5,25,0.892857142857143,0.860907413320339,0.861494584454414,85.2669404517454,81.8104038329911
1094,FALSE,TRUE,5,10,0.357142857142857,0.325781693887173,0.328530651542386,2.56673511293634,2.31006160164271
1095,FALSE,TRUE,4,16,0.571428571428571,0.55716231338369,0.557414114234028,19.4216290212183,22.296372347707
1096,TRUE,FALSE,5,14,0.5,0.458821250882696,0.460486280591365,10.9856262833676,10.07871321013
1097,TRUE,FALSE,4,20,0.714285714285714,0.675798403638336,0.675175632424263,47.1594798083504,44.1991786447639
1098,FALSE,TRUE,5,18,0.642857142857143,0.62414221210293,0.623800543135372,31.6392881587953,33.3162217659138
1099,TRUE,FALSE,5,13,0.464285714285714,0.460256514825034,0.459382371302318,8.02532511978097,10.2498288843258
1100,TRUE,FALSE,1,16,0.571428571428571,0.543354796950265,0.544722536165693,19.4216290212183,20.0034223134839
1101,TRUE,FALSE,5,16,0.571428571428571,0.548203529923348,0.549165562717642,19.4216290212183,20.5852156057495
1102,TRUE,FALSE,4,13,0.464285714285714,0.423514551866097,0.422073193151418,8.02532511978097,7.3750855578371
1103,TRUE,FALSE,1,22,0.785714285714286,0.779265762100924,0.778650107344286,62.9876796714579,65.7597535934292
1104,TRUE,FALSE,5,12,0.428571428571429,0.38293018716478,0.384837426651947,5.78370978781656,4.87679671457906
1105,TRUE,FALSE,3,18,0.642857142857143,0.62657209304652,0.625891138663013,31.6392881587953,33.7611225188227
1106,FALSE,TRUE,2,14,0.5,0.487922491678491,0.48900979576146,10.9856262833676,12.8850102669405
1107,TRUE,FALSE,1,18,0.642857142857143,0.609995236377625,0.61022449408668,31.6392881587953,31.2286105407255
1108,FALSE,TRUE,4,22,0.785714285714286,0.768895396058948,0.767428906424523,62.9876796714579,63.2956878850103
1109,FALSE,TRUE,3,17,0.607142857142857,0.561886049493065,0.562080628452074,25.2908966461328,22.9466119096509
1110,TRUE,FALSE,1,20,0.714285714285714,0.702577320689842,0.702935268727582,47.1594798083504,49.7433264887064
1111,FALSE,TRUE,5,12,0.428571428571429,0.390301337772389,0.389599340571609,5.78370978781656,5.25325119780972
1112,FALSE,TRUE,1,24,0.857142857142857,0.860381231261947,0.860001796794886,78.5420944558522,81.6392881587953
1113,FALSE,TRUE,4,23,0.821428571428571,0.803255011009706,0.803569318174274,71.1327857631759,70.1403148528405
1114,TRUE,FALSE,4,12,0.428571428571429,0.389751724630993,0.388491752760117,5.78370978781656,5.21902806297057
1115,TRUE,FALSE,2,23,0.821428571428571,0.818165413473495,0.817828990192542,71.1327857631759,73.5284052019165
1116,TRUE,FALSE,1,22,0.785714285714286,0.749412538922899,0.750529540664836,62.9876796714579,58.9493497604381
1117,FALSE,TRUE,2,16,0.571428571428571,0.551448584480703,0.553112887400088,19.4216290212183,21.0301163586585
1118,TRUE,FALSE,4,27,0.964285714285714,0.968867984171651,0.968974883959336,95.4312114989733,96.9712525667351
1119,TRUE,FALSE,5,19,0.678571428571429,0.656520176978394,0.657859331505197,39.2026009582478,40.1266255989049
1120,TRUE,FALSE,3,13,0.464285714285714,0.429128405327261,0.430389544316054,8.02532511978097,7.71731690622861
1121,TRUE,FALSE,5,21,0.75,0.727812375259092,0.726689705691966,54.7741273100616,55.082135523614
1122,FALSE,TRUE,5,16,0.571428571428571,0.536436856252289,0.536969265840444,19.4216290212183,19.0451745379877
1123,TRUE,FALSE,5,20,0.714285714285714,0.690224445366972,0.689137221550145,47.1594798083504,47.6899383983573
1124,TRUE,FALSE,2,18,0.642857142857143,0.593202408243253,0.591950231267225,31.6392881587953,28.2854209445585
1125,TRUE,FALSE,5,18,0.642857142857143,0.603349910125798,0.604664104038746,31.6392881587953,30.1676933607118
1126,TRUE,FALSE,4,14,0.5,0.47377285268524,0.473991987362586,10.9856262833676,11.4476386036961
1127,TRUE,FALSE,3,22,0.785714285714286,0.763765497662152,0.764362847996069,62.9876796714579,62.0294318959617
1128,TRUE,FALSE,1,15,0.535714285714286,0.504684673190841,0.507038666934746,14.5448323066393,14.8357289527721
1129,TRUE,FALSE,2,15,0.535714285714286,0.501849150228174,0.502846654261189,14.5448323066393,14.4250513347023
1130,TRUE,FALSE,5,18,0.642857142857143,0.597456276391206,0.599756851894226,31.6392881587953,28.9698836413415
1131,TRUE,FALSE,2,8,0.285714285714286,0.260424579542575,0.260645153427168,0.735797399041752,0.770020533880903
1132,TRUE,FALSE,2,24,0.857142857142857,0.832711404515505,0.832579471290521,78.5420944558522,76.4373716632444
1133,FALSE,TRUE,4,22,0.785714285714286,0.774657516706697,0.774511773741599,62.9876796714579,64.3908281998631
1134,TRUE,FALSE,2,22,0.785714285714286,0.771450652222805,0.771343317654994,62.9876796714579,63.7405886379192
1135,TRUE,FALSE,3,19,0.678571428571429,0.642511181544433,0.641402765780784,39.2026009582478,37.3203285420945
1136,TRUE,FALSE,2,19,0.678571428571429,0.662189452394721,0.662902019096204,39.2026009582478,41.7008898015058
1137,FALSE,TRUE,1,19,0.678571428571429,0.657760975657665,0.656556443397753,39.2026009582478,40.2635181382615
1138,TRUE,FALSE,3,21,0.75,0.741945169304353,0.741791678581166,54.7741273100616,57.5119780971937
1139,TRUE,FALSE,2,17,0.607142857142857,0.571409635065088,0.57122390351063,25.2908966461328,24.6577686516085
1140,TRUE,FALSE,4,23,0.821428571428571,0.81404490356153,0.812337734094549,71.1327857631759,72.7070499657769
1141,TRUE,FALSE,3,23,0.821428571428571,0.815441215578546,0.815517838377716,71.1327857631759,72.9808350444901
1142,TRUE,FALSE,1,22,0.785714285714286,0.768272973853859,0.768911772542353,62.9876796714579,63.0903490759754
1143,TRUE,FALSE,1,22,0.785714285714286,0.779073324495155,0.779131431055462,62.9876796714579,65.6570841889117
1144,TRUE,FALSE,5,19,0.678571428571429,0.637828080543325,0.638332670544824,39.2026009582478,36.1909650924025
1145,TRUE,FALSE,3,20,0.714285714285714,0.691641683991653,0.692059862587126,47.1594798083504,47.7926078028747
1146,TRUE,FALSE,1,19,0.678571428571429,0.664236927561677,0.663330078076636,39.2026009582478,42.1457905544148
1147,FALSE,TRUE,2,17,0.607142857142857,0.584370302427186,0.586051495612055,25.2908966461328,26.7796030116359
1148,TRUE,FALSE,1,25,0.892857142857143,0.868344589561467,0.868621080629075,85.2669404517454,82.7515400410678
1149,TRUE,FALSE,4,19,0.678571428571429,0.654742500486972,0.65438447230718,39.2026009582478,39.8528405201916
1150,TRUE,FALSE,1,18,0.642857142857143,0.620433545971054,0.619437276042954,31.6392881587953,32.7344284736482
1151,FALSE,TRUE,1,15,0.535714285714286,0.485947302216925,0.485278991496631,14.5448323066393,12.4743326488706
1152,TRUE,FALSE,1,21,0.75,0.703172758207573,0.703122395427672,54.7741273100616,49.9486652977413
1153,FALSE,TRUE,1,22,0.785714285714286,0.776335691735718,0.776138623390849,62.9876796714579,64.9726214921287
1154,TRUE,FALSE,4,22,0.785714285714286,0.780678141314217,0.779427764762131,62.9876796714579,65.9993155373032
1155,TRUE,FALSE,5,27,0.964285714285714,0.96086303624016,0.961130264254756,95.4312114989733,95.0034223134839
1156,TRUE,FALSE,2,22,0.785714285714286,0.786255228889159,0.786767421133363,62.9876796714579,66.8891170431211
1157,TRUE,FALSE,4,18,0.642857142857143,0.601624540197417,0.60008944952545,31.6392881587953,30.0650239561944
1158,TRUE,FALSE,3,16,0.571428571428571,0.538614190128404,0.539787964068546,19.4216290212183,19.4216290212183
1159,TRUE,FALSE,1,16,0.571428571428571,0.523362696717625,0.522317763261487,19.4216290212183,16.7864476386037
1160,TRUE,FALSE,4,27,0.964285714285714,0.962945029199725,0.962548117232068,95.4312114989733,95.3969883641341
1161,FALSE,TRUE,5,23,0.821428571428571,0.772414958578834,0.773532818796943,71.1327857631759,63.9459274469541
1162,FALSE,TRUE,4,15,0.535714285714286,0.497360706246749,0.498871637790831,14.5448323066393,14.0485968514716
1163,TRUE,FALSE,1,18,0.642857142857143,0.624660235837403,0.623915239593391,31.6392881587953,33.4531143052704
1164,TRUE,FALSE,5,10,0.357142857142857,0.345355893121177,0.346106127561284,2.56673511293634,3.16563997262149
1165,TRUE,FALSE,2,13,0.464285714285714,0.454397639079344,0.454570840175721,8.02532511978097,9.49691991786448
1166,TRUE,FALSE,1,26,0.928571428571429,0.926652084120495,0.926263320518687,90.9479808350445,91.409993155373
1167,TRUE,FALSE,1,28,1,1,1,98.6652977412731,98.6652977412731
1168,TRUE,FALSE,3,16,0.571428571428571,0.554527323172283,0.555239706939301,19.4216290212183,21.5092402464066
1169,TRUE,FALSE,4,8,0.285714285714286,0.26415384426393,0.26393290718834,0.735797399041752,0.872689938398357
1170,TRUE,FALSE,4,18,0.642857142857143,0.61198483223886,0.612284386172462,31.6392881587953,31.5023956194387
1171,FALSE,TRUE,3,17,0.607142857142857,0.574316914805803,0.575436287448582,25.2908966461328,25.2395619438741
1172,TRUE,FALSE,3,23,0.821428571428571,0.820325234556453,0.821287396811199,71.1327857631759,73.8364134154689
1173,FALSE,TRUE,1,17,0.607142857142857,0.562808259511187,0.563738810392608,25.2908966461328,23.1519507186858
1174,FALSE,TRUE,3,20,0.714285714285714,0.684772028499742,0.684471167004632,47.1594798083504,46.4236824093087
1175,FALSE,TRUE,1,19,0.678571428571429,0.644962893171272,0.645020739918806,39.2026009582478,37.7652292950034
1176,FALSE,TRUE,5,18,0.642857142857143,0.622932648304577,0.625197426606488,31.6392881587953,33.0766598220397
1177,TRUE,FALSE,1,16,0.571428571428571,0.535116390446858,0.53583646576834,19.4216290212183,18.8056125941136
1178,TRUE,FALSE,2,20,0.714285714285714,0.69331592648441,0.692382466858995,47.1594798083504,48.1690622861054
1179,FALSE,TRUE,2,24,0.857142857142857,0.860580315490129,0.861479877556657,78.5420944558522,81.7077344284736
1180,TRUE,FALSE,1,24,0.857142857142857,0.850704355893687,0.850081956793775,78.5420944558522,79.9623545516769
1181,TRUE,FALSE,3,24,0.857142857142857,0.841908288667832,0.841895987787779,78.5420944558522,78.2169746748802
1182,TRUE,FALSE,3,24,0.857142857142857,0.812761245181925,0.8135433544916,78.5420944558522,72.2450376454483
1183,FALSE,TRUE,3,6,0.214285714285714,0.193880865638322,0.194009500394094,0.136892539356605,0.0855578370978782
1184,FALSE,TRUE,4,14,0.5,0.473057585323284,0.471850235773331,10.9856262833676,11.2765229295003
1185,TRUE,FALSE,4,17,0.607142857142857,0.577422948665135,0.577013959888274,25.2908966461328,25.8898015058179
1186,TRUE,FALSE,1,16,0.571428571428571,0.527366489899813,0.529474161475384,19.4216290212183,17.7446954140999
1187,TRUE,FALSE,2,11,0.392857142857143,0.378128682218968,0.378704969677477,4.15811088295688,4.60301163586585
1188,FALSE,TRUE,2,12,0.428571428571429,0.402498879858408,0.401801319665654,5.78370978781656,6.07460643394935
1189,TRUE,FALSE,1,17,0.607142857142857,0.571500120548429,0.571332611948965,25.2908966461328,24.6919917864476
1190,TRUE,FALSE,3,22,0.785714285714286,0.754584730969907,0.753914320843464,62.9876796714579,60.1471594798084
1191,TRUE,FALSE,2,24,0.857142857142857,0.822414095852796,0.821952450873094,78.5420944558522,74.1786447638604
1192,TRUE,FALSE,2,11,0.392857142857143,0.387087799653037,0.387976577514606,4.15811088295688,5.08213552361396
1193,FALSE,TRUE,4,8,0.285714285714286,0.27416850595911,0.273859948503348,0.735797399041752,0.906913073237509
1194,TRUE,FALSE,4,17,0.607142857142857,0.568158782328363,0.568418788114964,25.2908966461328,23.9733059548255
1195,TRUE,FALSE,2,21,0.75,0.703272841217497,0.702841171509939,54.7741273100616,49.9828884325804
1196,FALSE,TRUE,4,19,0.678571428571429,0.639629548830432,0.637524676513565,39.2026009582478,36.4989733059548
1197,TRUE,FALSE,1,12,0.428571428571429,0.375844209349626,0.376336634174378,5.78370978781656,4.43189596167009
1198,TRUE,FALSE,3,19,0.678571428571429,0.64644715697219,0.64663693883652,39.2026009582478,38.2443531827515
1199,TRUE,FALSE,3,20,0.714285714285714,0.679588499977811,0.677957863334428,47.1594798083504,45.0547570157426
1200,FALSE,TRUE,5,16,0.571428571428571,0.53165704666415,0.533025271220459,19.4216290212183,18.2922655715264
1201,FALSE,TRUE,4,26,0.928571428571429,0.920993926001423,0.920496143049309,90.9479808350445,90.605749486653
1202,TRUE,FALSE,5,19,0.678571428571429,0.63045706254249,0.629937811874664,39.2026009582478,34.6509240246407
1203,TRUE,FALSE,4,13,0.464285714285714,0.4195225931084,0.419297014237447,8.02532511978097,6.96440793976728
1204,TRUE,FALSE,2,24,0.857142857142857,0.83658778397569,0.835191998752624,78.5420944558522,77.2929500342231
1205,TRUE,FALSE,2,24,0.857142857142857,0.839667357019956,0.837401902998342,78.5420944558522,77.8062970568104
1206,TRUE,FALSE,1,27,0.964285714285714,0.960675975792669,0.960370954279214,95.4312114989733,94.6954140999316
1207,TRUE,FALSE,3,15,0.535714285714286,0.50217094046929,0.501933240583531,14.5448323066393,14.5619438740589
1208,TRUE,FALSE,2,16,0.571428571428571,0.53089020201098,0.531342913943401,19.4216290212183,18.1211498973306
1209,TRUE,FALSE,1,25,0.892857142857143,0.89644722042501,0.895538701693178,85.2669404517454,87.5941136208077
1210,FALSE,TRUE,3,19,0.678571428571429,0.644036664324131,0.643062767801566,39.2026009582478,37.662559890486
1211,TRUE,FALSE,3,15,0.535714285714286,0.513860594355475,0.513280066414341,14.5448323066393,15.7597535934292
1212,FALSE,TRUE,5,15,0.535714285714286,0.477602292071563,0.478706288922036,14.5448323066393,11.6872005475702
1213,FALSE,TRUE,2,20,0.714285714285714,0.726703775128881,0.727803735167244,47.1594798083504,54.8767967145791
1214,TRUE,FALSE,3,26,0.928571428571429,0.92954395996432,0.928970769267515,90.9479808350445,92.0431211498973
1215,FALSE,TRUE,1,17,0.607142857142857,0.598142181258793,0.598424343974919,25.2908966461328,29.2094455852156
1216,FALSE,TRUE,2,16,0.571428571428571,0.520039781864499,0.520736713141874,19.4216290212183,16.5126625598905
1217,TRUE,FALSE,4,21,0.75,0.720852970633595,0.719714093011016,54.7741273100616,53.6105407255305
1218,FALSE,TRUE,5,18,0.642857142857143,0.587032009682699,0.588110415362548,31.6392881587953,27.1560574948665
1219,TRUE,FALSE,1,18,0.642857142857143,0.60531595585065,0.605523227020941,31.6392881587953,30.4757015742642
1220,TRUE,FALSE,5,10,0.357142857142857,0.308763975384064,0.308503938984756,2.56673511293634,1.65982203969884
1221,TRUE,FALSE,1,15,0.535714285714286,0.526732600897672,0.528520822610684,14.5448323066393,17.5735797399042
1222,TRUE,FALSE,2,19,0.678571428571429,0.63498034659465,0.634917420476932,39.2026009582478,35.403832991102
1223,FALSE,TRUE,1,19,0.678571428571429,0.645464813356721,0.647885191146398,39.2026009582478,37.9363449691992
1224,TRUE,FALSE,2,16,0.571428571428571,0.531487631141525,0.533366227895502,19.4216290212183,18.2580424366872
1225,FALSE,TRUE,5,13,0.464285714285714,0.465267062414864,0.465482637231837,8.02532511978097,10.6947296372348
1226,TRUE,FALSE,3,11,0.392857142857143,0.369204541241932,0.370339354000599,4.15811088295688,4.22655715263518
1227,TRUE,FALSE,1,21,0.75,0.750570559991741,0.752668529795807,54.7741273100616,59.2231348391513
1228,TRUE,FALSE,5,23,0.821428571428571,0.797062677001786,0.797805110793568,71.1327857631759,68.8398357289528
1229,TRUE,FALSE,2,17,0.607142857142857,0.594735908798583,0.59474099615377,25.2908966461328,28.5592060232717
1230,TRUE,FALSE,5,20,0.714285714285714,0.671281182365578,0.672480098998233,47.1594798083504,43.54893908282
1231,FALSE,TRUE,1,14,0.5,0.450174477768971,0.452273787153573,10.9856262833676,9.05201916495551
1232,TRUE,FALSE,1,15,0.535714285714286,0.509258438425368,0.511234437682444,14.5448323066393,15.4175222450376
1233,TRUE,FALSE,2,12,0.428571428571429,0.395502381969295,0.396666939367989,5.78370978781656,5.59548254620123
1234,TRUE,FALSE,2,13,0.464285714285714,0.463389335743399,0.464988362701801,8.02532511978097,10.5578370978782
1235,TRUE,FALSE,3,20,0.714285714285714,0.697373896101322,0.697741406976487,47.1594798083504,48.9561943874059
1236,FALSE,TRUE,2,12,0.428571428571429,0.437271167734432,0.439171718602207,5.78370978781656,8.26488706365503
1237,TRUE,FALSE,1,15,0.535714285714286,0.490171276171188,0.489368698640533,14.5448323066393,13.0561259411362
1238,FALSE,TRUE,3,20,0.714285714285714,0.667699261583148,0.667080008584161,47.1594798083504,42.7960301163587
1239,TRUE,FALSE,5,17,0.607142857142857,0.573533163093164,0.572989773786529,25.2908966461328,25.0684462696783
1240,TRUE,FALSE,3,13,0.464285714285714,0.413172000720123,0.411955304511682,8.02532511978097,6.55373032169747
1241,TRUE,FALSE,4,23,0.821428571428571,0.817533802658263,0.818173143481535,71.1327857631759,73.3915126625599
1242,TRUE,FALSE,2,18,0.642857142857143,0.618668344419491,0.617227172434963,31.6392881587953,32.5290896646133
1243,TRUE,FALSE,1,17,0.607142857142857,0.557594996428559,0.559170336658003,25.2908966461328,22.3648186173854
1244,TRUE,FALSE,3,17,0.607142857142857,0.568144763111572,0.569237555218791,25.2908966461328,23.9390828199863
1245,TRUE,FALSE,2,13,0.464285714285714,0.439947198995387,0.440540695923133,8.02532511978097,8.50444900752909
1246,TRUE,FALSE,2,15,0.535714285714286,0.517974121668962,0.51907288465386,14.5448323066393,16.1362080766598
1247,TRUE,FALSE,1,22,0.785714285714286,0.764236549285547,0.763258298650278,62.9876796714579,62.2689938398357
1248,TRUE,FALSE,4,12,0.428571428571429,0.389749592490678,0.389631401608752,5.78370978781656,5.18480492813142
1249,TRUE,FALSE,2,14,0.5,0.451847965179662,0.451605500744525,10.9856262833676,9.29158110882957
1250,TRUE,FALSE,1,19,0.678571428571429,0.646175638075341,0.648306887360273,39.2026009582478,38.1759069130732
1251,TRUE,FALSE,2,18,0.642857142857143,0.604057666826321,0.603127381626087,31.6392881587953,30.3388090349076
1252,TRUE,FALSE,2,16,0.571428571428571,0.53861476902413,0.537272807394311,19.4216290212183,19.4558521560575
1253,TRUE,FALSE,3,24,0.857142857142857,0.855578524631253,0.854803188986601,78.5420944558522,80.7494866529774
1254,FALSE,TRUE,4,12,0.428571428571429,0.391645036931256,0.392608433671964,5.78370978781656,5.35592060232717
1255,TRUE,FALSE,5,21,0.75,0.726327455066058,0.726536850722497,54.7741273100616,54.7399041752225
1256,FALSE,TRUE,4,20,0.714285714285714,0.68423996482277,0.683114501268814,47.1594798083504,46.1498973305955
1257,FALSE,TRUE,4,14,0.5,0.479559682129128,0.47946625792415,10.9856262833676,11.8583162217659
1258,TRUE,FALSE,3,23,0.821428571428571,0.792451911303436,0.792599258292371,71.1327857631759,68.2238193018481
1259,FALSE,TRUE,3,17,0.607142857142857,0.572174521063775,0.573841477868067,25.2908966461328,24.8631074606434
1260,TRUE,FALSE,2,28,1,1,1,98.6652977412731,98.6652977412731
1261,TRUE,FALSE,2,16,0.571428571428571,0.540619627202148,0.540511172372039,19.4216290212183,19.6954140999316
1262,FALSE,TRUE,1,16,0.571428571428571,0.532095928119875,0.532799419295344,19.4216290212183,18.4976043805613
1263,TRUE,FALSE,1,21,0.75,0.741811424357829,0.742435706414205,54.7741273100616,57.4435318275154
1264,FALSE,TRUE,3,20,0.714285714285714,0.684557211029313,0.685703667246165,47.1594798083504,46.3210130047912
1265,TRUE,FALSE,5,25,0.892857142857143,0.893578891888096,0.891980592836557,85.2669404517454,87.1149897330595
1266,TRUE,FALSE,4,14,0.5,0.455336767895679,0.453965990371244,10.9856262833676,9.56536618754278
1267,TRUE,FALSE,2,15,0.535714285714286,0.498678248219474,0.499167321920103,14.5448323066393,14.3223819301848
1268,FALSE,TRUE,5,23,0.821428571428571,0.803529548273336,0.803181418796113,71.1327857631759,70.2087611225188
1269,TRUE,FALSE,5,20,0.714285714285714,0.676340443986823,0.677677495831835,47.1594798083504,44.4387405886379
1270,TRUE,FALSE,4,17,0.607142857142857,0.556613017336133,0.55629327276975,25.2908966461328,22.056810403833
1271,TRUE,FALSE,1,12,0.428571428571429,0.398604497648296,0.398608476211039,5.78370978781656,5.80082135523614
1272,FALSE,TRUE,3,18,0.642857142857143,0.587210772252584,0.588103574252025,31.6392881587953,27.1902806297057
1273,TRUE,FALSE,2,12,0.428571428571429,0.377635482468481,0.376805546390409,5.78370978781656,4.53456536618754
1274,TRUE,FALSE,3,17,0.607142857142857,0.553205231363566,0.553729978320618,25.2908966461328,21.2354551676934
1275,FALSE,TRUE,1,28,1,1,1,98.6652977412731,98.6652977412731
1276,TRUE,FALSE,1,16,0.571428571428571,0.531916642836799,0.531242268963635,19.4216290212183,18.4633812457221
1277,FALSE,TRUE,3,20,0.714285714285714,0.669044062362295,0.669081825501579,47.1594798083504,43.1724845995893
1278,TRUE,FALSE,1,23,0.821428571428571,0.792206879285998,0.792747641396511,71.1327857631759,68.1895961670089
1279,FALSE,TRUE,2,28,1,1,1,98.6652977412731,98.6652977412731
1280,FALSE,TRUE,3,21,0.75,0.747048867308927,0.746210388228382,54.7741273100616,58.6071184120465
1281,FALSE,TRUE,2,20,0.714285714285714,0.696140091378936,0.69743401627838,47.1594798083504,48.5797399041752
1282,TRUE,FALSE,5,24,0.857142857142857,0.851767466574612,0.852335507597156,78.5420944558522,80.2361396303901
1283,TRUE,FALSE,2,12,0.428571428571429,0.411689509871439,0.411320805761839,5.78370978781656,6.51950718685832
1284,TRUE,FALSE,2,24,0.857142857142857,0.83370933808483,0.834523117620514,78.5420944558522,76.6084873374401
1285,FALSE,TRUE,2,21,0.75,0.70885027789515,0.709696003126314,54.7741273100616,50.9411362080767
1286,FALSE,TRUE,2,17,0.607142857142857,0.578018015900595,0.579336251089015,25.2908966461328,26.0266940451745
1287,TRUE,FALSE,1,22,0.785714285714286,0.760050262728869,0.760402204918349,62.9876796714579,61.208076659822
1288,FALSE,TRUE,1,16,0.571428571428571,0.54895966523402,0.548097509158404,19.4216290212183,20.6878850102669
1289,TRUE,FALSE,2,28,1,1,1,98.6652977412731,98.6652977412731
1290,TRUE,FALSE,3,19,0.678571428571429,0.634485268245962,0.635360612727634,39.2026009582478,35.3011635865845
1291,TRUE,FALSE,3,24,0.857142857142857,0.813609491097315,0.814284125268721,78.5420944558522,72.6386036960986
1292,TRUE,FALSE,4,23,0.821428571428571,0.792938178301435,0.791668765432996,71.1327857631759,68.3264887063655
1293,TRUE,FALSE,3,23,0.821428571428571,0.810070001467855,0.810025217926666,71.1327857631759,71.9199178644764
1294,FALSE,TRUE,1,22,0.785714285714286,0.768175058265188,0.76763986672364,62.9876796714579,62.9876796714579
1295,TRUE,FALSE,4,13,0.464285714285714,0.425210247985144,0.425649951849561,8.02532511978097,7.4435318275154
1296,TRUE,FALSE,2,24,0.857142857142857,0.847272287199168,0.847196393281985,78.5420944558522,79.4147843942505
1297,FALSE,TRUE,4,22,0.785714285714286,0.743177453090672,0.742535458514149,62.9876796714579,57.7173169062286
1298,TRUE,FALSE,3,26,0.928571428571429,0.928431102242552,0.928092578782895,90.9479808350445,91.6324435318275
1299,TRUE,FALSE,5,12,0.428571428571429,0.409541517174837,0.407640088730295,5.78370978781656,6.38261464750171
1300,TRUE,FALSE,2,16,0.571428571428571,0.556953999603279,0.556949412955136,19.4216290212183,22.2279260780287
1301,TRUE,FALSE,1,13,0.464285714285714,0.429698274231569,0.429610869131747,8.02532511978097,7.75154004106776
1302,FALSE,TRUE,3,18,0.642857142857143,0.606351262213532,0.607060096304377,31.6392881587953,30.6125941136208
1303,TRUE,FALSE,5,20,0.714285714285714,0.673390296776811,0.673593175441384,47.1594798083504,43.9596167008898
1304,TRUE,FALSE,5,12,0.428571428571429,0.394043116459252,0.39471437542822,5.78370978781656,5.45859000684463
1305,TRUE,FALSE,2,17,0.607142857142857,0.586805040099643,0.586869784895755,25.2908966461328,27.0876112251882
1306,TRUE,FALSE,5,21,0.75,0.742395971366089,0.743874954343452,54.7741273100616,57.6830937713895
1307,TRUE,FALSE,4,23,0.821428571428571,0.801862309168098,0.801038270670656,71.1327857631759,69.798083504449
1308,TRUE,FALSE,3,26,0.928571428571429,0.912478711018955,0.912347761120996,90.9479808350445,89.4421629021218
1309,TRUE,FALSE,4,27,0.964285714285714,0.968867984171651,0.968974883959336,95.4312114989733,96.9712525667351
1310,TRUE,FALSE,4,24,0.857142857142857,0.84734157926607,0.847645203688029,78.5420944558522,79.4490075290897
1311,FALSE,TRUE,4,19,0.678571428571429,0.634752326678815,0.632927229375144,39.2026009582478,35.3353867214237
1312,FALSE,TRUE,2,16,0.571428571428571,0.522836624986906,0.523182757279201,19.4216290212183,16.7180013689254
1313,TRUE,FALSE,5,18,0.642857142857143,0.621576445152025,0.622988744894229,31.6392881587953,32.8370978781656
1314,FALSE,TRUE,1,18,0.642857142857143,0.635455130812435,0.633517061032994,31.6392881587953,35.6091718001369
1315,FALSE,TRUE,3,26,0.928571428571429,0.930477575812159,0.931218129934328,90.9479808350445,92.2826830937714
1316,TRUE,FALSE,5,19,0.678571428571429,0.648609202313706,0.648261694583077,39.2026009582478,38.5523613963039
1317,TRUE,FALSE,4,23,0.821428571428571,0.816711897228921,0.817446190982686,71.1327857631759,73.186173853525
1318,TRUE,FALSE,5,24,0.857142857142857,0.857332586104915,0.856271725270991,78.5420944558522,81.1601642710472
1319,TRUE,FALSE,3,20,0.714285714285714,0.715172676204822,0.714626297469201,47.1594798083504,52.5154004106776
1320,FALSE,TRUE,5,21,0.75,0.736148516393109,0.735974042052694,54.7741273100616,56.4852840520192
1321,FALSE,TRUE,5,10,0.357142857142857,0.339058088826403,0.338340320961282,2.56673511293634,2.89185489390828
1322,TRUE,FALSE,3,22,0.785714285714286,0.766860442786432,0.76660925647932,62.9876796714579,62.8507871321013
1323,TRUE,FALSE,4,26,0.928571428571429,0.932339289255317,0.932588852729002,90.9479808350445,92.6249144421629
1324,TRUE,FALSE,1,21,0.75,0.718735959892924,0.718506861674037,54.7741273100616,53.3367556468172
1325,TRUE,FALSE,1,25,0.892857142857143,0.857444969491987,0.858444056590217,85.2669404517454,81.1943874058864
1326,TRUE,FALSE,2,17,0.607142857142857,0.595449122687596,0.597103272936174,25.2908966461328,28.6618754277892
1327,FALSE,TRUE,2,25,0.892857142857143,0.896419340504813,0.896919663337722,85.2669404517454,87.5598904859685
1328,TRUE,FALSE,1,17,0.607142857142857,0.569148455225741,0.56935823966667,25.2908966461328,24.2470910335387
1329,FALSE,TRUE,1,22,0.785714285714286,0.799758566696986,0.799786707438937,62.9876796714579,69.4216290212184
1330,TRUE,FALSE,2,18,0.642857142857143,0.605546847825575,0.606484174574248,31.6392881587953,30.5441478439425
1331,FALSE,TRUE,4,19,0.678571428571429,0.660825497097769,0.660352574874978,39.2026009582478,41.1533196440794
1332,TRUE,FALSE,1,19,0.678571428571429,0.654005911972963,0.653429198534399,39.2026009582478,39.715947980835
1333,TRUE,FALSE,4,23,0.821428571428571,0.806169598123529,0.807680191074625,71.1327857631759,70.8247775496235
1334,FALSE,TRUE,3,23,0.821428571428571,0.771304486848724,0.771611061242812,71.1327857631759,63.6379192334018
1335,TRUE,FALSE,2,27,0.964285714285714,0.968867984171651,0.968476429203688,95.4312114989733,96.9712525667351
1336,FALSE,TRUE,3,16,0.571428571428571,0.537761535639636,0.537308171916455,19.4216290212183,19.2162902121834
1337,TRUE,FALSE,1,27,0.964285714285714,0.953238799551541,0.952809535851396,95.4312114989733,94.0965092402464
1338,TRUE,FALSE,1,25,0.892857142857143,0.889965614120327,0.88994809904599,85.2669404517454,86.3278576317591
1339,TRUE,FALSE,3,24,0.857142857142857,0.857996777679389,0.858115325966195,78.5420944558522,81.331279945243
1340,TRUE,FALSE,2,24,0.857142857142857,0.853403010928248,0.853396665521099,78.5420944558522,80.4757015742642
1341,TRUE,FALSE,5,19,0.678571428571429,0.658058560478509,0.659296919927483,39.2026009582478,40.4004106776181
1342,FALSE,TRUE,3,13,0.464285714285714,0.435803469583346,0.435051159000767,8.02532511978097,8.05954825462012
1343,TRUE,FALSE,3,22,0.785714285714286,0.75590315019877,0.755881106133233,62.9876796714579,60.3867214236824
1344,TRUE,FALSE,5,21,0.75,0.73659065819991,0.736240898525174,54.7741273100616,56.5879534565366
1345,FALSE,TRUE,3,18,0.642857142857143,0.602991120582723,0.602708580596135,31.6392881587953,30.1334702258727
1346,TRUE,FALSE,3,22,0.785714285714286,0.765481594765497,0.76537965731201,62.9876796714579,62.5427789185489
1347,FALSE,TRUE,4,20,0.714285714285714,0.668865052294013,0.66878582392803,47.1594798083504,43.104038329911
1348,TRUE,FALSE,3,15,0.535714285714286,0.483510723446358,0.484200159358754,14.5448323066393,12.3716632443532
1349,TRUE,FALSE,3,24,0.857142857142857,0.862773820391881,0.862542258584528,78.5420944558522,82.0841889117043
1350,FALSE,TRUE,5,11,0.392857142857143,0.37067159506876,0.368759223167178,4.15811088295688,4.32922655715264
1351,FALSE,TRUE,5,21,0.75,0.702887907734828,0.703895047453443,54.7741273100616,49.8459958932238
1352,FALSE,TRUE,1,16,0.571428571428571,0.535473913091934,0.535779676974922,19.4216290212183,18.8740588637919
1353,TRUE,FALSE,2,23,0.821428571428571,0.809665711497861,0.808667902274389,71.1327857631759,71.8514715947981
1354,TRUE,FALSE,2,18,0.642857142857143,0.603961481165522,0.603382005303632,31.6392881587953,30.2361396303901
1355,TRUE,FALSE,4,22,0.785714285714286,0.76416615241785,0.76297061932055,62.9876796714579,62.2005475701574
1356,TRUE,FALSE,5,19,0.678571428571429,0.650659956514202,0.65328970277813,39.2026009582478,39.1341546885695
1357,FALSE,TRUE,5,19,0.678571428571429,0.66755397836328,0.668461068082026,39.2026009582478,42.6933607118412
1358,TRUE,FALSE,1,13,0.464285714285714,0.42198332461997,0.422672664409038,8.02532511978097,7.20396988364134
1359,TRUE,FALSE,4,22,0.785714285714286,0.775986239907477,0.775919092128111,62.9876796714579,64.9041752224504
1360,TRUE,FALSE,3,22,0.785714285714286,0.743634592319998,0.742349394012727,62.9876796714579,57.7515400410678
1361,TRUE,FALSE,1,15,0.535714285714286,0.49099377274003,0.491398631126276,14.5448323066393,13.1930184804928
1362,TRUE,FALSE,1,20,0.714285714285714,0.721557682155744,0.720672825584848,47.1594798083504,53.8501026694045
1363,TRUE,FALSE,4,19,0.678571428571429,0.644687471411539,0.644062850697854,39.2026009582478,37.7310061601643
1364,FALSE,TRUE,5,24,0.857142857142857,0.846751998385669,0.846876981662089,78.5420944558522,79.2094455852156
1365,TRUE,FALSE,4,15,0.535714285714286,0.538572637545777,0.538136895475718,14.5448323066393,19.3874058863792
1366,TRUE,FALSE,1,18,0.642857142857143,0.649205161329339,0.649309497303193,31.6392881587953,38.7234770704997
1367,TRUE,FALSE,5,19,0.678571428571429,0.655025576630558,0.656485762667462,39.2026009582478,39.92128678987
1368,TRUE,FALSE,2,26,0.928571428571429,0.910397073528385,0.90975174367766,90.9479808350445,89.031485284052
1369,FALSE,TRUE,5,21,0.75,0.700417610004269,0.701845065418685,54.7741273100616,49.5037645448323
1370,FALSE,TRUE,4,23,0.821428571428571,0.80901183556564,0.809062823183389,71.1327857631759,71.6803559206023
1371,TRUE,FALSE,1,21,0.75,0.713429472147688,0.71313816778207,54.7741273100616,52.0362765229295
1372,TRUE,FALSE,1,22,0.785714285714286,0.763919073045497,0.764643704227034,62.9876796714579,62.09787816564
1373,TRUE,FALSE,3,20,0.714285714285714,0.67180769091683,0.671531241060648,47.1594798083504,43.7542778918549
1374,FALSE,TRUE,3,25,0.892857142857143,0.894064571794929,0.893601726275289,85.2669404517454,87.1663244353183
1375,TRUE,FALSE,2,21,0.75,0.74483700351763,0.746269658598486,54.7741273100616,58.025325119781
1376,TRUE,FALSE,4,25,0.892857142857143,0.881605560583061,0.880717147659852,85.2669404517454,84.8562628336756
1377,TRUE,FALSE,2,16,0.571428571428571,0.546094338652743,0.547161175397202,19.4216290212183,20.242984257358
1378,TRUE,FALSE,1,23,0.821428571428571,0.801173176818009,0.800471308074397,71.1327857631759,69.6954140999316
1379,TRUE,FALSE,2,18,0.642857142857143,0.633651090449994,0.636486234307768,31.6392881587953,35.2327173169062
1380,FALSE,TRUE,2,19,0.678571428571429,0.650170536177072,0.649395496306959,39.2026009582478,38.9972621492129
1381,TRUE,FALSE,5,24,0.857142857142857,0.841132812806459,0.840505945153521,78.5420944558522,78.0800821355236
1382,FALSE,TRUE,2,25,0.892857142857143,0.880973010500251,0.881273821564112,85.2669404517454,84.6509240246407
1383,TRUE,FALSE,3,16,0.571428571428571,0.586508846742639,0.587667870286712,19.4216290212183,27.0533880903491
1384,TRUE,FALSE,5,18,0.642857142857143,0.598116941295414,0.598897949468251,31.6392881587953,29.1752224503765
1385,TRUE,FALSE,5,22,0.785714285714286,0.757183704944099,0.757009541078025,62.9876796714579,60.6947296372348
1386,TRUE,FALSE,3,24,0.857142857142857,0.842639542193224,0.841496518302187,78.5420944558522,78.388090349076
1387,TRUE,FALSE,4,24,0.857142857142857,0.831572644737087,0.83142391250182,78.5420944558522,76.129363449692
1388,FALSE,TRUE,4,19,0.678571428571429,0.645116673018087,0.645919821430574,39.2026009582478,37.7994524298426
1389,TRUE,FALSE,3,23,0.821428571428571,0.805396844575007,0.804724317557175,71.1327857631759,70.6536618754278
1390,TRUE,FALSE,2,14,0.5,0.479767079581026,0.481055000173661,10.9856262833676,11.8925393566051
1391,TRUE,FALSE,3,17,0.607142857142857,0.58236648408131,0.583250050117349,25.2908966461328,26.7111567419576
1392,FALSE,TRUE,4,28,1,1,1,98.6652977412731,98.6652977412731
1393,TRUE,FALSE,2,16,0.571428571428571,0.543273988412664,0.543479685818669,19.4216290212183,19.9691991786448
1394,TRUE,FALSE,4,17,0.607142857142857,0.550004852563043,0.549148291730786,25.2908966461328,20.8247775496235
1395,FALSE,TRUE,5,24,0.857142857142857,0.852335281687415,0.851630685100909,78.5420944558522,80.3045859000684
1396,TRUE,FALSE,1,20,0.714285714285714,0.690175576754005,0.692273675697319,47.1594798083504,47.621492128679
1397,TRUE,FALSE,3,20,0.714285714285714,0.694841941810376,0.694440143949755,47.1594798083504,48.3744010951403
1398,FALSE,TRUE,2,19,0.678571428571429,0.631770682231248,0.631163668529205,39.2026009582478,34.8904859685147
1399,TRUE,FALSE,1,26,0.928571428571429,0.907668613768798,0.908250126349861,90.9479808350445,88.8261464750171
1400,TRUE,FALSE,3,21,0.75,0.754089011973639,0.755410221922815,54.7741273100616,60.0444900752909
1401,TRUE,FALSE,1,16,0.571428571428571,0.526154961433801,0.526386932149166,19.4216290212183,17.3340177960301
1402,FALSE,TRUE,2,24,0.857142857142857,0.863086952288152,0.863671612059943,78.5420944558522,82.2210814510609
1403,TRUE,FALSE,5,23,0.821428571428571,0.80497388468293,0.806721697834059,71.1327857631759,70.5509924709103
1404,TRUE,FALSE,2,19,0.678571428571429,0.629574826664105,0.630493903190332,39.2026009582478,34.4113620807666
1405,FALSE,TRUE,2,18,0.642857142857143,0.598644938681726,0.59907546354227,31.6392881587953,29.3121149897331
1406,TRUE,FALSE,3,24,0.857142857142857,0.830692296748632,0.830451909762511,78.5420944558522,75.9240246406571
1407,TRUE,FALSE,1,23,0.821428571428571,0.782147516311418,0.781635737281232,71.1327857631759,66.3757700205339
1408,TRUE,FALSE,2,21,0.75,0.744767047657913,0.74601934245172,54.7741273100616,57.9226557152635
1409,TRUE,FALSE,4,21,0.75,0.745013682759273,0.745268212290245,54.7741273100616,58.0937713894593
1410,TRUE,FALSE,4,22,0.785714285714286,0.777694546675012,0.77815610826469,62.9876796714579,65.3832991101985
1411,TRUE,FALSE,5,20,0.714285714285714,0.698091814222399,0.695902909591865,47.1594798083504,49.1273100616016
1412,FALSE,TRUE,4,11,0.392857142857143,0.363592884177976,0.363718369854195,4.15811088295688,3.91854893908282
1413,TRUE,FALSE,3,18,0.642857142857143,0.612488523862358,0.613396948867454,31.6392881587953,31.6050650239562
1414,FALSE,TRUE,2,17,0.607142857142857,0.570331300211915,0.570043426398603,25.2908966461328,24.5208761122519
1415,TRUE,FALSE,4,8,0.285714285714286,0.248578220795671,0.248953758249712,0.735797399041752,0.496235455167693
1416,FALSE,TRUE,3,23,0.821428571428571,0.792968824347747,0.793660411594341,71.1327857631759,68.3607118412047
1417,TRUE,FALSE,4,19,0.678571428571429,0.640418241347123,0.640182577482217,39.2026009582478,36.6358658453114
1418,FALSE,TRUE,2,22,0.785714285714286,0.768238751949893,0.768480052899235,62.9876796714579,63.0561259411362
1419,TRUE,FALSE,4,21,0.75,0.709795534743273,0.708593083423196,54.7741273100616,51.1806981519507
1420,TRUE,FALSE,4,18,0.642857142857143,0.587998241228619,0.587001124770574,31.6392881587953,27.2929500342231
1421,TRUE,FALSE,1,10,0.357142857142857,0.338623222111358,0.33876090398073,2.56673511293634,2.85763175906913
1422,FALSE,TRUE,1,22,0.785714285714286,0.79789717439207,0.79766043709871,62.9876796714579,69.0451745379877
1423,TRUE,FALSE,2,23,0.821428571428571,0.808487347066912,0.808132890060381,71.1327857631759,71.5776865160849
1424,TRUE,FALSE,3,21,0.75,0.702197440510674,0.701063779747852,54.7741273100616,49.7091033538672
1425,TRUE,FALSE,2,16,0.571428571428571,0.558440267892488,0.556337598361463,19.4216290212183,22.501711156742
1426,TRUE,FALSE,3,14,0.5,0.47471400234038,0.474051634644279,10.9856262833676,11.5503080082136
1427,FALSE,TRUE,3,21,0.75,0.736566781150875,0.73632906271398,54.7741273100616,56.5537303216975
1428,FALSE,TRUE,2,19,0.678571428571429,0.661260101020049,0.663725775597695,39.2026009582478,41.3928815879535
1429,TRUE,FALSE,3,18,0.642857142857143,0.624594114913139,0.624521243336161,31.6392881587953,33.4188911704312
1430,FALSE,TRUE,1,28,1,1,1,98.6652977412731,98.6652977412731
1431,TRUE,FALSE,5,24,0.857142857142857,0.847872842960344,0.847602010944695,78.5420944558522,79.5687885010267
1432,FALSE,TRUE,1,22,0.785714285714286,0.738837033461158,0.740015446420293,62.9876796714579,57.0670773442847
1433,TRUE,FALSE,1,21,0.75,0.706350153697582,0.706637640867598,54.7741273100616,50.5304585900068
1434,TRUE,FALSE,3,16,0.571428571428571,0.544271257942148,0.543910314112651,19.4216290212183,20.1060917180014
1435,TRUE,FALSE,1,24,0.857142857142857,0.87581833663517,0.876556127562524,78.5420944558522,83.7953456536619
1436,FALSE,TRUE,5,21,0.75,0.699482054513263,0.70019933610017,54.7741273100616,49.4010951403149
1437,TRUE,FALSE,5,20,0.714285714285714,0.692074896271471,0.692518027258448,47.1594798083504,47.8952772073922
1438,TRUE,FALSE,5,20,0.714285714285714,0.714246870419812,0.715310200776569,47.1594798083504,52.2758384668036
1439,FALSE,TRUE,5,10,0.357142857142857,0.341527125651418,0.341507732670547,2.56673511293634,2.92607802874743
1440,FALSE,TRUE,2,15,0.535714285714286,0.514403280721955,0.514922096541317,14.5448323066393,15.7939767282683
1441,TRUE,FALSE,2,25,0.892857142857143,0.87560897373652,0.875009461242013,85.2669404517454,83.7440109514031
1442,FALSE,TRUE,1,24,0.857142857142857,0.852185922680893,0.851657855209894,78.5420944558522,80.2703627652293
1443,TRUE,FALSE,3,21,0.75,0.696811761076062,0.696914425717615,54.7741273100616,48.750855578371
1444,TRUE,FALSE,2,21,0.75,0.720897735761819,0.719329891800991,54.7741273100616,53.6447638603696
1445,TRUE,FALSE,2,19,0.678571428571429,0.641202596129682,0.640247213595984,39.2026009582478,36.8754277891855
1446,TRUE,FALSE,4,22,0.785714285714286,0.751015500483069,0.750369002140369,62.9876796714579,59.4284736481862
1447,TRUE,FALSE,4,22,0.785714285714286,0.792035949346024,0.791464443312214,62.9876796714579,68.0869267624914
1448,TRUE,FALSE,4,21,0.75,0.724050196211662,0.724203408846606,54.7741273100616,54.2950034223135
1449,FALSE,TRUE,4,23,0.821428571428571,0.787571795947034,0.787424174792746,71.1327857631759,67.1971252566735
1450,TRUE,FALSE,5,27,0.964285714285714,0.953238799551541,0.953384495039996,95.4312114989733,94.0965092402464
1451,FALSE,TRUE,1,21,0.75,0.715783009496892,0.716244801387112,54.7741273100616,52.6865160848734
1452,TRUE,FALSE,1,19,0.678571428571429,0.661214753774849,0.663608935086241,39.2026009582478,41.2559890485969
1453,TRUE,FALSE,3,17,0.607142857142857,0.568486511296221,0.569019906113452,25.2908966461328,24.0075290896646
1454,FALSE,TRUE,5,19,0.678571428571429,0.657935221292453,0.659358501013782,39.2026009582478,40.3661875427789
1455,TRUE,FALSE,4,16,0.571428571428571,0.572124355693616,0.574548811332411,19.4216290212183,24.8288843258042
1456,TRUE,FALSE,1,18,0.642857142857143,0.616437203108822,0.616670963311633,31.6392881587953,32.2895277207392
1457,FALSE,TRUE,1,23,0.821428571428571,0.794268751941152,0.793177110062286,71.1327857631759,68.5318275154004
1458,FALSE,TRUE,5,25,0.892857142857143,0.862046024622183,0.862966765581672,85.2669404517454,81.9644079397673
1459,FALSE,TRUE,1,26,0.928571428571429,0.91391477534421,0.91318049013061,90.9479808350445,89.6817248459959
1460,TRUE,FALSE,4,21,0.75,0.716125617426044,0.714408201938954,54.7741273100616,52.7549623545517
1461,TRUE,FALSE,5,20,0.714285714285714,0.67938329772916,0.680376166741369,47.1594798083504,44.9863107460643
1462,FALSE,TRUE,1,22,0.785714285714286,0.764227890732165,0.765500425352083,62.9876796714579,62.2347707049966
1463,TRUE,FALSE,5,17,0.607142857142857,0.570095990458559,0.571553132750845,25.2908966461328,24.4182067077344
1464,TRUE,FALSE,5,15,0.535714285714286,0.503512871648346,0.504474282500997,14.5448323066393,14.6988364134155
1465,TRUE,FALSE,1,25,0.892857142857143,0.8884161300375,0.888468263440957,85.2669404517454,86.0198494182067
1466,TRUE,FALSE,1,19,0.678571428571429,0.640676805729342,0.639796923067839,39.2026009582478,36.7043121149897
1467,TRUE,FALSE,3,20,0.714285714285714,0.698447578591076,0.698954769956532,47.1594798083504,49.2299794661191
1468,TRUE,FALSE,2,19,0.678571428571429,0.698970130598687,0.699042223353071,39.2026009582478,49.3326488706366
1469,FALSE,TRUE,2,25,0.892857142857143,0.894401822732049,0.894759349055484,85.2669404517454,87.2518822724162
1470,TRUE,FALSE,1,16,0.571428571428571,0.549800186079569,0.548670352018121,19.4216290212183,20.7905544147844
1471,TRUE,FALSE,4,19,0.678571428571429,0.649861785913833,0.649693406900229,39.2026009582478,38.8603696098563
1472,TRUE,FALSE,2,28,1,1,1,98.6652977412731,98.6652977412731
1473,TRUE,FALSE,1,14,0.5,0.463795939436402,0.463523898558583,10.9856262833676,10.5920602327173
1474,TRUE,FALSE,5,17,0.607142857142857,0.567470742449787,0.568796912488188,25.2908966461328,23.7679671457906
1475,FALSE,TRUE,4,22,0.785714285714286,0.744570401092576,0.743199571219325,62.9876796714579,57.8542094455852
1476,FALSE,TRUE,5,17,0.607142857142857,0.599808804730838,0.599904403707337,25.2908966461328,29.5859000684463
1477,TRUE,FALSE,5,17,0.607142857142857,0.595973999282897,0.596544263845038,25.2908966461328,28.7303216974675
1478,FALSE,TRUE,1,18,0.642857142857143,0.611925022967763,0.612662853284694,31.6392881587953,31.4339493497604
1479,TRUE,FALSE,5,18,0.642857142857143,0.598696723256255,0.600240545567385,31.6392881587953,29.3463381245722
1480,TRUE,FALSE,2,18,0.642857142857143,0.614631113915527,0.616498991795114,31.6392881587953,31.9130732375086
1481,FALSE,TRUE,3,26,0.928571428571429,0.931454747902345,0.931453831386715,90.9479808350445,92.419575633128
1482,TRUE,FALSE,4,21,0.75,0.733452742702025,0.732499735066368,54.7741273100616,56.0403832991102
1483,FALSE,TRUE,4,22,0.785714285714286,0.767925685171958,0.766317564997207,62.9876796714579,62.9192334017796
1484,FALSE,TRUE,2,20,0.714285714285714,0.665302780958258,0.664103978623272,47.1594798083504,42.2826830937714
1485,FALSE,TRUE,1,19,0.678571428571429,0.65729358847937,0.656634837284001,39.2026009582478,40.2292950034223
1486,TRUE,FALSE,4,21,0.75,0.757119141884285,0.757066069994942,54.7741273100616,60.6605065023956
1487,TRUE,FALSE,3,18,0.642857142857143,0.590917241721884,0.592464780574516,31.6392881587953,27.703627652293
1488,FALSE,TRUE,1,28,1,1,1,98.6652977412731,98.6652977412731
1489,TRUE,FALSE,1,18,0.642857142857143,0.608414245834696,0.607198189030581,31.6392881587953,30.9548254620123
1490,TRUE,FALSE,5,24,0.857142857142857,0.827917869519861,0.8274333799025,78.5420944558522,75.2053388090349
1491,TRUE,FALSE,4,21,0.75,0.751718669525858,0.752219725122351,54.7741273100616,59.5995893223819
1492,FALSE,TRUE,5,18,0.642857142857143,0.62297328785602,0.623549341668665,31.6392881587953,33.1108829568789
1493,TRUE,FALSE,4,16,0.571428571428571,0.517524850652931,0.518363949207896,19.4216290212183,16.1019849418207
1494,FALSE,TRUE,1,15,0.535714285714286,0.492734087512675,0.493062808659112,14.5448323066393,13.466803559206
1495,FALSE,TRUE,1,9,0.321428571428571,0.291500383435373,0.290419537846894,1.36892539356605,1.24914442162902
1496,FALSE,TRUE,2,19,0.678571428571429,0.636577545698328,0.635345789133135,39.2026009582478,35.8145106091718
1497,TRUE,FALSE,4,20,0.714285714285714,0.688669522107042,0.686462115890748,47.1594798083504,47.3819301848049
1498,TRUE,FALSE,2,21,0.75,0.721509779202634,0.721614039044192,54.7741273100616,53.8158795345654
1499,FALSE,TRUE,1,23,0.821428571428571,0.797725133441549,0.797557508992932,71.1327857631759,68.9767282683094
1500,FALSE,TRUE,4,16,0.571428571428571,0.556617635708537,0.555848821482746,19.4216290212183,22.0910335386721
1501,TRUE,FALSE,4,22,0.785714285714286,0.77438324224008,0.773181316338256,62.9876796714579,64.3223819301848
1502,TRUE,FALSE,4,16,0.571428571428571,0.559244890789085,0.559098387663795,19.4216290212183,22.6043805612594
1503,TRUE,FALSE,4,13,0.464285714285714,0.434390274739078,0.434914439774753,8.02532511978097,7.99110198494182
1504,TRUE,FALSE,3,22,0.785714285714286,0.775072731682194,0.774009090547883,62.9876796714579,64.6988364134155
1505,TRUE,FALSE,3,21,0.75,0.746126364009861,0.744853772890677,54.7741273100616,58.4360027378508
1506,TRUE,FALSE,5,18,0.642857142857143,0.630207706362339,0.631214195993364,31.6392881587953,34.5824777549624
1507,TRUE,FALSE,4,24,0.857142857142857,0.845562561144014,0.846330316545516,78.5420944558522,78.9356605065024
1508,TRUE,FALSE,1,22,0.785714285714286,0.771175331904335,0.771757691833161,62.9876796714579,63.6036960985626
1509,FALSE,TRUE,5,22,0.785714285714286,0.755851185771222,0.757694245678163,62.9876796714579,60.3182751540041
1510,TRUE,FALSE,1,20,0.714285714285714,0.68653727080794,0.686872126277901,47.1594798083504,46.8343600273785
1511,FALSE,TRUE,4,22,0.785714285714286,0.769500295498456,0.770230480175231,62.9876796714579,63.3641341546886
1512,TRUE,FALSE,2,26,0.928571428571429,0.929185694495289,0.929417685490467,90.9479808350445,91.8720054757016
1513,TRUE,FALSE,1,26,0.928571428571429,0.911781819725114,0.912595966247475,90.9479808350445,89.3223819301848
1514,TRUE,FALSE,4,18,0.642857142857143,0.622553156781502,0.622738601824413,31.6392881587953,32.9739904175222
1515,FALSE,TRUE,2,23,0.821428571428571,0.810208001427904,0.811011875646544,71.1327857631759,71.9541409993155
1516,TRUE,FALSE,4,23,0.821428571428571,0.787242612245461,0.787324021197928,71.1327857631759,67.0602327173169
1517,FALSE,TRUE,5,20,0.714285714285714,0.68274587924671,0.681921805572473,47.1594798083504,45.7734428473648
1518,TRUE,FALSE,1,25,0.892857142857143,0.879098923785038,0.880318706512013,85.2669404517454,84.4455852156057
1519,TRUE,FALSE,1,19,0.678571428571429,0.661616203656628,0.66055565694982,39.2026009582478,41.5982203969884
1520,FALSE,TRUE,5,15,0.535714285714286,0.501966547417005,0.502156100529409,14.5448323066393,14.4934976043806
1521,TRUE,FALSE,2,25,0.892857142857143,0.884299224758677,0.884086323875747,85.2669404517454,85.6091718001369
1522,FALSE,TRUE,2,22,0.785714285714286,0.785458755414595,0.784817706480442,62.9876796714579,66.7864476386037
1523,TRUE,FALSE,3,24,0.857142857142857,0.85596136772302,0.855522274178485,78.5420944558522,80.9206023271732
1524,TRUE,FALSE,5,20,0.714285714285714,0.681290365719947,0.682842020567573,47.1594798083504,45.4996577686516
1525,TRUE,FALSE,5,24,0.857142857142857,0.842848211377961,0.842998899421232,78.5420944558522,78.4394250513347
1526,TRUE,FALSE,1,21,0.75,0.727646922260446,0.728288360508837,54.7741273100616,55.0136892539357
1527,TRUE,FALSE,5,19,0.678571428571429,0.624903765133644,0.625478582676174,39.2026009582478,33.5215605749487
1528,FALSE,TRUE,1,19,0.678571428571429,0.655681034230609,0.656592070610461,39.2026009582478,40.0239561943874
1529,TRUE,FALSE,2,25,0.892857142857143,0.883050772086412,0.883777998907776,85.2669404517454,85.2327173169062
1530,TRUE,FALSE,4,26,0.928571428571429,0.924451711732183,0.924475424833372,90.9479808350445,90.9479808350445
1531,TRUE,FALSE,3,15,0.535714285714286,0.529288367445215,0.530070730857354,14.5448323066393,17.9500342231348
1532,FALSE,TRUE,1,9,0.321428571428571,0.291273455211503,0.291538579228101,1.36892539356605,1.21492128678987
1533,TRUE,FALSE,1,14,0.5,0.474851003886825,0.476059237754871,10.9856262833676,11.5845311430527
1534,TRUE,FALSE,1,19,0.678571428571429,0.638467369383578,0.639038685015975,39.2026009582478,36.2594113620808
1535,TRUE,FALSE,5,19,0.678571428571429,0.659296914618156,0.659767256159753,39.2026009582478,40.7426420260096
1536,FALSE,TRUE,4,15,0.535714285714286,0.51164076753866,0.509569821263563,14.5448323066393,15.5886379192334
1537,TRUE,FALSE,4,17,0.607142857142857,0.548963167522763,0.54846995325815,25.2908966461328,20.7221081451061
1538,TRUE,FALSE,1,18,0.642857142857143,0.606562431102329,0.605947247157881,31.6392881587953,30.6810403832991
1539,TRUE,FALSE,2,19,0.678571428571429,0.653028651074767,0.651809328300144,39.2026009582478,39.5448323066393
1540,TRUE,FALSE,4,28,1,1,1,98.6652977412731,98.6652977412731
1541,FALSE,TRUE,4,26,0.928571428571429,0.916383160303073,0.916286850468163,90.9479808350445,90.0239561943874
1542,TRUE,FALSE,4,19,0.678571428571429,0.648974330694745,0.650711754069113,39.2026009582478,38.6550308008214
1543,TRUE,FALSE,5,19,0.678571428571429,0.660660672754808,0.66111434893377,39.2026009582478,41.1190965092402
1544,FALSE,TRUE,2,16,0.571428571428571,0.54386825918665,0.543785126185438,19.4216290212183,20.0718685831622
1545,FALSE,TRUE,2,13,0.464285714285714,0.427208519875184,0.426274980507768,8.02532511978097,7.58042436687201
1546,TRUE,FALSE,1,11,0.392857142857143,0.376874782396242,0.376732067875022,4.15811088295688,4.46611909650924
1547,FALSE,TRUE,2,20,0.714285714285714,0.674490067683015,0.674989333550339,47.1594798083504,43.993839835729
1548,TRUE,FALSE,3,25,0.892857142857143,0.873206211999356,0.872326603898261,85.2669404517454,83.4188911704312
1549,TRUE,FALSE,3,23,0.821428571428571,0.809897023292036,0.810341302392634,71.1327857631759,71.8856947296372
1550,TRUE,FALSE,5,20,0.714285714285714,0.665103988529392,0.665118503749158,47.1594798083504,42.2142368240931
1551,TRUE,FALSE,5,23,0.821428571428571,0.813289824798587,0.813319636680698,71.1327857631759,72.4332648870637
1552,TRUE,FALSE,1,9,0.321428571428571,0.299133387312548,0.301062710042745,1.36892539356605,1.48870636550308
1553,TRUE,FALSE,2,27,0.964285714285714,0.972059782490875,0.972279232635569,95.4312114989733,97.2621492128679
1554,TRUE,FALSE,2,21,0.75,0.768640243182498,0.768714930420013,54.7741273100616,63.1930184804928
1555,FALSE,TRUE,2,19,0.678571428571429,0.675826469694592,0.67708232512512,39.2026009582478,44.233401779603
1556,TRUE,FALSE,3,15,0.535714285714286,0.488681019704401,0.487066955433687,14.5448323066393,12.9534565366188
1557,FALSE,TRUE,5,25,0.892857142857143,0.89028732194994,0.889542936171869,85.2669404517454,86.4989733059548
1558,TRUE,FALSE,2,21,0.75,0.737023124888326,0.73670879485047,54.7741273100616,56.7590691307324
1559,TRUE,FALSE,4,16,0.571428571428571,0.51928832953249,0.51988564359602,19.4216290212183,16.3757700205339
1560,FALSE,TRUE,3,27,0.964285714285714,0.966667611783339,0.96736148961951,95.4312114989733,96.2183436002738
1561,FALSE,TRUE,2,9,0.321428571428571,0.325065814710599,0.325365184172519,1.36892539356605,2.27583846680356
1562,TRUE,FALSE,1,16,0.571428571428571,0.529971884499291,0.530348302570247,19.4216290212183,18.0184804928131
1563,TRUE,FALSE,3,20,0.714285714285714,0.686624855933228,0.687696552318595,47.1594798083504,46.9028062970568
1564,FALSE,TRUE,2,15,0.535714285714286,0.481824156234035,0.481548908914615,14.5448323066393,12.09787816564
1565,TRUE,FALSE,4,17,0.607142857142857,0.565309283094758,0.56501090462559,25.2908966461328,23.425735797399
1566,TRUE,FALSE,2,16,0.571428571428571,0.537281346128705,0.537992459015726,19.4216290212183,19.113620807666
1567,TRUE,FALSE,1,17,0.607142857142857,0.561005647572613,0.562819278363749,25.2908966461328,22.8439425051335
1568,TRUE,FALSE,5,21,0.75,0.725354507406661,0.725123349302108,54.7741273100616,54.5003422313484
1569,FALSE,TRUE,2,11,0.392857142857143,0.355546046557744,0.354681416524992,4.15811088295688,3.507871321013
1570,TRUE,FALSE,1,25,0.892857142857143,0.890123389204161,0.888656222924726,85.2669404517454,86.3620807665982
1571,TRUE,FALSE,4,25,0.892857142857143,0.891878465233477,0.891801907324151,85.2669404517454,86.7556468172485
1572,FALSE,TRUE,5,22,0.785714285714286,0.739327132156063,0.740443714143029,62.9876796714579,57.1697467488022
1573,TRUE,FALSE,3,17,0.607142857142857,0.565523475712011,0.565575920973765,25.2908966461328,23.4941820670773
1574,TRUE,FALSE,5,26,0.928571428571429,0.918910477023519,0.919574268814294,90.9479808350445,90.3148528405202
1575,FALSE,TRUE,4,19,0.678571428571429,0.659234093968224,0.660273164464352,39.2026009582478,40.7084188911704
1576,FALSE,TRUE,4,25,0.892857142857143,0.868037660612852,0.86669412863766,85.2669404517454,82.6659822039699
1577,TRUE,FALSE,5,13,0.464285714285714,0.422330144838075,0.424178990669422,8.02532511978097,7.27241615331964
1578,FALSE,TRUE,1,13,0.464285714285714,0.452397598147752,0.453845931249933,8.02532511978097,9.39425051334702
1579,FALSE,TRUE,3,16,0.571428571428571,0.522343193179538,0.522605629156631,19.4216290212183,16.6495550992471
1580,TRUE,FALSE,1,18,0.642857142857143,0.61252883459368,0.613189138535211,31.6392881587953,31.6392881587953
1581,FALSE,TRUE,2,20,0.714285714285714,0.710805608172632,0.711193156986163,47.1594798083504,51.4202600958248
1582,TRUE,FALSE,4,28,1,1,1,98.6652977412731,98.6652977412731
1583,TRUE,FALSE,1,15,0.535714285714286,0.496393470863977,0.496187797399559,14.5448323066393,13.911704312115
1584,TRUE,FALSE,5,10,0.357142857142857,0.342129554863826,0.343663221452969,2.56673511293634,2.96030116358658
1585,TRUE,FALSE,4,25,0.892857142857143,0.876180599594622,0.876780171382523,85.2669404517454,83.8809034907597
1586,TRUE,FALSE,3,13,0.464285714285714,0.43238873754063,0.432397586846053,8.02532511978097,7.92265571526352
1587,TRUE,FALSE,4,16,0.571428571428571,0.52575343025879,0.52663226130272,19.4216290212183,17.2313483915127
1588,TRUE,FALSE,2,26,0.928571428571429,0.914798861061312,0.914995174052694,90.9479808350445,89.8015058179329
1589,TRUE,FALSE,5,22,0.785714285714286,0.778998452997753,0.778317400903963,62.9876796714579,65.6228610540726
1590,FALSE,TRUE,2,20,0.714285714285714,0.684534009414718,0.684834459388888,47.1594798083504,46.2867898699521
1591,TRUE,FALSE,2,18,0.642857142857143,0.593100883600705,0.593380994921615,31.6392881587953,28.2511978097194
1592,FALSE,TRUE,3,26,0.928571428571429,0.922941800043082,0.922328401793222,90.9479808350445,90.7084188911704
1593,TRUE,FALSE,5,16,0.571428571428571,0.537189519858152,0.538233390469452,19.4216290212183,19.0793976728268
1594,TRUE,FALSE,5,11,0.392857142857143,0.363006538193955,0.362754683872722,4.15811088295688,3.85010266940452
1595,TRUE,FALSE,3,13,0.464285714285714,0.429994126862981,0.428479915921391,8.02532511978097,7.78576317590691
1596,TRUE,FALSE,5,18,0.642857142857143,0.611874156008888,0.610628530806028,31.6392881587953,31.3997262149213
1597,TRUE,FALSE,5,25,0.892857142857143,0.861772348149434,0.862832638478122,85.2669404517454,81.8788501026694
1598,TRUE,FALSE,2,22,0.785714285714286,0.759111397892316,0.75889627397607,62.9876796714579,61.0711841204654
1599,TRUE,FALSE,1,21,0.75,0.761370398341014,0.760650419450518,54.7741273100616,61.5503080082135
1600,FALSE,TRUE,5,23,0.821428571428571,0.824273146561696,0.82399099305945,71.1327857631759,74.4524298425736
1601,TRUE,FALSE,3,19,0.678571428571429,0.63617384615354,0.637693111290031,39.2026009582478,35.6776180698152
1602,TRUE,FALSE,3,23,0.821428571428571,0.78958118946685,0.789534983306544,71.1327857631759,67.7104722792608
1603,TRUE,FALSE,2,20,0.714285714285714,0.671140145527439,0.670425686631301,47.1594798083504,43.5147159479808
1604,FALSE,TRUE,3,19,0.678571428571429,0.650029040104989,0.650787078154474,39.2026009582478,38.9288158795346
1605,TRUE,FALSE,1,18,0.642857142857143,0.626795754528748,0.626691940045197,31.6392881587953,33.7953456536619
1606,FALSE,TRUE,3,19,0.678571428571429,0.636834757214687,0.636567996533104,39.2026009582478,35.8487337440109
1607,TRUE,FALSE,5,20,0.714285714285714,0.684628503385479,0.684744498864631,47.1594798083504,46.3552361396304
1608,TRUE,FALSE,5,22,0.785714285714286,0.742378170897763,0.742099094396622,62.9876796714579,57.6488706365503
1609,FALSE,TRUE,2,25,0.892857142857143,0.877478131772223,0.877302746906175,85.2669404517454,84.2060232717317
1610,TRUE,FALSE,1,17,0.607142857142857,0.572388492090761,0.573993520531949,25.2908966461328,24.8973305954825
1611,FALSE,TRUE,3,17,0.607142857142857,0.54524737641234,0.545128488348408,25.2908966461328,20.2087611225188
1612,FALSE,TRUE,5,19,0.678571428571429,0.624752556358378,0.626943118093245,39.2026009582478,33.4873374401095
1613,TRUE,FALSE,3,18,0.642857142857143,0.620432597500442,0.620423006813379,31.6392881587953,32.700205338809
1614,TRUE,FALSE,3,20,0.714285714285714,0.66928559417592,0.668717521828177,47.1594798083504,43.2067077344285
1615,TRUE,FALSE,2,24,0.857142857142857,0.820385481870544,0.819604388739931,78.5420944558522,73.870636550308
1616,TRUE,FALSE,5,19,0.678571428571429,0.637304049956222,0.640127607425085,39.2026009582478,36.0540725530459
1617,TRUE,FALSE,5,22,0.785714285714286,0.773987685936597,0.774302046224214,62.9876796714579,64.1854893908282
1618,TRUE,FALSE,5,15,0.535714285714286,0.531355309634536,0.533726743383667,14.5448323066393,18.223819301848
1619,FALSE,TRUE,1,28,1,1,1,98.6652977412731,98.6652977412731
1620,TRUE,FALSE,1,25,0.892857142857143,0.89493496610255,0.895438907756419,85.2669404517454,87.3203285420945
1621,TRUE,FALSE,2,23,0.821428571428571,0.811885148160246,0.812638534961345,71.1327857631759,72.1937029431896
1622,TRUE,FALSE,2,25,0.892857142857143,0.858638359913282,0.858296123934737,85.2669404517454,81.4339493497604
1623,TRUE,FALSE,4,25,0.892857142857143,0.903265325578271,0.904955815094462,85.2669404517454,88.4496919917865
1624,FALSE,TRUE,4,25,0.892857142857143,0.877064685311724,0.876644236170563,85.2669404517454,84.0862422997947
1625,TRUE,FALSE,2,19,0.678571428571429,0.650565872357364,0.649657344351884,39.2026009582478,39.0999315537303
1626,TRUE,FALSE,3,26,0.928571428571429,0.905586620809232,0.905953476066178,90.9479808350445,88.7577002053388
1627,TRUE,FALSE,1,15,0.535714285714286,0.49340186628926,0.493632531150914,14.5448323066393,13.5694729637235
1628,FALSE,TRUE,4,24,0.857142857142857,0.84412110898043,0.844641962915944,78.5420944558522,78.7987679671458
1629,TRUE,FALSE,2,17,0.607142857142857,0.574579577252501,0.576443012631236,25.2908966461328,25.2737850787132
1630,FALSE,TRUE,1,24,0.857142857142857,0.846390012969401,0.845705774625801,78.5420944558522,79.1067761806982
1631,TRUE,FALSE,5,17,0.607142857142857,0.580009564222729,0.581570309485791,25.2908966461328,26.3004791238877
1632,FALSE,TRUE,5,10,0.357142857142857,0.343323185631934,0.34256189436884,2.56673511293634,2.99452429842574
1633,TRUE,FALSE,3,16,0.571428571428571,0.540384943194804,0.540478152702209,19.4216290212183,19.6269678302532
1634,TRUE,FALSE,1,21,0.75,0.708202891098024,0.708781351879764,54.7741273100616,50.7700205338809
1635,FALSE,TRUE,1,26,0.928571428571429,0.910397073528385,0.910923234195031,90.9479808350445,89.031485284052
1636,TRUE,FALSE,3,11,0.392857142857143,0.366183719709422,0.366845078889382,4.15811088295688,4.05544147843943
1637,TRUE,FALSE,4,26,0.928571428571429,0.916999233449624,0.916365330037816,90.9479808350445,90.1437371663244
1638,FALSE,TRUE,5,28,1,1,1,98.6652977412731,98.6652977412731
1639,FALSE,TRUE,2,21,0.75,0.73579337024818,0.736590777760439,54.7741273100616,56.4168377823409
1640,FALSE,TRUE,3,24,0.857142857142857,0.841522899549293,0.842086966122404,78.5420944558522,78.1827515400411
1641,TRUE,FALSE,4,19,0.678571428571429,0.633717485569732,0.632584735131057,39.2026009582478,35.2669404517454
1642,FALSE,TRUE,4,17,0.607142857142857,0.564001340957902,0.561770939374591,25.2908966461328,23.3230663928816
1643,TRUE,FALSE,5,7,0.25,0.230508042602769,0.231564268040852,0.342231348391513,0.359342915811088
1644,TRUE,FALSE,3,19,0.678571428571429,0.664951978039716,0.665278995001926,39.2026009582478,42.1800136892539
1645,TRUE,FALSE,1,20,0.714285714285714,0.670784753348576,0.672056905612813,47.1594798083504,43.4804928131417
1646,TRUE,FALSE,5,14,0.5,0.491263266828672,0.490447388805763,10.9856262833676,13.227241615332
1647,TRUE,FALSE,1,23,0.821428571428571,0.79068909526948,0.791186155676666,71.1327857631759,67.8815879534565
1648,TRUE,FALSE,1,17,0.607142857142857,0.593464565945285,0.592877161565724,25.2908966461328,28.388090349076
1649,TRUE,FALSE,5,23,0.821428571428571,0.798599843176814,0.799351609817277,71.1327857631759,69.2162902121834
1650,TRUE,FALSE,2,25,0.892857142857143,0.890906944004021,0.890788274397546,85.2669404517454,86.5674195756331
1651,FALSE,TRUE,4,21,0.75,0.723115887690003,0.724300936880376,54.7741273100616,54.0212183436003
1652,TRUE,FALSE,3,19,0.678571428571429,0.676100066691869,0.676077947775679,39.2026009582478,44.3702943189596
1653,TRUE,FALSE,5,22,0.785714285714286,0.766140760778155,0.767167791044256,62.9876796714579,62.6454483230664
1654,FALSE,TRUE,2,12,0.428571428571429,0.398901616771555,0.400805131735137,5.78370978781656,5.86926762491444
1655,TRUE,FALSE,3,28,1,1,1,98.6652977412731,98.6652977412731
1656,TRUE,FALSE,4,27,0.964285714285714,0.97038091061506,0.971138559927442,95.4312114989733,97.2108145106092
1657,TRUE,FALSE,1,15,0.535714285714286,0.508217044373703,0.509451631904399,14.5448323066393,15.1779603011636
1658,TRUE,FALSE,1,18,0.642857142857143,0.599764893333018,0.600490120800409,31.6392881587953,29.517453798768
1659,TRUE,FALSE,1,26,0.928571428571429,0.928933436033751,0.929120163156096,90.9479808350445,91.7693360711841
1660,FALSE,TRUE,2,28,1,1,1,98.6652977412731,98.6652977412731
1661,FALSE,TRUE,5,28,1,1,1,98.6652977412731,98.6652977412731
1662,TRUE,FALSE,2,21,0.75,0.744376457535134,0.744280090304956,54.7741273100616,57.8199863107461
1663,FALSE,TRUE,5,26,0.928571428571429,0.914798861061312,0.914575668884562,90.9479808350445,89.8015058179329
1664,FALSE,TRUE,1,19,0.678571428571429,0.663818997524142,0.661983502327887,39.2026009582478,42.0088980150582
1665,TRUE,FALSE,1,25,0.892857142857143,0.894605113505729,0.893514490547419,85.2669404517454,87.2861054072553
1666,FALSE,TRUE,5,27,0.964285714285714,0.963376295980523,0.963519435609515,95.4312114989733,95.5167693360712
1667,TRUE,FALSE,2,22,0.785714285714286,0.750592594599286,0.751599594151272,62.9876796714579,59.2573579739904
1668,FALSE,TRUE,4,21,0.75,0.72389284447937,0.723043436161806,54.7741273100616,54.1581108829569
1669,FALSE,TRUE,2,9,0.321428571428571,0.293899704315378,0.294081069582876,1.36892539356605,1.38603696098563
1670,TRUE,FALSE,2,19,0.678571428571429,0.654762219895563,0.653780625021068,39.2026009582478,39.8870636550308
1671,FALSE,TRUE,5,25,0.892857142857143,0.891137874075155,0.890293506094331,85.2669404517454,86.6358658453114
1672,TRUE,FALSE,3,26,0.928571428571429,0.930446621071595,0.930851147678445,90.9479808350445,92.2484599589322
1673,FALSE,TRUE,5,18,0.642857142857143,0.606079563611463,0.606036768146595,31.6392881587953,30.5783709787817
1674,FALSE,TRUE,2,22,0.785714285714286,0.760054858115743,0.760307115865345,62.9876796714579,61.2422997946612
1675,TRUE,FALSE,2,18,0.642857142857143,0.616741910513892,0.617455821797662,31.6392881587953,32.3579739904175
1676,TRUE,FALSE,4,23,0.821428571428571,0.806525596469356,0.80672951511527,71.1327857631759,70.8932238193018
1677,FALSE,TRUE,2,14,0.5,0.457211850007763,0.457603235613755,10.9856262833676,9.77070499657769
1678,FALSE,TRUE,5,26,0.928571428571429,0.932729912628019,0.932630003689583,90.9479808350445,92.7275838466804
1679,FALSE,TRUE,4,15,0.535714285714286,0.516774296825443,0.51574095478847,14.5448323066393,15.9308692676249
1680,TRUE,FALSE,1,19,0.678571428571429,0.691781035864084,0.690886886747577,39.2026009582478,47.861054072553
1681,FALSE,TRUE,3,14,0.5,0.501933937177505,0.502257691641188,10.9856262833676,14.4592744695414
1682,TRUE,FALSE,3,23,0.821428571428571,0.80958548579855,0.811418782013907,71.1327857631759,71.8172484599589
1683,TRUE,FALSE,2,25,0.892857142857143,0.891110506929233,0.891637675006019,85.2669404517454,86.6016427104723
1684,TRUE,FALSE,2,22,0.785714285714286,0.749822935699588,0.750624400147499,62.9876796714579,59.0520191649555
1685,TRUE,FALSE,4,21,0.75,0.738920603456078,0.737643861836879,54.7741273100616,57.1013004791239
1686,TRUE,FALSE,5,11,0.392857142857143,0.39238933340189,0.392506241684266,4.15811088295688,5.39014373716632
1687,TRUE,FALSE,5,23,0.821428571428571,0.807633353330827,0.807917447862186,71.1327857631759,71.3381245722108
1688,TRUE,FALSE,5,27,0.964285714285714,0.962265824250413,0.962494062421024,95.4312114989733,95.1745379876797
1689,TRUE,FALSE,3,17,0.607142857142857,0.577926505236312,0.578642337135935,25.2908966461328,25.9924709103354
1690,FALSE,TRUE,5,25,0.892857142857143,0.898873459636817,0.897649789415884,85.2669404517454,88.0390143737166
1691,TRUE,FALSE,4,21,0.75,0.721093388493686,0.719456238299211,54.7741273100616,53.6789869952088
1692,FALSE,TRUE,1,18,0.642857142857143,0.621047529676098,0.620443187241464,31.6392881587953,32.7686516084873
1693,TRUE,FALSE,2,17,0.607142857142857,0.56067506318592,0.560450997130253,25.2908966461328,22.8097193702943
1694,TRUE,FALSE,4,22,0.785714285714286,0.771625266140079,0.770421907302059,62.9876796714579,63.7748117727584
1695,TRUE,FALSE,3,19,0.678571428571429,0.632465025236688,0.632036162931115,39.2026009582478,34.9931553730322
1696,TRUE,FALSE,1,25,0.892857142857143,0.859154148778357,0.858874502423734,85.2669404517454,81.5023956194387
1697,TRUE,FALSE,1,25,0.892857142857143,0.878538757199114,0.878077761704113,85.2669404517454,84.3771389459274
1698,TRUE,FALSE,4,28,1,1,1,98.6652977412731,98.6652977412731
1699,TRUE,FALSE,5,21,0.75,0.725512233542573,0.724538324946451,54.7741273100616,54.5345653661875
1700,FALSE,TRUE,4,24,0.857142857142857,0.843871384833473,0.843633428573477,78.5420944558522,78.7645448323066
1701,FALSE,TRUE,2,13,0.464285714285714,0.44950540679054,0.449861098237159,8.02532511978097,8.94934976043806
1702,FALSE,TRUE,2,22,0.785714285714286,0.727498738339824,0.727411169857732,62.9876796714579,54.9794661190965
1703,TRUE,FALSE,1,16,0.571428571428571,0.524678076432708,0.525195361482791,19.4216290212183,16.9575633127995
1704,TRUE,FALSE,4,18,0.642857142857143,0.64389197472045,0.643819784284325,31.6392881587953,37.6283367556468
1705,TRUE,FALSE,1,22,0.785714285714286,0.772014279062915,0.771986146324925,62.9876796714579,63.8090349075975
1706,TRUE,FALSE,5,21,0.75,0.729091026277009,0.72874473341169,54.7741273100616,55.4585900068446
1707,FALSE,TRUE,5,17,0.607142857142857,0.570852230301183,0.572422305590413,25.2908966461328,24.5893223819302
1708,TRUE,FALSE,2,25,0.892857142857143,0.863634061592591,0.863731107252488,85.2669404517454,82.2553045859001
1709,TRUE,FALSE,4,21,0.75,0.719932440281134,0.718343671079656,54.7741273100616,53.507871321013
1710,TRUE,FALSE,1,10,0.357142857142857,0.318983139670791,0.320716778599834,2.56673511293634,2.00205338809035
1711,FALSE,TRUE,3,27,0.964285714285714,0.966667611783339,0.96736148961951,95.4312114989733,96.2183436002738
1712,FALSE,TRUE,4,25,0.892857142857143,0.896915437932995,0.897984590462389,85.2669404517454,87.7310061601643
1713,TRUE,FALSE,5,23,0.821428571428571,0.796852338153708,0.797036528576385,71.1327857631759,68.8056125941136
1714,TRUE,FALSE,2,25,0.892857142857143,0.882562858957994,0.881955800892081,85.2669404517454,85.1984941820671
1715,TRUE,FALSE,3,19,0.678571428571429,0.65810462610077,0.656431663405584,39.2026009582478,40.4346338124572
1716,TRUE,FALSE,3,20,0.714285714285714,0.680066996286818,0.679359718054834,47.1594798083504,45.1916495550992
1717,FALSE,TRUE,4,18,0.642857142857143,0.608057036103966,0.608418007313363,31.6392881587953,30.886379192334
1718,TRUE,FALSE,2,24,0.857142857142857,0.852389213454573,0.852252906641733,78.5420944558522,80.3730321697468
1719,FALSE,TRUE,3,20,0.714285714285714,0.72839495447661,0.729425424391484,47.1594798083504,55.321697467488
1720,TRUE,FALSE,4,17,0.607142857142857,0.568782583462834,0.570231612919946,25.2908966461328,24.0759753593429
1721,TRUE,FALSE,3,21,0.75,0.726177758242816,0.726870950180327,54.7741273100616,54.6714579055442
1722,FALSE,TRUE,3,20,0.714285714285714,0.71395667093703,0.714102439369264,47.1594798083504,52.2073921971253
1723,TRUE,FALSE,5,15,0.535714285714286,0.497278397340484,0.498602663945045,14.5448323066393,13.9801505817933
1724,TRUE,FALSE,4,22,0.785714285714286,0.726819533390511,0.726615027347682,62.9876796714579,54.9110198494182
1725,TRUE,FALSE,3,18,0.642857142857143,0.615433467422507,0.615803637618287,31.6392881587953,32.0841889117043
1726,TRUE,FALSE,5,17,0.607142857142857,0.575480522134596,0.574921254211752,25.2908966461328,25.5817932922656
1727,TRUE,FALSE,3,21,0.75,0.735224057121954,0.735795162579849,54.7741273100616,56.2799452429843
1728,TRUE,FALSE,2,27,0.964285714285714,0.960675975792669,0.960826539019219,95.4312114989733,94.6954140999316
1729,TRUE,FALSE,4,19,0.678571428571429,0.655630558043434,0.654834825890211,39.2026009582478,39.9897330595483
1730,FALSE,TRUE,1,21,0.75,0.723894466686392,0.724774634955727,54.7741273100616,54.192334017796
1731,TRUE,FALSE,4,27,0.964285714285714,0.966667611783339,0.966337509178458,95.4312114989733,96.2183436002738
1732,TRUE,FALSE,4,20,0.714285714285714,0.683413174287361,0.683714351843139,47.1594798083504,45.9787816563997
1733,FALSE,TRUE,4,24,0.857142857142857,0.847570823217064,0.848898862879813,78.5420944558522,79.4832306639288
1734,TRUE,FALSE,1,15,0.535714285714286,0.483423411367184,0.482988496308528,14.5448323066393,12.337440109514
1735,TRUE,FALSE,5,18,0.642857142857143,0.630701891555496,0.63094734282767,31.6392881587953,34.719370294319
1736,TRUE,FALSE,3,24,0.857142857142857,0.828423271019068,0.829696228047023,78.5420944558522,75.3422313483915
1737,TRUE,FALSE,2,20,0.714285714285714,0.68574811309352,0.685785928571407,47.1594798083504,46.6974674880219
1738,FALSE,TRUE,1,22,0.785714285714286,0.768590876549757,0.768939470356824,62.9876796714579,63.1587953456537
1739,FALSE,TRUE,2,20,0.714285714285714,0.680890442946711,0.682194957984014,47.1594798083504,45.362765229295
1740,FALSE,TRUE,2,18,0.642857142857143,0.5965219819444,0.595067440073548,31.6392881587953,28.7987679671458
1741,TRUE,FALSE,3,18,0.642857142857143,0.628103744775756,0.628440397477199,31.6392881587953,34.1033538672142
1742,TRUE,FALSE,4,19,0.678571428571429,0.681338217750692,0.682719486447558,39.2026009582478,45.5338809034908
1743,TRUE,FALSE,5,27,0.964285714285714,0.967515857698729,0.966972589050226,95.4312114989733,96.5434633812457
1744,TRUE,FALSE,1,20,0.714285714285714,0.660119688887489,0.661494835985482,47.1594798083504,41.0164271047228
1745,TRUE,FALSE,3,16,0.571428571428571,0.530527407983597,0.530449320253685,19.4216290212183,18.0527036276523
1746,TRUE,FALSE,4,19,0.678571428571429,0.624062569491054,0.622912636102287,39.2026009582478,33.2477754962355
1747,TRUE,FALSE,4,18,0.642857142857143,0.600103198440582,0.599701542840896,31.6392881587953,29.6543463381246
1748,TRUE,FALSE,3,25,0.892857142857143,0.860228208371026,0.860375242798852,85.2669404517454,81.6050650239562
1749,FALSE,TRUE,2,27,0.964285714285714,0.970209413374779,0.969979758538125,95.4312114989733,97.1594798083504
1750,TRUE,FALSE,2,23,0.821428571428571,0.788935830727499,0.788353009699374,71.1327857631759,67.5735797399042
1751,FALSE,TRUE,4,21,0.75,0.735817240961792,0.735021935271083,54.7741273100616,56.45106091718
1752,TRUE,FALSE,4,26,0.928571428571429,0.932646734865473,0.934054840841068,90.9479808350445,92.6933607118412
1753,TRUE,FALSE,4,21,0.75,0.694744033943356,0.693226532488379,54.7741273100616,48.3401779603012
1754,FALSE,TRUE,1,23,0.821428571428571,0.791602304705391,0.791433218521482,71.1327857631759,68.0184804928131
1755,TRUE,FALSE,5,21,0.75,0.695626158755037,0.697424374270757,54.7741273100616,48.4428473648186
1756,FALSE,TRUE,3,11,0.392857142857143,0.3653946957143,0.364662233196955,4.15811088295688,4.02121834360027
1757,TRUE,FALSE,3,17,0.607142857142857,0.561178801692308,0.560962764889177,25.2908966461328,22.8781656399726
1758,FALSE,TRUE,1,23,0.821428571428571,0.789676290677765,0.790438196815623,71.1327857631759,67.7446954140999
1759,TRUE,FALSE,4,17,0.607142857142857,0.566518377263751,0.565420071217922,25.2908966461328,23.7337440109514
1760,FALSE,TRUE,3,25,0.892857142857143,0.872138646269665,0.872905791104892,85.2669404517454,83.3162217659138
1761,TRUE,FALSE,4,15,0.535714285714286,0.526105538006355,0.525599868465484,14.5448323066393,17.299794661191
1762,TRUE,FALSE,4,15,0.535714285714286,0.518201551585894,0.516433167417249,14.5448323066393,16.2388774811773
1763,TRUE,FALSE,1,18,0.642857142857143,0.607585638150552,0.607091086450735,31.6392881587953,30.8521560574949
1764,FALSE,TRUE,4,20,0.714285714285714,0.662888996540098,0.6615059389778,47.1594798083504,41.8377823408624
1765,FALSE,TRUE,3,24,0.857142857142857,0.854982030278883,0.854602367850142,78.5420944558522,80.6810403832991
1766,TRUE,FALSE,1,7,0.25,0.227184045916756,0.227373953955452,0.342231348391513,0.325119780971937
1767,TRUE,FALSE,1,19,0.678571428571429,0.651292029253649,0.651633117095986,39.2026009582478,39.3052703627652
1768,TRUE,FALSE,4,19,0.678571428571429,0.649951404775612,0.649568761134574,39.2026009582478,38.8945927446954
1769,TRUE,FALSE,1,18,0.642857142857143,0.615005831044628,0.615471611905344,31.6392881587953,31.9815195071869
1770,TRUE,FALSE,2,15,0.535714285714286,0.476005238263009,0.475101301351227,14.5448323066393,11.652977412731
1771,TRUE,FALSE,2,16,0.571428571428571,0.523438306295714,0.523917147586114,19.4216290212183,16.8206707734428
1772,FALSE,TRUE,3,15,0.535714285714286,0.517301204163788,0.517790458173519,14.5448323066393,16.0335386721424
1773,TRUE,FALSE,3,19,0.678571428571429,0.646988423093426,0.648935165985852,39.2026009582478,38.347022587269
1774,TRUE,FALSE,4,15,0.535714285714286,0.495998012601384,0.496524402646051,14.5448323066393,13.8432580424367
1775,TRUE,FALSE,1,26,0.928571428571429,0.911076278477698,0.911299494760496,90.9479808350445,89.1341546885695
1776,FALSE,TRUE,2,24,0.857142857142857,0.857778404160336,0.859213663859898,78.5420944558522,81.2970568104038
1777,TRUE,FALSE,1,15,0.535714285714286,0.492856740581367,0.492212263885058,14.5448323066393,13.5352498288843
1778,TRUE,FALSE,4,24,0.857142857142857,0.860945780956935,0.86154935113886,78.5420944558522,81.8446269678303
1779,FALSE,TRUE,5,28,1,1,1,98.6652977412731,98.6652977412731
1780,TRUE,FALSE,1,19,0.678571428571429,0.652191945687661,0.653081935803337,39.2026009582478,39.3737166324435
1781,FALSE,TRUE,4,24,0.857142857142857,0.840715255758865,0.841306900279025,78.5420944558522,77.943189596167
1782,TRUE,FALSE,4,17,0.607142857142857,0.5821737040336,0.581565362669722,25.2908966461328,26.6769336071184
1783,TRUE,FALSE,3,22,0.785714285714286,0.758266207969163,0.758189352299216,62.9876796714579,60.968514715948
1784,FALSE,TRUE,1,23,0.821428571428571,0.816124262537856,0.815707421596452,71.1327857631759,73.0835044490075
1785,TRUE,FALSE,5,26,0.928571428571429,0.905915349226816,0.906382423250979,90.9479808350445,88.791923340178
1786,TRUE,FALSE,4,23,0.821428571428571,0.795223920622196,0.793705376269284,71.1327857631759,68.6344969199179
1787,TRUE,FALSE,2,28,1,1,1,98.6652977412731,98.6652977412731
1788,TRUE,FALSE,3,19,0.678571428571429,0.667640371555113,0.668962714111969,39.2026009582478,42.7275838466804
1789,TRUE,FALSE,2,21,0.75,0.724466363750754,0.723931630752926,54.7741273100616,54.3634496919918
1790,FALSE,TRUE,2,13,0.464285714285714,0.413359569517175,0.411434482723452,8.02532511978097,6.62217659137577
1791,FALSE,TRUE,4,21,0.75,0.720694782712092,0.721105518323177,54.7741273100616,53.5763175906913
1792,TRUE,FALSE,4,20,0.714285714285714,0.687834434163452,0.686746558146183,47.1594798083504,47.1423682409309
1793,TRUE,FALSE,5,17,0.607142857142857,0.574978567374346,0.575211712348419,25.2908966461328,25.3422313483915
1794,TRUE,FALSE,2,28,1,1,1,98.6652977412731,98.6652977412731
1795,TRUE,FALSE,2,25,0.892857142857143,0.899302515308215,0.899287565190488,85.2669404517454,88.1074606433949
1796,TRUE,FALSE,2,13,0.464285714285714,0.411371023249434,0.411673548887223,8.02532511978097,6.48528405201917
1797,TRUE,FALSE,4,19,0.678571428571429,0.641763312645929,0.642455804679233,39.2026009582478,37.0465434633812
1798,FALSE,TRUE,3,19,0.678571428571429,0.624557970977557,0.62493749424956,39.2026009582478,33.3846680355921
1799,FALSE,TRUE,5,14,0.5,0.522358222644556,0.521781719870274,10.9856262833676,16.6837782340862
1800,TRUE,FALSE,3,19,0.678571428571429,0.629473305534985,0.628977358492616,39.2026009582478,34.3429158110883
1801,TRUE,FALSE,5,15,0.535714285714286,0.494365841574235,0.494223558411861,14.5448323066393,13.6721423682409
1802,TRUE,FALSE,5,25,0.892857142857143,0.892001797520219,0.892429438645261,85.2669404517454,86.8412046543463
1803,FALSE,TRUE,4,20,0.714285714285714,0.713292612619163,0.712458921076374,47.1594798083504,51.9678302532512
1804,TRUE,FALSE,5,16,0.571428571428571,0.546558646476997,0.546916484885252,19.4216290212183,20.2772073921971
1805,FALSE,TRUE,1,20,0.714285714285714,0.707840354917107,0.707199095616286,47.1594798083504,50.7015742642026
1806,FALSE,TRUE,3,17,0.607142857142857,0.557692687200015,0.558685875687098,25.2908966461328,22.3990417522245
1807,TRUE,FALSE,3,18,0.642857142857143,0.600560173428028,0.600055916999041,31.6392881587953,29.8254620123203
1808,FALSE,TRUE,4,9,0.321428571428571,0.292207986368692,0.290485893389662,1.36892539356605,1.28336755646817
1809,FALSE,TRUE,3,18,0.642857142857143,0.59297490435715,0.591395715421885,31.6392881587953,28.1827515400411
1810,FALSE,TRUE,5,23,0.821428571428571,0.813455932343917,0.814820030937087,71.1327857631759,72.5359342915811
1811,TRUE,FALSE,4,24,0.857142857142857,0.835547952472328,0.835120607830086,78.5420944558522,77.0533880903491
1812,TRUE,FALSE,5,16,0.571428571428571,0.528283729404066,0.529341325423861,19.4216290212183,17.8815879534565
1813,TRUE,FALSE,2,8,0.285714285714286,0.253776954466042,0.255117416421973,0.735797399041752,0.564681724845996
1814,TRUE,FALSE,2,10,0.357142857142857,0.327450233567108,0.327757738374502,2.56673511293634,2.41273100616016
1815,TRUE,FALSE,4,11,0.392857142857143,0.395512693310673,0.397433735006238,4.15811088295688,5.62970568104038
1816,FALSE,TRUE,1,14,0.5,0.468225245214112,0.469743476049987,10.9856262833676,10.9342915811088
1817,FALSE,TRUE,5,24,0.857142857142857,0.840386072057292,0.840164244464817,78.5420944558522,77.8405201916496
1818,FALSE,TRUE,2,20,0.714285714285714,0.666334653436622,0.665208416402512,47.1594798083504,42.5222450376454
1819,FALSE,TRUE,4,14,0.5,0.46438791627391,0.463655920404321,10.9856262833676,10.6262833675565
1820,TRUE,FALSE,5,28,1,1,1,98.6652977412731,98.6652977412731
1821,FALSE,TRUE,3,20,0.714285714285714,0.665548603055567,0.664898328530624,47.1594798083504,42.3511293634497
1822,TRUE,FALSE,3,23,0.821428571428571,0.822877052169142,0.823747614058759,71.1327857631759,74.2813141683778
1823,TRUE,FALSE,2,20,0.714285714285714,0.692695018733133,0.690684843991532,47.1594798083504,48.0321697467488
1824,TRUE,FALSE,2,13,0.464285714285714,0.423011861961492,0.42321553960067,8.02532511978097,7.3066392881588
1825,TRUE,FALSE,3,9,0.321428571428571,0.312579803334658,0.313852513712294,1.36892539356605,1.72826830937714
1826,TRUE,FALSE,3,21,0.75,0.693701275692836,0.692646448638607,54.7741273100616,48.2375085557837
1827,TRUE,FALSE,5,16,0.571428571428571,0.553412340296094,0.554051559192126,19.4216290212183,21.3039014373717
1828,TRUE,FALSE,5,10,0.357142857142857,0.373209719109907,0.372632786834847,2.56673511293634,4.39767282683094
1829,FALSE,TRUE,4,16,0.571428571428571,0.553079165194473,0.55523784879798,19.4216290212183,21.2012320328542
1830,TRUE,FALSE,2,13,0.464285714285714,0.457910838713259,0.457095200414934,8.02532511978097,9.90759753593429
1831,TRUE,FALSE,2,24,0.857142857142857,0.860663482806028,0.861685321181425,78.5420944558522,81.7761806981519
1832,FALSE,TRUE,2,20,0.714285714285714,0.683271478915383,0.682980223430388,47.1594798083504,45.9445585215606
1833,TRUE,FALSE,2,22,0.785714285714286,0.77882985132305,0.777991198155471,62.9876796714579,65.5544147843943
1834,FALSE,TRUE,2,21,0.75,0.71630659685119,0.715787864887168,54.7741273100616,52.82340862423
1835,TRUE,FALSE,5,23,0.821428571428571,0.814438231806008,0.813610449485827,71.1327857631759,72.8439425051335
1836,TRUE,FALSE,4,14,0.5,0.473593209669537,0.474443630831815,10.9856262833676,11.3791923340178
1837,FALSE,TRUE,5,23,0.821428571428571,0.795818876685109,0.796839738080683,71.1327857631759,68.7371663244353
1838,FALSE,TRUE,2,18,0.642857142857143,0.629888875023178,0.630761683102707,31.6392881587953,34.5140314852841
1839,TRUE,FALSE,3,8,0.285714285714286,0.258152702713964,0.258863401627948,0.735797399041752,0.701574264202601
1840,FALSE,TRUE,1,16,0.571428571428571,0.5603304917472,0.558544722571696,19.4216290212183,22.741273100616
1841,TRUE,FALSE,3,24,0.857142857142857,0.825194123102362,0.825023396278875,78.5420944558522,74.6919917864476
1842,TRUE,FALSE,2,24,0.857142857142857,0.832695870557063,0.832327365879632,78.5420944558522,76.4031485284052
1843,TRUE,FALSE,5,24,0.857142857142857,0.823437269308308,0.824354897611366,78.5420944558522,74.3839835728953
1844,TRUE,FALSE,2,14,0.5,0.471343838377342,0.472617229432154,10.9856262833676,11.1054072553046
1845,FALSE,TRUE,4,21,0.75,0.753384752212643,0.754167837618993,54.7741273100616,59.839151266256
1846,TRUE,FALSE,1,21,0.75,0.723139749805694,0.723738088901841,54.7741273100616,54.0554414784394
1847,TRUE,FALSE,1,23,0.821428571428571,0.825282523861272,0.826011453672347,71.1327857631759,74.7262149212868
1848,FALSE,TRUE,5,10,0.357142857142857,0.343491569526463,0.344153292814014,2.56673511293634,3.02874743326489
1849,FALSE,TRUE,3,19,0.678571428571429,0.663367100187876,0.66319622984464,39.2026009582478,41.9404517453799
1850,FALSE,TRUE,5,8,0.285714285714286,0.263661395577344,0.263355220331375,0.735797399041752,0.838466803559206
1851,TRUE,FALSE,2,15,0.535714285714286,0.49428667895397,0.494647983415997,14.5448323066393,13.6379192334018
1852,TRUE,FALSE,3,23,0.821428571428571,0.818008981430778,0.818926038057728,71.1327857631759,73.4599589322382
1853,TRUE,FALSE,3,24,0.857142857142857,0.847982576295783,0.848612109794358,78.5420944558522,79.6543463381246
1854,FALSE,TRUE,3,26,0.928571428571429,0.916183828751266,0.91711561927866,90.9479808350445,89.92128678987
1855,TRUE,FALSE,5,17,0.607142857142857,0.55953136076023,0.559702920553677,25.2908966461328,22.6386036960986
1856,FALSE,TRUE,5,7,0.25,0.231711972499413,0.232409087083961,0.342231348391513,0.427789185489391
1857,FALSE,TRUE,2,19,0.678571428571429,0.644500438670773,0.645255253670772,39.2026009582478,37.6967830253251
1858,TRUE,FALSE,3,18,0.642857142857143,0.642818170669426,0.643158632429396,31.6392881587953,37.4914442162902
1859,FALSE,TRUE,1,25,0.892857142857143,0.896602195120361,0.896214642883673,85.2669404517454,87.662559890486
1860,FALSE,TRUE,3,22,0.785714285714286,0.77245332621543,0.772643858265199,62.9876796714579,63.9801505817933
1861,TRUE,FALSE,2,20,0.714285714285714,0.715090421283328,0.715960526677497,47.1594798083504,52.4811772758385
1862,TRUE,FALSE,4,14,0.5,0.457696435784098,0.456277046916451,10.9856262833676,9.83915126625599
1863,FALSE,TRUE,5,20,0.714285714285714,0.688341255143765,0.688778312318097,47.1594798083504,47.2450376454483
1864,TRUE,FALSE,5,22,0.785714285714286,0.764767938851547,0.76508894280005,62.9876796714579,62.4743326488706
1865,TRUE,FALSE,2,11,0.392857142857143,0.36668866085765,0.366800072157772,4.15811088295688,4.12388774811773
1866,TRUE,FALSE,5,26,0.928571428571429,0.935926219327692,0.935752450931638,90.9479808350445,93.0698151950719
1867,FALSE,TRUE,3,18,0.642857142857143,0.612952581904461,0.61598031237909,31.6392881587953,31.8104038329911
1868,TRUE,FALSE,4,12,0.428571428571429,0.40178021996688,0.403559102693269,5.78370978781656,6.0403832991102
1869,FALSE,TRUE,2,22,0.785714285714286,0.769298109366682,0.768446841038798,62.9876796714579,63.3299110198494
1870,TRUE,FALSE,3,21,0.75,0.721340934466926,0.722181606261191,54.7741273100616,53.7816563997262
1871,TRUE,FALSE,3,25,0.892857142857143,0.881855506223244,0.882387319733465,85.2669404517454,84.958932238193
1872,FALSE,TRUE,2,27,0.964285714285714,0.957784099948844,0.957730917235354,95.4312114989733,94.3018480492813
1873,TRUE,FALSE,5,23,0.821428571428571,0.828545090964095,0.827737516239339,71.1327857631759,75.3764544832307
1874,TRUE,FALSE,2,17,0.607142857142857,0.576490932153437,0.576187583991713,25.2908966461328,25.7186858316222
1875,TRUE,FALSE,4,19,0.678571428571429,0.679772417235855,0.681642404444726,39.2026009582478,45.1232032854209
1876,TRUE,FALSE,1,22,0.785714285714286,0.785287786037007,0.784686143523673,62.9876796714579,66.7522245037646
1877,TRUE,FALSE,2,15,0.535714285714286,0.517142822514456,0.518997149262404,14.5448323066393,15.9993155373032
1878,FALSE,TRUE,4,25,0.892857142857143,0.892323761592473,0.893364143164794,85.2669404517454,86.8754277891855
1879,TRUE,FALSE,4,16,0.571428571428571,0.564805710815507,0.564056033288032,19.4216290212183,23.3915126625599
1880,TRUE,FALSE,3,18,0.642857142857143,0.619801484771942,0.61991239857238,31.6392881587953,32.5975359342916
1881,FALSE,TRUE,3,24,0.857142857142857,0.846472298309018,0.845858722490807,78.5420944558522,79.1409993155373
1882,FALSE,TRUE,1,19,0.678571428571429,0.628696266921367,0.629745764878894,39.2026009582478,34.1718001368925
1883,FALSE,TRUE,3,21,0.75,0.71185987440482,0.713400051553514,54.7741273100616,51.6598220396988
1884,TRUE,FALSE,5,24,0.857142857142857,0.871593255272107,0.870789607195203,78.5420944558522,83.2819986310746
1885,TRUE,FALSE,5,23,0.821428571428571,0.77682937267666,0.776451143424247,71.1327857631759,65.1095140314853
1886,TRUE,FALSE,2,25,0.892857142857143,0.884183837365011,0.88413714510712,85.2669404517454,85.5407255304586
1887,FALSE,TRUE,4,20,0.714285714285714,0.698302719112726,0.698153944911013,47.1594798083504,49.1957563312799
1888,FALSE,TRUE,3,12,0.428571428571429,0.396876699114965,0.39482298306584,5.78370978781656,5.69815195071869
1889,TRUE,FALSE,5,26,0.928571428571429,0.935107236225271,0.934444745737953,90.9479808350445,93.0355920602327
1890,FALSE,TRUE,4,23,0.821428571428571,0.79404609844105,0.792010390605859,71.1327857631759,68.4976043805613
1891,TRUE,FALSE,2,22,0.785714285714286,0.765665864320583,0.765361515810839,62.9876796714579,62.5770020533881
1892,TRUE,FALSE,5,18,0.642857142857143,0.600173268090216,0.600543957698338,31.6392881587953,29.6885694729637
1893,TRUE,FALSE,3,20,0.714285714285714,0.706220201221769,0.706802793988215,47.1594798083504,50.4962354551677
1894,FALSE,TRUE,3,17,0.607142857142857,0.56897766282521,0.567851799889787,25.2908966461328,24.1786447638604
1895,TRUE,FALSE,5,21,0.75,0.713507066282971,0.713951364291312,54.7741273100616,52.1047227926078
1896,TRUE,FALSE,1,25,0.892857142857143,0.894064571794929,0.894434587277965,85.2669404517454,87.1663244353183
1897,TRUE,FALSE,5,14,0.5,0.470913207305716,0.472179542718337,10.9856262833676,11.0711841204654
1898,FALSE,TRUE,5,23,0.821428571428571,0.780237308952094,0.780205212449775,71.1327857631759,65.8966461327858
1899,TRUE,FALSE,1,24,0.857142857142857,0.836374860520114,0.836408355322296,78.5420944558522,77.258726899384
1900,TRUE,FALSE,2,20,0.714285714285714,0.687187341359993,0.68671015659898,47.1594798083504,47.0739219712526
1901,FALSE,TRUE,5,19,0.678571428571429,0.648763858823823,0.650015035809526,39.2026009582478,38.6208076659822
1902,FALSE,TRUE,4,15,0.535714285714286,0.485091955884543,0.485209125732337,14.5448323066393,12.4401095140315
1903,TRUE,FALSE,3,12,0.428571428571429,0.414184888337632,0.413373203255677,5.78370978781656,6.69062286105407
1904,TRUE,FALSE,4,22,0.785714285714286,0.756361231328973,0.75516660362788,62.9876796714579,60.5578370978782
1905,TRUE,FALSE,1,18,0.642857142857143,0.596319266604542,0.596940085877057,31.6392881587953,28.7645448323066
1906,TRUE,FALSE,1,20,0.714285714285714,0.706000434843041,0.704485715984356,47.1594798083504,50.4620123203285
1907,TRUE,FALSE,3,18,0.642857142857143,0.628161957504709,0.629266736183998,31.6392881587953,34.1375770020534
1908,FALSE,TRUE,4,27,0.964285714285714,0.948131249277973,0.94739044607848,95.4312114989733,93.8911704312115
1909,FALSE,TRUE,4,16,0.571428571428571,0.519483522718555,0.517999566700113,19.4216290212183,16.4442162902122
1910,TRUE,FALSE,3,21,0.75,0.732955879368628,0.733581126680576,54.7741273100616,55.9719370294319
1911,FALSE,TRUE,2,22,0.785714285714286,0.761789628637391,0.762061753932418,62.9876796714579,61.7214236824093
1912,TRUE,FALSE,5,27,0.964285714285714,0.967058235156041,0.966440229915285,95.4312114989733,96.4579055441478
1913,TRUE,FALSE,3,16,0.571428571428571,0.528687351101632,0.530560269846458,19.4216290212183,17.9158110882957
1914,TRUE,FALSE,1,11,0.392857142857143,0.379016664839662,0.377269390621273,4.15811088295688,4.637234770705
1915,TRUE,FALSE,3,14,0.5,0.45055501065168,0.451077504244313,10.9856262833676,9.15468856947296
1916,FALSE,TRUE,1,20,0.714285714285714,0.687152336269821,0.687071646150388,47.1594798083504,47.0396988364134
1917,TRUE,FALSE,4,13,0.464285714285714,0.425303331649488,0.427077074743128,8.02532511978097,7.47775496235455
1918,TRUE,FALSE,5,10,0.357142857142857,0.317374378090572,0.31938935375903,2.56673511293634,1.86516084873374
1919,TRUE,FALSE,4,18,0.642857142857143,0.619310626775892,0.619650530345451,31.6392881587953,32.5633127994524
1920,TRUE,FALSE,4,24,0.857142857142857,0.860009025017226,0.85970881508717,78.5420944558522,81.570841889117
1921,TRUE,FALSE,1,20,0.714285714285714,0.704169630254527,0.702842381059724,47.1594798083504,50.1882272416153
1922,FALSE,TRUE,5,20,0.714285714285714,0.653340190122566,0.653919581093687,47.1594798083504,39.6132785763176
1923,TRUE,FALSE,3,23,0.821428571428571,0.792049288977949,0.792160845413566,71.1327857631759,68.1211498973306
1924,FALSE,TRUE,2,12,0.428571428571429,0.399372227351238,0.397745225468735,5.78370978781656,5.90349075975359
1925,TRUE,FALSE,5,14,0.5,0.455353791031634,0.458355014036601,10.9856262833676,9.63381245722108
1926,TRUE,FALSE,1,20,0.714285714285714,0.654192853847345,0.655268164982984,47.1594798083504,39.7501711156742
1927,TRUE,FALSE,1,20,0.714285714285714,0.678951493747923,0.680493661267285,47.1594798083504,44.8494182067077
1928,TRUE,FALSE,2,28,1,1,1,98.6652977412731,98.6652977412731
1929,TRUE,FALSE,3,27,0.964285714285714,0.966667611783339,0.96736148961951,95.4312114989733,96.2183436002738
1930,TRUE,FALSE,1,14,0.5,0.472496348154433,0.473314393363705,10.9856262833676,11.208076659822
1931,TRUE,FALSE,5,21,0.75,0.714858954679177,0.714962466567524,54.7741273100616,52.4127310061602
1932,TRUE,FALSE,1,19,0.678571428571429,0.677201691371846,0.677458399965544,39.2026009582478,44.6440793976728
1933,TRUE,FALSE,3,21,0.75,0.695687517562162,0.695007380583331,54.7741273100616,48.4770704996578
1934,FALSE,TRUE,2,14,0.5,0.451329774470512,0.450214399752285,10.9856262833676,9.25735797399042
1935,TRUE,FALSE,5,22,0.785714285714286,0.756069773105555,0.757188527300354,62.9876796714579,60.4551676933607
1936,FALSE,TRUE,2,20,0.714285714285714,0.697141725043577,0.696591529169196,47.1594798083504,48.8877481177276
1937,TRUE,FALSE,2,23,0.821428571428571,0.797169604646314,0.796133726721698,71.1327857631759,68.8740588637919
1938,TRUE,FALSE,2,20,0.714285714285714,0.675414557062034,0.675536933757706,47.1594798083504,44.1307323750856
1939,FALSE,TRUE,3,16,0.571428571428571,0.547983301486517,0.548287990822172,19.4216290212183,20.5167693360712
1940,TRUE,FALSE,4,24,0.857142857142857,0.830038332541415,0.82891268902039,78.5420944558522,75.8213552361396
1941,FALSE,TRUE,1,21,0.75,0.717446937256178,0.715939333293098,54.7741273100616,53.1656399726215
1942,FALSE,TRUE,1,20,0.714285714285714,0.671511866742457,0.670697815247025,47.1594798083504,43.6516084873374
1943,TRUE,FALSE,4,10,0.357142857142857,0.344036665421114,0.344891685498377,2.56673511293634,3.09719370294319
1944,FALSE,TRUE,1,14,0.5,0.460448119107909,0.460462959140362,10.9856262833676,10.284052019165
1945,FALSE,TRUE,2,27,0.964285714285714,0.966667611783339,0.966751948722222,95.4312114989733,96.2183436002738
1946,TRUE,FALSE,5,20,0.714285714285714,0.684983887350639,0.687295558533379,47.1594798083504,46.492128678987
1947,TRUE,FALSE,4,26,0.928571428571429,0.911507545258496,0.910722652783599,90.9479808350445,89.2539356605065
1948,TRUE,FALSE,4,27,0.964285714285714,0.944723584569072,0.944306494231765,95.4312114989733,93.6516084873374
1949,FALSE,TRUE,4,26,0.928571428571429,0.916169562924407,0.916119577117647,90.9479808350445,89.8870636550308
1950,TRUE,FALSE,4,27,0.964285714285714,0.966667611783339,0.966337509178458,95.4312114989733,96.2183436002738
1951,TRUE,FALSE,3,24,0.857142857142857,0.831688231059993,0.832541698927217,78.5420944558522,76.1635865845311
1952,TRUE,FALSE,4,25,0.892857142857143,0.873326025413916,0.873711241519235,85.2669404517454,83.4531143052704
1953,FALSE,TRUE,4,15,0.535714285714286,0.504100550880232,0.503884497599698,14.5448323066393,14.7672826830938
1954,TRUE,FALSE,5,20,0.714285714285714,0.665566171996694,0.667499307291238,47.1594798083504,42.3853524982888
1955,TRUE,FALSE,1,21,0.75,0.75425284328586,0.753710225497397,54.7741273100616,60.0787132101301
1956,FALSE,TRUE,4,17,0.607142857142857,0.598566407880191,0.598869989260516,25.2908966461328,29.2778918548939
1957,TRUE,FALSE,3,22,0.785714285714286,0.761092744710308,0.7627861899499,62.9876796714579,61.5160848733744
1958,FALSE,TRUE,3,23,0.821428571428571,0.802940477884315,0.803451431104875,71.1327857631759,70.0889801505818
1959,TRUE,FALSE,3,26,0.928571428571429,0.922941800043082,0.922328401793222,90.9479808350445,90.7084188911704
1960,TRUE,FALSE,3,18,0.642857142857143,0.632851488137389,0.632903817450548,31.6392881587953,35.0958247775496
1961,TRUE,FALSE,5,21,0.75,0.701561755742591,0.702344606045136,54.7741273100616,49.5722108145106
1962,TRUE,FALSE,3,22,0.785714285714286,0.775361634029292,0.775046869666839,62.9876796714579,64.7672826830938
1963,FALSE,TRUE,5,23,0.821428571428571,0.82297391531033,0.823058041495143,71.1327857631759,74.3497604380561
1964,FALSE,TRUE,1,14,0.5,0.459890134938312,0.460201919907461,10.9856262833676,10.1813826146475
1965,FALSE,TRUE,5,24,0.857142857142857,0.850078716656724,0.849291376426532,78.5420944558522,79.8939082819986
1966,TRUE,FALSE,4,13,0.464285714285714,0.450876097255144,0.450161076290487,8.02532511978097,9.18891170431212
1967,FALSE,TRUE,3,20,0.714285714285714,0.705309144417791,0.705886183731844,47.1594798083504,50.3251197809719
1968,TRUE,FALSE,2,23,0.821428571428571,0.78150713298075,0.780571959327338,71.1327857631759,66.0677618069815
1969,FALSE,TRUE,2,15,0.535714285714286,0.526882598901756,0.52709594954629,14.5448323066393,17.6078028747433
1970,FALSE,TRUE,3,23,0.821428571428571,0.822865043847085,0.823094809271186,71.1327857631759,74.2470910335387
1971,TRUE,FALSE,5,18,0.642857142857143,0.59331686328794,0.595766185976884,31.6392881587953,28.3196440793977
1972,TRUE,FALSE,1,24,0.857142857142857,0.837810323741643,0.837280333138972,78.5420944558522,77.5325119780972
1973,FALSE,TRUE,2,5,0.178571428571429,0.161724260736478,0.160742609801555,0.0342231348391513,0.0171115674195756
1974,TRUE,FALSE,1,22,0.785714285714286,0.76850209406389,0.76774924362753,62.9876796714579,63.1245722108145
1975,TRUE,FALSE,1,24,0.857142857142857,0.809237994150118,0.810088844972029,78.5420944558522,71.7145790554415
1976,TRUE,FALSE,2,19,0.678571428571429,0.667046800474095,0.666485881522409,39.2026009582478,42.5564681724846
1977,FALSE,TRUE,2,23,0.821428571428571,0.820508030589369,0.820153075547393,71.1327857631759,73.9048596851472
1978,FALSE,TRUE,4,11,0.392857142857143,0.398096492132398,0.398285639878074,4.15811088295688,5.76659822039699
1979,TRUE,FALSE,1,22,0.785714285714286,0.7499532804447,0.751114196950542,62.9876796714579,59.0862422997947
1980,TRUE,FALSE,5,19,0.678571428571429,0.659713769308432,0.659466482585453,39.2026009582478,40.8795345653662
1981,TRUE,FALSE,2,15,0.535714285714286,0.49913490616959,0.500048467097507,14.5448323066393,14.356605065024
1982,TRUE,FALSE,1,10,0.357142857142857,0.362530238349404,0.363214282031842,2.56673511293634,3.78165639972622
1983,TRUE,FALSE,1,15,0.535714285714286,0.511242831703259,0.513524951601816,14.5448323066393,15.4517453798768
1984,FALSE,TRUE,5,24,0.857142857142857,0.864461586217454,0.861990184066318,78.5420944558522,82.4264202600958
1985,FALSE,TRUE,1,16,0.571428571428571,0.566278970216669,0.565577286660643,19.4216290212183,23.6310746064339
1986,FALSE,TRUE,2,16,0.571428571428571,0.580566707887888,0.58059687976167,19.4216290212183,26.4031485284052
1987,TRUE,FALSE,1,22,0.785714285714286,0.749550825731402,0.750719550847497,62.9876796714579,58.9835728952772
1988,TRUE,FALSE,4,23,0.821428571428571,0.808125042420287,0.808520420874389,71.1327857631759,71.4407939767283
1989,FALSE,TRUE,3,22,0.785714285714286,0.775581231937526,0.774943376205677,62.9876796714579,64.8357289527721
1990,TRUE,FALSE,4,10,0.357142857142857,0.33223728593333,0.33304766232774,2.56673511293634,2.65229295003422
1991,FALSE,TRUE,1,24,0.857142857142857,0.843164090681355,0.841917270318934,78.5420944558522,78.62765229295
1992,TRUE,FALSE,4,23,0.821428571428571,0.813417477266305,0.81283039436758,71.1327857631759,72.5017111567419
1993,FALSE,TRUE,5,15,0.535714285714286,0.490167395817084,0.490909419857503,14.5448323066393,13.0219028062971
1994,TRUE,FALSE,1,25,0.892857142857143,0.896870207690912,0.896930282628776,85.2669404517454,87.6967830253251
1995,FALSE,TRUE,2,11,0.392857142857143,0.356072385105373,0.356272833975094,4.15811088295688,3.54209445585216
1996,TRUE,FALSE,5,12,0.428571428571429,0.424295834109831,0.425064955828085,5.78370978781656,7.40930869267625
1997,FALSE,TRUE,3,20,0.714285714285714,0.661254581995106,0.662617094112111,47.1594798083504,41.3415468856947
1998,TRUE,FALSE,3,24,0.857142857142857,0.813783294547421,0.813658522466311,78.5420944558522,72.6728268309377
1999,TRUE,FALSE,3,25,0.892857142857143,0.885714037176732,0.886028546829604,85.2669404517454,85.7118412046543
2000,TRUE,FALSE,2,25,0.892857142857143,0.876747955949676,0.87764565102461,85.2669404517454,84.0349075975359
2001,TRUE,FALSE,1,21,0.75,0.743748435675908,0.743075836427841,54.7741273100616,57.7857631759069
2002,TRUE,FALSE,2,28,1,1,1,98.6652977412731,98.6652977412731
2003,FALSE,TRUE,4,13,0.464285714285714,0.418538453470359,0.417957826249549,8.02532511978097,6.89596167008898
2004,TRUE,FALSE,5,27,0.964285714285714,0.965671677471978,0.966189773774297,95.4312114989733,95.9103353867214
2005,TRUE,FALSE,5,23,0.821428571428571,0.818165045763027,0.817962959643262,71.1327857631759,73.4941820670773
2006,TRUE,FALSE,4,19,0.678571428571429,0.657144193609298,0.655727027860956,39.2026009582478,40.1950718685832
2007,TRUE,FALSE,5,22,0.785714285714286,0.770801159294165,0.770699183366504,62.9876796714579,63.5352498288843
2008,FALSE,TRUE,2,17,0.607142857142857,0.55641310591818,0.553768976593454,25.2908966461328,21.9541409993155
2009,TRUE,FALSE,2,15,0.535714285714286,0.514852670177387,0.516270452634151,14.5448323066393,15.8624229979466
2010,TRUE,FALSE,1,16,0.571428571428571,0.53107154145126,0.533054059789897,19.4216290212183,18.1553730321697
2011,FALSE,TRUE,3,20,0.714285714285714,0.68555922769577,0.685820855462469,47.1594798083504,46.6290212183436
2012,TRUE,FALSE,2,14,0.5,0.463014580370858,0.464293110333958,10.9856262833676,10.523613963039
2013,TRUE,FALSE,2,16,0.571428571428571,0.548186856815481,0.546894270721398,19.4216290212183,20.5509924709103
2014,FALSE,TRUE,4,24,0.857142857142857,0.837039781667043,0.836564598418418,78.5420944558522,77.3956194387406
2015,TRUE,FALSE,5,16,0.571428571428571,0.518439832841231,0.520287203263887,19.4216290212183,16.3073237508556
2016,TRUE,FALSE,2,26,0.928571428571429,0.926652084120495,0.926207346439042,90.9479808350445,91.409993155373
2017,TRUE,FALSE,4,22,0.785714285714286,0.783435869806508,0.782997053634307,62.9876796714579,66.4784394250513
2018,TRUE,FALSE,4,24,0.857142857142857,0.846876908648983,0.847240986210733,78.5420944558522,79.3121149897331
2019,TRUE,FALSE,2,15,0.535714285714286,0.504851701539101,0.506817863011289,14.5448323066393,14.8699520876112
2020,FALSE,TRUE,4,23,0.821428571428571,0.813023745856449,0.813259409662091,71.1327857631759,72.3990417522245
2021,FALSE,TRUE,1,23,0.821428571428571,0.828623037956117,0.8286658328034,71.1327857631759,75.4106776180698
2022,TRUE,FALSE,1,25,0.892857142857143,0.908679426359176,0.907493775711255,85.2669404517454,88.9288158795346
2023,TRUE,FALSE,1,26,0.928571428571429,0.91976807187677,0.919976550984018,90.9479808350445,90.3661875427789
2024,TRUE,FALSE,1,5,0.178571428571429,0.189661866346472,0.191999471666248,0.0342231348391513,0.0513347022587269
2025,TRUE,FALSE,1,25,0.892857142857143,0.886964646490921,0.886651799470572,85.2669404517454,85.8829568788501
2026,FALSE,TRUE,4,20,0.714285714285714,0.676376832425155,0.675580952928354,47.1594798083504,44.4729637234771
2027,TRUE,FALSE,5,23,0.821428571428571,0.819064488994159,0.820470150490482,71.1327857631759,73.6652977412731
2028,TRUE,FALSE,3,22,0.785714285714286,0.772154115585722,0.772039249998146,62.9876796714579,63.8432580424367
2029,TRUE,FALSE,1,24,0.857142857142857,0.832426935237243,0.832158925763353,78.5420944558522,76.3689253935661
2030,FALSE,TRUE,5,21,0.75,0.713403769984665,0.712039146524665,54.7741273100616,52.0020533880904
2031,TRUE,FALSE,5,26,0.928571428571429,0.936649918135817,0.936087570737919,90.9479808350445,93.104038329911
2032,TRUE,FALSE,3,22,0.785714285714286,0.773907323676647,0.774577854567959,62.9876796714579,64.151266255989
2033,TRUE,FALSE,4,26,0.928571428571429,0.929481641500798,0.92993038447705,90.9479808350445,91.9575633127995
2034,TRUE,FALSE,1,24,0.857142857142857,0.840566859464705,0.839443810649297,78.5420944558522,77.9089664613279
2035,TRUE,FALSE,4,19,0.678571428571429,0.636532345027473,0.635035250989686,39.2026009582478,35.7460643394935
2036,TRUE,FALSE,1,13,0.464285714285714,0.452367814214995,0.450689545054426,8.02532511978097,9.36002737850787
2037,TRUE,FALSE,3,19,0.678571428571429,0.658493730782269,0.658971194698089,39.2026009582478,40.5030800821355
2038,TRUE,FALSE,4,19,0.678571428571429,0.63514908867344,0.635152597749296,39.2026009582478,35.4722792607803
2039,TRUE,FALSE,5,28,1,1,1,98.6652977412731,98.6652977412731
2040,TRUE,FALSE,5,19,0.678571428571429,0.641013605645489,0.642989960624516,39.2026009582478,36.772758384668
2041,TRUE,FALSE,1,24,0.857142857142857,0.870707402678022,0.870287929337242,78.5420944558522,83.0766598220397
2042,FALSE,TRUE,1,21,0.75,0.692897886671553,0.693525646919779,54.7741273100616,48.1348391512663
2043,FALSE,TRUE,2,21,0.75,0.711193084521008,0.709949561015109,54.7741273100616,51.5571526351814
2044,FALSE,TRUE,5,15,0.535714285714286,0.504940728499035,0.504877759890814,14.5448323066393,14.9041752224504
2045,TRUE,FALSE,3,13,0.464285714285714,0.419857221592871,0.419346418525316,8.02532511978097,7.06707734428474
2046,TRUE,FALSE,1,21,0.75,0.710725085090202,0.712339926406117,54.7741273100616,51.3860369609856
2047,TRUE,FALSE,5,14,0.5,0.45534615348698,0.454612031489621,10.9856262833676,9.59958932238193
2048,FALSE,TRUE,4,28,1,1,1,98.6652977412731,98.6652977412731
2049,FALSE,TRUE,5,13,0.464285714285714,0.431841865674476,0.432592697781248,8.02532511978097,7.85420944558522
2050,FALSE,TRUE,1,18,0.642857142857143,0.626352133728589,0.627264874774893,31.6392881587953,33.7268993839836
2051,TRUE,FALSE,4,9,0.321428571428571,0.280669500131056,0.281044558679996,1.36892539356605,0.975359342915811
2052,TRUE,FALSE,5,25,0.892857142857143,0.88960941182642,0.889614404381235,85.2669404517454,86.2422997946612
2053,TRUE,FALSE,4,16,0.571428571428571,0.562202676265998,0.56162224314332,19.4216290212183,23.0150581793292
2054,FALSE,TRUE,5,21,0.75,0.749042955701587,0.747957537559149,54.7741273100616,58.9151266255989
2055,TRUE,FALSE,3,16,0.571428571428571,0.520341182995497,0.520225882501741,19.4216290212183,16.5468856947296
2056,FALSE,TRUE,5,17,0.607142857142857,0.580022560803809,0.582003360942219,25.2908966461328,26.3347022587269
2057,TRUE,FALSE,1,13,0.464285714285714,0.434542959298784,0.434191986323976,8.02532511978097,8.02532511978097
2058,TRUE,FALSE,4,17,0.607142857142857,0.585604076642758,0.585656693612991,25.2908966461328,26.9849418206708
2059,TRUE,FALSE,1,21,0.75,0.726497861048418,0.727566070363989,54.7741273100616,54.7741273100616
2060,FALSE,TRUE,3,14,0.5,0.48633415467049,0.48615935656821,10.9856262833676,12.5427789185489
2061,TRUE,FALSE,4,24,0.857142857142857,0.834895320196106,0.834815856474085,78.5420944558522,76.8822724161533
2062,TRUE,FALSE,1,25,0.892857142857143,0.877064685311724,0.877740492416932,85.2669404517454,84.0862422997947
2063,TRUE,FALSE,2,22,0.785714285714286,0.761547431718485,0.759808562072977,62.9876796714579,61.5845311430527
2064,TRUE,FALSE,1,25,0.892857142857143,0.855799863046771,0.856870455610696,85.2669404517454,80.8179329226557
2065,TRUE,FALSE,1,19,0.678571428571429,0.642194188078083,0.642580253969305,39.2026009582478,37.1834360027378
2066,FALSE,TRUE,4,22,0.785714285714286,0.731221320923438,0.730036255612514,62.9876796714579,55.8350444900753
2067,TRUE,FALSE,2,24,0.857142857142857,0.835695655570801,0.835297397544079,78.5420944558522,77.1560574948665
2068,TRUE,FALSE,1,18,0.642857142857143,0.636384404627368,0.634428851447712,31.6392881587953,35.7118412046543
2069,TRUE,FALSE,1,20,0.714285714285714,0.667135633530382,0.668679436655441,47.1594798083504,42.6591375770021
2070,TRUE,FALSE,2,22,0.785714285714286,0.775030173066613,0.774632477072784,62.9876796714579,64.596167008898
2071,TRUE,FALSE,4,20,0.714285714285714,0.69333422647946,0.692564464462363,47.1594798083504,48.2032854209446
2072,TRUE,FALSE,5,23,0.821428571428571,0.805476806383954,0.804501964820168,71.1327857631759,70.6878850102669
2073,TRUE,FALSE,4,27,0.964285714285714,0.953238799551541,0.952966173380722,95.4312114989733,94.0965092402464
2074,TRUE,FALSE,1,19,0.678571428571429,0.661290254655143,0.662318869114029,39.2026009582478,41.4271047227926
2075,TRUE,FALSE,3,17,0.607142857142857,0.592302246306158,0.591584383458148,25.2908966461328,28.0116358658453
2076,FALSE,TRUE,2,23,0.821428571428571,0.804477935524982,0.805422376346937,71.1327857631759,70.4483230663929
2077,FALSE,TRUE,1,18,0.642857142857143,0.596629181751928,0.595766149072596,31.6392881587953,28.8672142368241
2078,TRUE,FALSE,1,26,0.928571428571429,0.923619710166601,0.923167642223304,90.9479808350445,90.7939767282683
2079,FALSE,TRUE,5,22,0.785714285714286,0.767987309158867,0.767358283935491,62.9876796714579,62.9534565366188
2080,TRUE,FALSE,3,17,0.607142857142857,0.570121599716755,0.569005449118574,25.2908966461328,24.4524298425736
2081,TRUE,FALSE,1,15,0.535714285714286,0.509009541514826,0.508288661783194,14.5448323066393,15.3148528405202
2082,TRUE,FALSE,2,22,0.785714285714286,0.752656335089888,0.751250665994776,62.9876796714579,59.7707049965777
2083,FALSE,TRUE,5,15,0.535714285714286,0.505874682316202,0.506612347252233,14.5448323066393,14.9726214921287
2084,TRUE,FALSE,3,19,0.678571428571429,0.627691907486074,0.629416756509253,39.2026009582478,34.0349075975359
2085,FALSE,TRUE,1,19,0.678571428571429,0.640900985573856,0.639368712571926,39.2026009582478,36.7385352498289
2086,TRUE,FALSE,1,25,0.892857142857143,0.885483079703715,0.885075901054453,85.2669404517454,85.6776180698152
2087,FALSE,TRUE,1,15,0.535714285714286,0.491950733674074,0.490413704679071,14.5448323066393,13.4325804243669
2088,TRUE,FALSE,3,21,0.75,0.728121644140965,0.72804500446764,54.7741273100616,55.2532511978097
2089,TRUE,FALSE,3,22,0.785714285714286,0.753393361755573,0.752347330019512,62.9876796714579,59.8733744010951
2090,TRUE,FALSE,4,28,1,1,1,98.6652977412731,98.6652977412731
2091,TRUE,FALSE,3,25,0.892857142857143,0.894078837621789,0.894176799604606,85.2669404517454,87.217659137577
2092,FALSE,TRUE,1,17,0.607142857142857,0.58984970011307,0.588832839926598,25.2908966461328,27.498288843258
2093,TRUE,FALSE,3,14,0.5,0.49720459555586,0.498794969550042,10.9856262833676,13.9459274469541
2094,TRUE,FALSE,2,16,0.571428571428571,0.540455594759128,0.540125900408244,19.4216290212183,19.6611909650924
2095,TRUE,FALSE,5,13,0.464285714285714,0.446513963291688,0.445703035782941,8.02532511978097,8.81245722108145
2096,FALSE,TRUE,3,25,0.892857142857143,0.893405888420688,0.892405068756881,85.2669404517454,87.0636550308008
2097,FALSE,TRUE,2,20,0.714285714285714,0.68468977993247,0.683984860403036,47.1594798083504,46.3894592744695
2098,TRUE,FALSE,3,14,0.5,0.473415885094478,0.47276221618172,10.9856262833676,11.3449691991786
2099,FALSE,TRUE,1,21,0.75,0.727443832772334,0.726986805585256,54.7741273100616,54.9452429842574
2100,FALSE,TRUE,3,23,0.821428571428571,0.817738187064109,0.817586902578073,71.1327857631759,73.425735797399
2101,TRUE,FALSE,2,28,1,1,1,98.6652977412731,98.6652977412731
2102,TRUE,FALSE,5,18,0.642857142857143,0.614031612719393,0.615098848214074,31.6392881587953,31.8788501026694
2103,TRUE,FALSE,1,24,0.857142857142857,0.834844360134601,0.834677888150382,78.5420944558522,76.8309377138946
2104,TRUE,FALSE,5,16,0.571428571428571,0.543007207134103,0.544929195320111,19.4216290212183,19.9349760438056
2105,TRUE,FALSE,4,20,0.714285714285714,0.688228678585736,0.687462316308714,47.1594798083504,47.17659137577
2106,FALSE,TRUE,2,17,0.607142857142857,0.584495275729152,0.584398944720212,25.2908966461328,26.8480492813142
2107,FALSE,TRUE,1,25,0.892857142857143,0.877675209242293,0.877809966747233,85.2669404517454,84.27446954141
2108,FALSE,TRUE,4,15,0.535714285714286,0.491383435318072,0.490292942039709,14.5448323066393,13.3299110198494
2109,FALSE,TRUE,3,13,0.464285714285714,0.436639554117958,0.435516131725448,8.02532511978097,8.16221765913758
2110,FALSE,TRUE,4,23,0.821428571428571,0.818506799964218,0.818710861192374,71.1327857631759,73.5968514715948
2111,TRUE,FALSE,4,18,0.642857142857143,0.620390395253673,0.61955209600447,31.6392881587953,32.6659822039699
2112,FALSE,TRUE,2,17,0.607142857142857,0.578719086440389,0.577991096329266,25.2908966461328,26.129363449692
2113,TRUE,FALSE,2,26,0.928571428571429,0.908807225070642,0.909069764349692,90.9479808350445,88.9630390143737
2114,TRUE,FALSE,5,24,0.857142857142857,0.837016176028177,0.838281694861863,78.5420944558522,77.3613963039014
2115,TRUE,FALSE,3,27,0.964285714285714,0.963376295980523,0.962998866241767,95.4312114989733,95.5167693360712
2116,FALSE,TRUE,2,23,0.821428571428571,0.80826162553655,0.80842742061213,71.1327857631759,71.4750171115674
2117,FALSE,TRUE,4,22,0.785714285714286,0.748216028317458,0.747754995052965,62.9876796714579,58.8466803559206
2118,FALSE,TRUE,5,13,0.464285714285714,0.413220222793587,0.415389925713543,8.02532511978097,6.58795345653662
2119,TRUE,FALSE,1,25,0.892857142857143,0.891878465233477,0.891799328655758,85.2669404517454,86.7556468172485
2120,FALSE,TRUE,3,18,0.642857142857143,0.59760076307213,0.596641202222515,31.6392881587953,29.0041067761807
2121,TRUE,FALSE,2,22,0.785714285714286,0.759125210478519,0.759678285208476,62.9876796714579,61.1054072553046
2122,TRUE,FALSE,2,22,0.785714285714286,0.771391159761265,0.771625783065228,62.9876796714579,63.6721423682409
2123,FALSE,TRUE,2,16,0.571428571428571,0.526593199221488,0.52555540252394,19.4216290212183,17.4709103353867
2124,TRUE,FALSE,4,27,0.964285714285714,0.944723584569072,0.944306494231765,95.4312114989733,93.6516084873374
2125,TRUE,FALSE,2,18,0.642857142857143,0.597813876252212,0.596989799059952,31.6392881587953,29.1409993155373
2126,TRUE,FALSE,3,20,0.714285714285714,0.668988509243885,0.669149170509116,47.1594798083504,43.1382614647502
2127,TRUE,FALSE,4,15,0.535714285714286,0.494711361630122,0.494116563379346,14.5448323066393,13.7405886379192
2128,FALSE,TRUE,3,10,0.357142857142857,0.318245594739605,0.316987318584356,2.56673511293634,1.93360711841205
2129,TRUE,FALSE,2,26,0.928571428571429,0.929047973452501,0.929891797009726,90.9479808350445,91.8377823408624
2130,TRUE,FALSE,5,17,0.607142857142857,0.570916442438268,0.570619575132314,25.2908966461328,24.6235455167693
2131,TRUE,FALSE,5,24,0.857142857142857,0.84901692416748,0.848289614936937,78.5420944558522,79.757015742642
2132,TRUE,FALSE,4,22,0.785714285714286,0.778475634298203,0.777274291673375,62.9876796714579,65.4859685147159
2133,FALSE,TRUE,5,18,0.642857142857143,0.629581033457048,0.628830189854819,31.6392881587953,34.4455852156058
2134,FALSE,TRUE,5,22,0.785714285714286,0.753436640681779,0.75320593701626,62.9876796714579,59.9075975359343
2135,FALSE,TRUE,2,22,0.785714285714286,0.775351011502017,0.7738032783558,62.9876796714579,64.7330595482546
2136,TRUE,FALSE,2,23,0.821428571428571,0.787545231613974,0.786405299353108,71.1327857631759,67.1286789869952
2137,TRUE,FALSE,4,12,0.428571428571429,0.388447358894705,0.388565055656651,5.78370978781656,5.11635865845311
2138,TRUE,FALSE,3,20,0.714285714285714,0.667058943130626,0.666986648651595,47.1594798083504,42.5906913073238
2139,TRUE,FALSE,5,28,1,1,1,98.6652977412731,98.6652977412731
2140,FALSE,TRUE,3,25,0.892857142857143,0.864300812202379,0.864452403782172,85.2669404517454,82.3237508555784
2141,FALSE,TRUE,1,27,0.964285714285714,0.968867984171651,0.968818683207184,95.4312114989733,96.9712525667351
2142,TRUE,FALSE,5,18,0.642857142857143,0.612898863062399,0.611927186340023,31.6392881587953,31.776180698152
2143,TRUE,FALSE,2,13,0.464285714285714,0.460542959107943,0.46073556749208,8.02532511978097,10.3182751540041
2144,TRUE,FALSE,2,18,0.642857142857143,0.587334711258801,0.587863634245785,31.6392881587953,27.258726899384
2145,TRUE,FALSE,4,20,0.714285714285714,0.698150926732499,0.69936613331301,47.1594798083504,49.1615331964408
2146,TRUE,FALSE,5,25,0.892857142857143,0.88429568595927,0.884549537828983,85.2669404517454,85.5749486652977
2147,TRUE,FALSE,2,26,0.928571428571429,0.925210853450138,0.924649421704354,90.9479808350445,91.0677618069815
2148,TRUE,FALSE,2,23,0.821428571428571,0.788677142799049,0.787896238936332,71.1327857631759,67.539356605065
2149,TRUE,FALSE,5,20,0.714285714285714,0.696283623488769,0.697257139270529,47.1594798083504,48.6139630390144
2150,TRUE,FALSE,5,22,0.785714285714286,0.746287811374311,0.745770157419399,62.9876796714579,58.5044490075291
2151,TRUE,FALSE,5,19,0.678571428571429,0.650496242864036,0.650261252065672,39.2026009582478,39.031485284052
2152,TRUE,FALSE,4,11,0.392857142857143,0.347944708012957,0.347754176689267,4.15811088295688,3.26830937713895
2153,TRUE,FALSE,4,17,0.607142857142857,0.576879603878774,0.577239937459911,25.2908966461328,25.7871321013005
2154,TRUE,FALSE,1,12,0.428571428571429,0.382689276193316,0.383879432041136,5.78370978781656,4.8425735797399
2155,TRUE,FALSE,4,20,0.714285714285714,0.667854052173094,0.66739857077768,47.1594798083504,42.8986995208761
2156,TRUE,FALSE,3,28,1,1,1,98.6652977412731,98.6652977412731
2157,FALSE,TRUE,5,6,0.214285714285714,0.200132118350806,0.199309056313707,0.136892539356605,0.188227241615332
2158,TRUE,FALSE,2,15,0.535714285714286,0.491331210411741,0.491306928868486,14.5448323066393,13.2956878850103
2159,TRUE,FALSE,5,11,0.392857142857143,0.362743828616151,0.361285916363937,4.15811088295688,3.81587953456537
2160,TRUE,FALSE,3,19,0.678571428571429,0.647458996329156,0.646887071385743,39.2026009582478,38.4496919917865
2161,FALSE,TRUE,4,23,0.821428571428571,0.788059282460924,0.787311101248806,71.1327857631759,67.3682409308693
2162,TRUE,FALSE,3,16,0.571428571428571,0.531839991606179,0.531757546105965,19.4216290212183,18.429158110883
2163,TRUE,FALSE,3,16,0.571428571428571,0.555855529354106,0.556071659511699,19.4216290212183,21.8856947296372
2164,TRUE,FALSE,4,23,0.821428571428571,0.788659310613577,0.788616635282875,71.1327857631759,67.5051334702259
2165,FALSE,TRUE,2,9,0.321428571428571,0.293566473582862,0.293122881430264,1.36892539356605,1.35181382614647
2166,TRUE,FALSE,5,16,0.571428571428571,0.527922271561148,0.528068729358985,19.4216290212183,17.8473648186174
2167,TRUE,FALSE,5,26,0.928571428571429,0.911391196352411,0.911111635803302,90.9479808350445,89.1854893908282
2168,FALSE,TRUE,3,20,0.714285714285714,0.712718697748727,0.713995800496876,47.1594798083504,51.7967145790554
2169,TRUE,FALSE,4,10,0.357142857142857,0.326496652422062,0.328128490510731,2.56673511293634,2.37850787132101
2170,TRUE,FALSE,4,28,1,1,1,98.6652977412731,98.6652977412731
2171,FALSE,TRUE,5,21,0.75,0.761793428232216,0.761446898925198,54.7741273100616,61.7556468172485
2172,TRUE,FALSE,5,23,0.821428571428571,0.806779837256117,0.805964219740926,71.1327857631759,71.0301163586585
2173,FALSE,TRUE,5,17,0.607142857142857,0.55453423830752,0.556409769564495,25.2908966461328,21.5434633812457
2174,TRUE,FALSE,5,19,0.678571428571429,0.660052375774462,0.660600793090262,39.2026009582478,40.9479808350445
2175,TRUE,FALSE,3,22,0.785714285714286,0.7537292215434,0.752404114190933,62.9876796714579,59.9760438056126
2176,TRUE,FALSE,4,25,0.892857142857143,0.879314587830774,0.879561495220853,85.2669404517454,84.4798083504449
2177,FALSE,TRUE,5,26,0.928571428571429,0.901370048829514,0.90190329377301,90.9479808350445,88.2785763175907
2178,FALSE,TRUE,1,16,0.571428571428571,0.524941299678252,0.52525471296537,19.4216290212183,17.0260095824778
2179,TRUE,FALSE,1,23,0.821428571428571,0.802134815967397,0.802007382346224,71.1327857631759,69.9007529089665
2180,TRUE,FALSE,4,22,0.785714285714286,0.757777621011251,0.75722558706563,62.9876796714579,60.9000684462697
2181,TRUE,FALSE,4,24,0.857142857142857,0.842848211377961,0.843117680560981,78.5420944558522,78.4394250513347
2182,TRUE,FALSE,5,13,0.464285714285714,0.417080289362606,0.419658139573256,8.02532511978097,6.79329226557153
2183,TRUE,FALSE,1,18,0.642857142857143,0.643348069749958,0.642075725733483,31.6392881587953,37.5598904859685
2184,FALSE,TRUE,4,10,0.357142857142857,0.306842201943338,0.306813940460353,2.56673511293634,1.62559890485969
2185,FALSE,TRUE,1,23,0.821428571428571,0.821804975187097,0.820426452118358,71.1327857631759,74.0417522245038
2186,TRUE,FALSE,4,19,0.678571428571429,0.637300942024676,0.637787464336283,39.2026009582478,36.0198494182067
2187,TRUE,FALSE,1,22,0.785714285714286,0.763051786146421,0.762449196998026,62.9876796714579,61.9609856262834
2188,TRUE,FALSE,1,18,0.642857142857143,0.613142117904742,0.613724476643188,31.6392881587953,31.8446269678303
2189,TRUE,FALSE,4,23,0.821428571428571,0.798632684393847,0.797220053871649,71.1327857631759,69.2505133470226
2190,TRUE,FALSE,3,17,0.607142857142857,0.603987054983202,0.60417360763559,25.2908966461328,30.2703627652293
2191,FALSE,TRUE,3,22,0.785714285714286,0.736961898493842,0.736307688368299,62.9876796714579,56.7248459958932
2192,TRUE,FALSE,4,23,0.821428571428571,0.8088776986831,0.808167237361967,71.1327857631759,71.6461327857632
2193,TRUE,FALSE,1,10,0.357142857142857,0.327758748459664,0.32961830321984,2.56673511293634,2.44695414099932
2194,TRUE,FALSE,5,18,0.642857142857143,0.591972055061339,0.592832474160628,31.6392881587953,27.943189596167
2195,TRUE,FALSE,3,27,0.964285714285714,0.957784099948844,0.957749510684135,95.4312114989733,94.3018480492813
2196,TRUE,FALSE,2,19,0.678571428571429,0.680354168653388,0.680211884424074,39.2026009582478,45.2943189596167
2197,TRUE,FALSE,2,22,0.785714285714286,0.787548337659756,0.788616146453762,62.9876796714579,67.1629021218343
2198,FALSE,TRUE,3,24,0.857142857142857,0.831182021364385,0.832583811697485,78.5420944558522,76.0438056125941
2199,FALSE,TRUE,1,16,0.571428571428571,0.525619916911883,0.525709599828149,19.4216290212183,17.1971252566735
2200,FALSE,TRUE,4,20,0.714285714285714,0.687520582416934,0.686051602189474,47.1594798083504,47.1081451060917
2201,TRUE,FALSE,5,9,0.321428571428571,0.292365945807713,0.292133408008609,1.36892539356605,1.31759069130732
2202,TRUE,FALSE,1,25,0.892857142857143,0.883259750251836,0.882643572971338,85.2669404517454,85.3696098562628
2203,TRUE,FALSE,4,16,0.571428571428571,0.527003871504026,0.526438351836268,19.4216290212183,17.6420260095825
2204,FALSE,TRUE,5,17,0.607142857142857,0.569250515875054,0.570648860229089,25.2908966461328,24.2813141683778
2205,FALSE,TRUE,1,19,0.678571428571429,0.64813891828391,0.647578143792739,39.2026009582478,38.4839151266256
2206,TRUE,FALSE,2,14,0.5,0.47452134360732,0.476203859405495,10.9856262833676,11.5160848733744
2207,FALSE,TRUE,3,22,0.785714285714286,0.747751791045666,0.748938108710831,62.9876796714579,58.7440109514031
2208,TRUE,FALSE,3,12,0.428571428571429,0.410037185411047,0.409657688765797,5.78370978781656,6.45106091718001
2209,TRUE,FALSE,5,25,0.892857142857143,0.89525006864744,0.894476290774174,85.2669404517454,87.3887748117728
2210,TRUE,FALSE,3,23,0.821428571428571,0.802547278280821,0.804119161557998,71.1327857631759,70.0034223134839
2211,TRUE,FALSE,5,23,0.821428571428571,0.817003985846353,0.817006104059932,71.1327857631759,73.2203969883641
2212,TRUE,FALSE,5,15,0.535714285714286,0.492850508459744,0.49316593751034,14.5448323066393,13.5010266940452
2213,TRUE,FALSE,1,24,0.857142857142857,0.834844360134601,0.834677888150382,78.5420944558522,76.8309377138946
2214,FALSE,TRUE,2,24,0.857142857142857,0.842424242055747,0.842167881033514,78.5420944558522,78.3196440793977
2215,TRUE,FALSE,2,19,0.678571428571429,0.633370837293978,0.633114268462436,39.2026009582478,35.1984941820671
2216,TRUE,FALSE,4,17,0.607142857142857,0.575348789290576,0.575199097746614,25.2908966461328,25.5133470225873
2217,TRUE,FALSE,4,16,0.571428571428571,0.552336623377445,0.551651468547575,19.4216290212183,21.1327857631759
2218,TRUE,FALSE,1,16,0.571428571428571,0.551453922459914,0.551940761938718,19.4216290212183,21.0643394934976
2219,TRUE,FALSE,1,16,0.571428571428571,0.54668617981668,0.548564015233883,19.4216290212183,20.3456536618754
2220,TRUE,FALSE,4,22,0.785714285714286,0.756324193795778,0.75646617850778,62.9876796714579,60.523613963039
2221,TRUE,FALSE,1,12,0.428571428571429,0.405212234149925,0.40704911942776,5.78370978781656,6.1772758384668
2222,FALSE,TRUE,2,20,0.714285714285714,0.695951055911121,0.696634454746326,47.1594798083504,48.5112936344969
2223,TRUE,FALSE,3,22,0.785714285714286,0.767833029657595,0.768258486835182,62.9876796714579,62.8850102669405
2224,FALSE,TRUE,1,25,0.892857142857143,0.877607999532283,0.878202813729278,85.2669404517454,84.2402464065708
2225,FALSE,TRUE,2,26,0.928571428571429,0.923621004992395,0.923967442376386,90.9479808350445,90.8795345653662
2226,FALSE,TRUE,3,25,0.892857142857143,0.884515091148353,0.884761721463345,85.2669404517454,85.643394934976
2227,TRUE,FALSE,4,17,0.607142857142857,0.571622394273782,0.57269483119553,25.2908966461328,24.7604380561259
2228,FALSE,TRUE,4,16,0.571428571428571,0.554687893648212,0.554955744624315,19.4216290212183,21.5776865160849
2229,TRUE,FALSE,1,17,0.607142857142857,0.567597511769354,0.569083132756495,25.2908966461328,23.8021902806297
2230,TRUE,FALSE,4,13,0.464285714285714,0.439006767032926,0.438957620546029,8.02532511978097,8.43600273785079
2231,TRUE,FALSE,2,8,0.285714285714286,0.253957612155781,0.253915147910459,0.735797399041752,0.598904859685147
2232,TRUE,FALSE,4,16,0.571428571428571,0.520440277172078,0.519854981096948,19.4216290212183,16.5811088295688
2233,FALSE,TRUE,4,22,0.785714285714286,0.778313795111646,0.779208452979687,62.9876796714579,65.4517453798768
2234,FALSE,TRUE,5,23,0.821428571428571,0.819505631194312,0.820239332663725,71.1327857631759,73.6995208761123
2235,TRUE,FALSE,5,14,0.5,0.483092976344452,0.481767416335802,10.9856262833676,12.2347707049966
2236,FALSE,TRUE,1,22,0.785714285714286,0.742317290622182,0.743400850329917,62.9876796714579,57.6146475017112
2237,FALSE,TRUE,3,7,0.25,0.249693765729522,0.250964783278055,0.342231348391513,0.530458590006845
2238,TRUE,FALSE,5,23,0.821428571428571,0.790864022809602,0.792040659277088,71.1327857631759,67.9158110882957
2239,FALSE,TRUE,2,25,0.892857142857143,0.867665384612154,0.866538221051075,85.2669404517454,82.6317590691307
2240,TRUE,FALSE,1,22,0.785714285714286,0.774187634777536,0.773588521402986,62.9876796714579,64.2197125256673
2241,TRUE,FALSE,3,19,0.678571428571429,0.632571307232084,0.63324683080761,39.2026009582478,35.0273785078713
2242,TRUE,FALSE,3,27,0.964285714285714,0.948131249277973,0.947911857832829,95.4312114989733,93.8911704312115
2243,TRUE,FALSE,5,18,0.642857142857143,0.63157596319783,0.631991520881989,31.6392881587953,34.8220396988364
2244,TRUE,FALSE,5,23,0.821428571428571,0.820152181661628,0.819043957931354,71.1327857631759,73.8021902806297
2245,TRUE,FALSE,1,11,0.392857142857143,0.368637425212704,0.369595547332366,4.15811088295688,4.19233401779603
2246,TRUE,FALSE,4,22,0.785714285714286,0.753882084457066,0.752643904465055,62.9876796714579,60.0102669404517
2247,TRUE,FALSE,1,20,0.714285714285714,0.679856833334754,0.67931041731531,47.1594798083504,45.1574264202601
2248,TRUE,FALSE,5,26,0.928571428571429,0.927734496396474,0.926662137455391,90.9479808350445,91.5982203969884
2249,FALSE,TRUE,1,25,0.892857142857143,0.883195409040804,0.883800302953967,85.2669404517454,85.3353867214237
2250,TRUE,FALSE,3,20,0.714285714285714,0.697615355272715,0.698511822793116,47.1594798083504,49.0246406570842
2251,TRUE,FALSE,3,21,0.75,0.696621133410001,0.697254741250144,54.7741273100616,48.7166324435318
2252,TRUE,FALSE,5,22,0.785714285714286,0.774384733584685,0.774340945138804,62.9876796714579,64.356605065024
2253,FALSE,TRUE,1,18,0.642857142857143,0.611950024831962,0.613106746976245,31.6392881587953,31.4681724845996
2254,TRUE,FALSE,2,26,0.928571428571429,0.917828935196483,0.918338232741066,90.9479808350445,90.2292950034223
2255,TRUE,FALSE,3,16,0.571428571428571,0.551777363091724,0.551272454371547,19.4216290212183,21.0985626283368
2256,TRUE,FALSE,3,14,0.5,0.468895874088177,0.470748387621277,10.9856262833676,11.0027378507871
2257,FALSE,TRUE,3,22,0.785714285714286,0.779492598436484,0.778836548156879,62.9876796714579,65.7939767282683
2258,TRUE,FALSE,5,20,0.714285714285714,0.672710531127541,0.675137928066704,47.1594798083504,43.8911704312115
2259,TRUE,FALSE,2,22,0.785714285714286,0.759314849075861,0.759977782264443,62.9876796714579,61.1396303901437
2260,TRUE,FALSE,3,26,0.928571428571429,0.937449207829987,0.937004799333956,90.9479808350445,93.1724845995893
2261,FALSE,TRUE,4,15,0.535714285714286,0.504092499663806,0.502538321799484,14.5448323066393,14.7330595482546
2262,TRUE,FALSE,5,12,0.428571428571429,0.391197495212046,0.392866132612646,5.78370978781656,5.32169746748802
2263,TRUE,FALSE,5,21,0.75,0.728100045419211,0.72778408694631,54.7741273100616,55.1848049281314
2264,FALSE,TRUE,4,24,0.857142857142857,0.85081917660699,0.851187886666411,78.5420944558522,79.9965776865161
2265,TRUE,FALSE,3,24,0.857142857142857,0.808359457648998,0.808287100631681,78.5420944558522,71.5092402464066
2266,TRUE,FALSE,1,12,0.428571428571429,0.385000112491285,0.384193706257665,5.78370978781656,5.01368925393566
2267,TRUE,FALSE,5,12,0.428571428571429,0.409599989775564,0.410440408337536,5.78370978781656,6.41683778234086
2268,TRUE,FALSE,1,21,0.75,0.708680748803559,0.708973758940527,54.7741273100616,50.8384668035592
2269,FALSE,TRUE,2,19,0.678571428571429,0.667115418129029,0.667630154145897,39.2026009582478,42.6249144421629
2270,TRUE,FALSE,2,24,0.857142857142857,0.828713636405521,0.829088134302763,78.5420944558522,75.4791238877481
2271,TRUE,FALSE,5,20,0.714285714285714,0.68706972438605,0.685712231159507,47.1594798083504,46.9712525667351
2272,TRUE,FALSE,3,17,0.607142857142857,0.563896938415259,0.56417883134919,25.2908966461328,23.2888432580424
2273,TRUE,FALSE,2,20,0.714285714285714,0.689445251484531,0.68958755271899,47.1594798083504,47.4503764544832
2274,FALSE,TRUE,1,19,0.678571428571429,0.664181670406308,0.664994122801845,39.2026009582478,42.0773442847365
2275,TRUE,FALSE,3,23,0.821428571428571,0.811495152399659,0.810636876073338,71.1327857631759,72.0910335386721
2276,TRUE,FALSE,3,20,0.714285714285714,0.713769328900313,0.714366157397023,47.1594798083504,52.138945927447
2277,TRUE,FALSE,4,18,0.642857142857143,0.637488838915434,0.637302748987653,31.6392881587953,36.1567419575633
2278,TRUE,FALSE,3,17,0.607142857142857,0.569256295389393,0.569458936180119,25.2908966461328,24.315537303217
2279,TRUE,FALSE,2,15,0.535714285714286,0.508233319712961,0.50921041898436,14.5448323066393,15.2121834360027
2280,FALSE,TRUE,1,18,0.642857142857143,0.612582885789901,0.613453021341305,31.6392881587953,31.6735112936345
2281,FALSE,TRUE,1,23,0.821428571428571,0.807493200066702,0.806379464044068,71.1327857631759,71.3039014373717
2282,TRUE,FALSE,3,18,0.642857142857143,0.591245535979499,0.591724842597798,31.6392881587953,27.7720739219713
2283,TRUE,FALSE,2,20,0.714285714285714,0.681584355883427,0.680710873035693,47.1594798083504,45.5681040383299
2284,FALSE,TRUE,1,20,0.714285714285714,0.661254581995106,0.662349172252126,47.1594798083504,41.3415468856947
2285,TRUE,FALSE,2,20,0.714285714285714,0.703304341643491,0.702793500162097,47.1594798083504,50.0171115674196
2286,TRUE,FALSE,1,9,0.321428571428571,0.28391706837791,0.283769197996196,1.36892539356605,1.07802874743326
2287,TRUE,FALSE,4,24,0.857142857142857,0.847618154596151,0.846338066877801,78.5420944558522,79.517453798768
2288,TRUE,FALSE,5,20,0.714285714285714,0.712867229759747,0.714715986584573,47.1594798083504,51.8309377138946
2289,TRUE,FALSE,4,23,0.821428571428571,0.800966371770213,0.799849963720309,71.1327857631759,69.6611909650924
2290,TRUE,FALSE,1,22,0.785714285714286,0.760502908600848,0.760929539115141,62.9876796714579,61.3791923340178
2291,FALSE,TRUE,5,19,0.678571428571429,0.654597291846711,0.655768187396177,39.2026009582478,39.7843942505134
2292,TRUE,FALSE,2,15,0.535714285714286,0.487878347899075,0.486868097295253,14.5448323066393,12.8507871321013
2293,TRUE,FALSE,3,16,0.571428571428571,0.553618366551896,0.553046554193126,19.4216290212183,21.37234770705
2294,FALSE,TRUE,5,22,0.785714285714286,0.728117065568112,0.729471383807,62.9876796714579,55.2190280629706
2295,TRUE,FALSE,3,22,0.785714285714286,0.780004428546946,0.779764502514686,62.9876796714579,65.8624229979466
2296,FALSE,TRUE,3,12,0.428571428571429,0.395866261942602,0.395243244468234,5.78370978781656,5.66392881587953
2297,FALSE,TRUE,3,19,0.678571428571429,0.632861412615489,0.633839688128017,39.2026009582478,35.1300479123888
2298,TRUE,FALSE,3,24,0.857142857142857,0.831182021364385,0.832583811697485,78.5420944558522,76.0438056125941
2299,TRUE,FALSE,5,21,0.75,0.728189398511757,0.728937353817164,54.7741273100616,55.2874743326489
2300,TRUE,FALSE,5,27,0.964285714285714,0.965671677471978,0.966189773774297,95.4312114989733,95.9103353867214
2301,TRUE,FALSE,4,15,0.535714285714286,0.507459922976773,0.507837932647297,14.5448323066393,15.0752908966461
2302,TRUE,FALSE,2,20,0.714285714285714,0.683725500170591,0.683924535284626,47.1594798083504,46.0130047912389
2303,FALSE,TRUE,4,14,0.5,0.451980379879584,0.451272500820556,10.9856262833676,9.32580424366872
2304,TRUE,FALSE,3,21,0.75,0.736676923685079,0.735828072963608,54.7741273100616,56.6221765913758
2305,FALSE,TRUE,3,23,0.821428571428571,0.814184019808518,0.813109855872665,71.1327857631759,72.7754962354552
2306,TRUE,FALSE,5,21,0.75,0.748024964866605,0.746923952818753,54.7741273100616,58.7782340862423
2307,TRUE,FALSE,5,21,0.75,0.751429948406207,0.75152993562475,54.7741273100616,59.5653661875428
2308,TRUE,FALSE,5,21,0.75,0.728564526684225,0.728822685141442,54.7741273100616,55.4243668720055
2309,TRUE,FALSE,3,20,0.714285714285714,0.704363804194654,0.704427354014837,47.1594798083504,50.2224503764545
2310,TRUE,FALSE,1,18,0.642857142857143,0.616031272374012,0.615608495663533,31.6392881587953,32.1526351813826
2311,FALSE,TRUE,5,17,0.607142857142857,0.555776432543967,0.556610785067731,25.2908966461328,21.8172484599589
2312,TRUE,FALSE,2,24,0.857142857142857,0.845972694368994,0.844230214201188,78.5420944558522,79.0041067761807
2313,TRUE,FALSE,3,21,0.75,0.736919603228463,0.736835990739863,54.7741273100616,56.6906228610541
2314,TRUE,FALSE,4,25,0.892857142857143,0.87890498074367,0.879107799112175,85.2669404517454,84.4113620807666
2315,FALSE,TRUE,5,26,0.928571428571429,0.912239442267802,0.912027354701979,90.9479808350445,89.4079397672827
2316,TRUE,FALSE,1,19,0.678571428571429,0.679382976125489,0.679239970055118,39.2026009582478,44.9520876112252
2317,TRUE,FALSE,1,18,0.642857142857143,0.585201691685167,0.585824739402709,31.6392881587953,26.9164955509925
2318,TRUE,FALSE,3,22,0.785714285714286,0.785231094400824,0.786468244607032,62.9876796714579,66.7180013689254
2319,TRUE,FALSE,4,18,0.642857142857143,0.610695304723861,0.609905166483267,31.6392881587953,31.331279945243
2320,TRUE,FALSE,2,16,0.571428571428571,0.526159368796542,0.524035279144907,19.4216290212183,17.3682409308693
2321,TRUE,FALSE,4,21,0.75,0.716812936662302,0.716720815636972,54.7741273100616,53.062970568104
2322,TRUE,FALSE,3,24,0.857142857142857,0.858927572769473,0.858807193829797,78.5420944558522,81.4681724845996
2323,TRUE,FALSE,1,19,0.678571428571429,0.652516860749839,0.652475615086124,39.2026009582478,39.476386036961
2324,FALSE,TRUE,2,20,0.714285714285714,0.692801892395635,0.692910000758446,47.1594798083504,48.066392881588
2325,FALSE,TRUE,5,20,0.714285714285714,0.686646782650153,0.686629667359838,47.1594798083504,46.937029431896
2326,FALSE,TRUE,5,16,0.571428571428571,0.52636697521566,0.528412401049824,19.4216290212183,17.4024640657084
2327,FALSE,TRUE,3,26,0.928571428571429,0.911941213306793,0.911768498147647,90.9479808350445,89.3737166324435
2328,TRUE,FALSE,5,15,0.535714285714286,0.491730932144814,0.492874649161083,14.5448323066393,13.3983572895277
2329,TRUE,FALSE,1,21,0.75,0.719720838395792,0.720533595612835,54.7741273100616,53.4394250513347
2330,TRUE,FALSE,1,17,0.607142857142857,0.565473780953838,0.565633948697208,25.2908966461328,23.4599589322382
2331,TRUE,FALSE,3,17,0.607142857142857,0.553345047675933,0.554139318968675,25.2908966461328,21.2696783025325
2332,TRUE,FALSE,4,27,0.964285714285714,0.960675975792669,0.960897717088176,95.4312114989733,94.6954140999316
2333,FALSE,TRUE,1,24,0.857142857142857,0.847872842960344,0.847327242548353,78.5420944558522,79.5687885010267
2334,TRUE,FALSE,4,27,0.964285714285714,0.965671677471978,0.966251343550545,95.4312114989733,95.9103353867214
2335,TRUE,FALSE,3,25,0.892857142857143,0.90490432885609,0.905224857524616,85.2669404517454,88.586584531143
2336,TRUE,FALSE,1,20,0.714285714285714,0.669593697858919,0.671059976835181,47.1594798083504,43.2409308692676
2337,TRUE,FALSE,2,25,0.892857142857143,0.882172235585292,0.881526888300259,85.2669404517454,85.0102669404518
2338,FALSE,TRUE,3,23,0.821428571428571,0.799853581035308,0.799767604960677,71.1327857631759,69.4558521560575
2339,TRUE,FALSE,4,21,0.75,0.718295236718907,0.717575955139833,54.7741273100616,53.3025325119781
2340,TRUE,FALSE,3,10,0.357142857142857,0.346843523449121,0.347815017221437,2.56673511293634,3.19986310746064
2341,TRUE,FALSE,1,20,0.714285714285714,0.708196690927574,0.708651110888187,47.1594798083504,50.7357973990418
2342,TRUE,FALSE,4,24,0.857142857142857,0.855826354463628,0.854075788796648,78.5420944558522,80.8521560574949
2343,TRUE,FALSE,2,18,0.642857142857143,0.600746279619578,0.598469144212903,31.6392881587953,29.9281314168378
2344,FALSE,TRUE,2,17,0.607142857142857,0.561683917195197,0.561740105684752,25.2908966461328,22.9123887748118
2345,TRUE,FALSE,2,17,0.607142857142857,0.559648849534063,0.559204474608625,25.2908966461328,22.6728268309377
2346,TRUE,FALSE,1,21,0.75,0.731479590224557,0.731463601347024,54.7741273100616,55.8692676249144
2347,TRUE,FALSE,2,27,0.964285714285714,0.967591378526542,0.967956750804511,95.4312114989733,96.5947980835045
2348,FALSE,TRUE,5,25,0.892857142857143,0.869059709978349,0.868403350562736,85.2669404517454,82.8028747433265
2349,FALSE,TRUE,5,15,0.535714285714286,0.511730050253771,0.51303145407422,14.5448323066393,15.6228610540726
2350,TRUE,FALSE,5,28,1,1,1,98.6652977412731,98.6652977412731
2351,TRUE,FALSE,3,20,0.714285714285714,0.712214768449114,0.712615726183009,47.1594798083504,51.7282683093771
2352,FALSE,TRUE,3,13,0.464285714285714,0.42864689555466,0.429255971236783,8.02532511978097,7.64887063655031
2353,FALSE,TRUE,2,24,0.857142857142857,0.854941873861949,0.853531901910611,78.5420944558522,80.64681724846
2354,FALSE,TRUE,1,14,0.5,0.461994770648824,0.461320300642045,10.9856262833676,10.4209445585216
2355,FALSE,TRUE,2,23,0.821428571428571,0.800512898238043,0.799749872168857,71.1327857631759,69.5585215605749
2356,FALSE,TRUE,5,22,0.785714285714286,0.761659971255697,0.762060856678575,62.9876796714579,61.652977412731
2357,FALSE,TRUE,1,22,0.785714285714286,0.763084481225505,0.761915213370541,62.9876796714579,61.9952087611225
2358,TRUE,FALSE,1,21,0.75,0.731193920334513,0.731395116342053,54.7741273100616,55.8008213552361
2359,FALSE,TRUE,1,16,0.571428571428571,0.531788147885307,0.533013204081914,19.4216290212183,18.3607118412047
2360,TRUE,FALSE,3,25,0.892857142857143,0.90159789679967,0.900929505957135,85.2669404517454,88.347022587269
2361,TRUE,FALSE,1,15,0.535714285714286,0.486671346178809,0.487725168363537,14.5448323066393,12.5770020533881
2362,TRUE,FALSE,4,26,0.928571428571429,0.911781819725114,0.912053110186942,90.9479808350445,89.3223819301848
2363,TRUE,FALSE,4,21,0.75,0.747259234268449,0.746717455099556,54.7741273100616,58.6413415468857
2364,TRUE,FALSE,3,17,0.607142857142857,0.549717238244536,0.550697813138842,25.2908966461328,20.7563312799452
2365,TRUE,FALSE,2,17,0.607142857142857,0.609784669151584,0.61124504208689,25.2908966461328,31.1943874058864
2366,TRUE,FALSE,1,21,0.75,0.720186122252146,0.718611076123837,54.7741273100616,53.5420944558522
2367,FALSE,TRUE,5,23,0.821428571428571,0.8196703996365,0.818938717249165,71.1327857631759,73.7679671457906
2368,TRUE,FALSE,1,22,0.785714285714286,0.805491077501307,0.805674331562744,62.9876796714579,70.7221081451061
2369,TRUE,FALSE,4,28,1,1,1,98.6652977412731,98.6652977412731
2370,FALSE,TRUE,5,18,0.642857142857143,0.605342453698251,0.604144178929931,31.6392881587953,30.5099247091034
2371,TRUE,FALSE,3,21,0.75,0.716087186653304,0.716330637293595,54.7741273100616,52.7207392197125
2372,TRUE,FALSE,1,11,0.392857142857143,0.360997370229075,0.360363317687525,4.15811088295688,3.74743326488706
2373,FALSE,TRUE,4,19,0.678571428571429,0.641277092138841,0.641678908325979,39.2026009582478,36.9438740588638
2374,FALSE,TRUE,1,22,0.785714285714286,0.768231466512053,0.768783852384297,62.9876796714579,63.0219028062971
2375,TRUE,FALSE,4,24,0.857142857142857,0.851558506714785,0.852613458784413,78.5420944558522,80.201916495551
2376,FALSE,TRUE,3,17,0.607142857142857,0.579337997342608,0.579512673905146,25.2908966461328,26.1978097193703
2377,TRUE,FALSE,5,21,0.75,0.715179920152117,0.714863563165724,54.7741273100616,52.5496235455168
2378,TRUE,FALSE,4,15,0.535714285714286,0.524245545948579,0.523016986635191,14.5448323066393,16.8891170431211
2379,TRUE,FALSE,2,18,0.642857142857143,0.599495623136007,0.599893272248422,31.6392881587953,29.4490075290897
2380,TRUE,FALSE,3,21,0.75,0.709611083838103,0.710081648576969,54.7741273100616,51.1122518822724
2381,TRUE,FALSE,2,24,0.857142857142857,0.854228968555358,0.854649108766915,78.5420944558522,80.5441478439425
2382,FALSE,TRUE,1,21,0.75,0.752551343394139,0.752076835709276,54.7741273100616,59.6680355920602
2383,TRUE,FALSE,2,14,0.5,0.462962611548637,0.463562644023892,10.9856262833676,10.4893908281999
2384,TRUE,FALSE,5,9,0.321428571428571,0.280020907643409,0.281030073747338,1.36892539356605,0.94113620807666
2385,TRUE,FALSE,1,16,0.571428571428571,0.55098986637766,0.551792072882803,19.4216290212183,20.927446954141
2386,TRUE,FALSE,1,26,0.928571428571429,0.928933436033751,0.929120163156096,90.9479808350445,91.7693360711841
2387,TRUE,FALSE,2,16,0.571428571428571,0.525223162694292,0.524815498621061,19.4216290212183,17.0602327173169
2388,TRUE,FALSE,2,26,0.928571428571429,0.933187535170708,0.93386544989248,90.9479808350445,92.7960301163587
2389,FALSE,TRUE,3,21,0.75,0.733759672203151,0.734088717094584,54.7741273100616,56.1430527036276
2390,TRUE,FALSE,2,18,0.642857142857143,0.641034828779566,0.640124360079255,31.6392881587953,36.8069815195072
2391,TRUE,FALSE,2,26,0.928571428571429,0.911022899500385,0.910997338466204,90.9479808350445,89.0999315537303
2392,FALSE,TRUE,5,17,0.607142857142857,0.556789035557849,0.556439175121582,25.2908966461328,22.1937029431896
2393,TRUE,FALSE,5,28,1,1,1,98.6652977412731,98.6652977412731
2394,TRUE,FALSE,3,19,0.678571428571429,0.646014777804731,0.645210739776493,39.2026009582478,38.1416837782341
2395,TRUE,FALSE,5,19,0.678571428571429,0.638158089547832,0.640294583685193,39.2026009582478,36.2251882272416
2396,TRUE,FALSE,3,22,0.785714285714286,0.738769683010122,0.739728556411552,62.9876796714579,57.0328542094456
2397,FALSE,TRUE,4,19,0.678571428571429,0.658787442992293,0.659183682935112,39.2026009582478,40.5715263518138
2398,TRUE,FALSE,3,14,0.5,0.490290037160853,0.489880396992305,10.9856262833676,13.1587953456537
2399,TRUE,FALSE,3,26,0.928571428571429,0.925410185001945,0.925624041337207,90.9479808350445,91.1875427789186
2400,TRUE,FALSE,5,16,0.571428571428571,0.525350026296734,0.526321616126299,19.4216290212183,17.1286789869952
2401,FALSE,TRUE,3,12,0.428571428571429,0.420935995266317,0.420009757469346,5.78370978781656,7.16974674880219
2402,FALSE,TRUE,2,10,0.357142857142857,0.347652469853245,0.348395693844411,2.56673511293634,3.23408624229979
2403,TRUE,FALSE,1,16,0.571428571428571,0.524801352826483,0.523910910140217,19.4216290212183,16.9917864476386
2404,FALSE,TRUE,2,25,0.892857142857143,0.862046024622183,0.862336185580542,85.2669404517454,81.9644079397673
2405,TRUE,FALSE,5,20,0.714285714285714,0.692475486997355,0.692047991543012,47.1594798083504,47.9979466119097
2406,TRUE,FALSE,1,20,0.714285714285714,0.686608167019523,0.686690953440974,47.1594798083504,46.8685831622177
2407,TRUE,FALSE,3,19,0.678571428571429,0.679702596804135,0.681509181519046,39.2026009582478,45.0889801505818
2408,TRUE,FALSE,4,20,0.714285714285714,0.681226664246608,0.680850599892522,47.1594798083504,45.4654346338125
2409,FALSE,TRUE,4,12,0.428571428571429,0.398817956371458,0.398299727538672,5.78370978781656,5.83504449007529
2410,FALSE,TRUE,2,12,0.428571428571429,0.395167096274262,0.395059876900521,5.78370978781656,5.56125941136208
2411,TRUE,FALSE,4,25,0.892857142857143,0.870022166611489,0.868871198818475,85.2669404517454,83.0082135523614
2412,TRUE,FALSE,4,19,0.678571428571429,0.649154253422903,0.64880503327961,39.2026009582478,38.6892539356605
2413,TRUE,FALSE,2,10,0.357142857142857,0.326047077565495,0.326022344903752,2.56673511293634,2.34428473648186
2414,FALSE,TRUE,4,21,0.75,0.716717750512163,0.714232426019025,54.7741273100616,52.9945242984257
2415,TRUE,FALSE,3,20,0.714285714285714,0.707182983000631,0.707993324801454,47.1594798083504,50.5989048596851
2416,TRUE,FALSE,1,27,0.964285714285714,0.962930763372866,0.963312999136586,95.4312114989733,95.3456536618754
2417,FALSE,TRUE,5,23,0.821428571428571,0.794606774133356,0.793972434376425,71.1327857631759,68.5660506502396
2418,FALSE,TRUE,2,18,0.642857142857143,0.630028518464975,0.629575601017732,31.6392881587953,34.5482546201232
2419,TRUE,FALSE,2,24,0.857142857142857,0.841457430636948,0.841808474453004,78.5420944558522,78.1485284052019
2420,TRUE,FALSE,2,19,0.678571428571429,0.641254793742437,0.640063783945521,39.2026009582478,36.9096509240246
2421,TRUE,FALSE,1,21,0.75,0.709301121838764,0.709131874274695,54.7741273100616,51.009582477755
2422,FALSE,TRUE,5,20,0.714285714285714,0.685022522430549,0.684943742443406,47.1594798083504,46.5263518138261
2423,TRUE,FALSE,1,25,0.892857142857143,0.87387115112181,0.874698554643962,85.2669404517454,83.5557837097878
2424,FALSE,TRUE,5,19,0.678571428571429,0.634800300730549,0.636258742530563,39.2026009582478,35.3696098562628
2425,FALSE,TRUE,4,15,0.535714285714286,0.491387974626692,0.490602725793815,14.5448323066393,13.3641341546886
2426,TRUE,FALSE,5,22,0.785714285714286,0.757585768490398,0.756700869585322,62.9876796714579,60.8316221765914
2427,TRUE,FALSE,1,23,0.821428571428571,0.822109270665378,0.822024996635708,71.1327857631759,74.0759753593429
2428,TRUE,FALSE,2,25,0.892857142857143,0.864315078029239,0.86465054991849,85.2669404517454,82.3750855578371
2429,TRUE,FALSE,3,15,0.535714285714286,0.478748603126458,0.480067991890802,14.5448323066393,11.7898699520876
2430,FALSE,TRUE,4,16,0.571428571428571,0.556998539763405,0.55764942963679,19.4216290212183,22.2621492128679
2431,TRUE,FALSE,1,25,0.892857142857143,0.877455308684426,0.877948239592306,85.2669404517454,84.1718001368925
2432,TRUE,FALSE,2,21,0.75,0.696620469255167,0.696683673156818,54.7741273100616,48.6824093086927
2433,FALSE,TRUE,4,21,0.75,0.708729717473888,0.70745866224668,54.7741273100616,50.8726899383984
2434,TRUE,FALSE,4,14,0.5,0.487405833119054,0.488163345238611,10.9856262833676,12.7138945927447
2435,TRUE,FALSE,1,18,0.642857142857143,0.600703338259834,0.601188513263416,31.6392881587953,29.8939082819986
2436,TRUE,FALSE,4,21,0.75,0.716227324237383,0.715721866559608,54.7741273100616,52.7891854893908
2437,TRUE,FALSE,2,10,0.357142857142857,0.320405520390495,0.32053527438833,2.56673511293634,2.1047227926078
2438,FALSE,TRUE,5,16,0.571428571428571,0.52532273811544,0.525372825458633,19.4216290212183,17.0944558521561
2439,TRUE,FALSE,4,22,0.785714285714286,0.77911860453832,0.777611287234172,62.9876796714579,65.6913073237509
2440,FALSE,TRUE,2,22,0.785714285714286,0.756082456845378,0.755445560147677,62.9876796714579,60.4893908281999
2441,FALSE,TRUE,3,24,0.857142857142857,0.862955952805886,0.862189763769813,78.5420944558522,82.1868583162218
2442,FALSE,TRUE,2,13,0.464285714285714,0.449882795091243,0.450557003171306,8.02532511978097,8.98357289527721
2443,FALSE,TRUE,2,11,0.392857142857143,0.360788448685484,0.361758481145372,4.15811088295688,3.71321013004791
2444,TRUE,FALSE,3,18,0.642857142857143,0.59185318999012,0.591022833108859,31.6392881587953,27.8405201916496
2445,TRUE,FALSE,4,27,0.964285714285714,0.965671677471978,0.966251343550545,95.4312114989733,95.9103353867214
2446,FALSE,TRUE,4,22,0.785714285714286,0.757257809643617,0.756610127565232,62.9876796714579,60.7289527720739
2447,TRUE,FALSE,1,21,0.75,0.710984648416232,0.711928202471591,54.7741273100616,51.4887063655031
2448,FALSE,TRUE,5,22,0.785714285714286,0.77681944405841,0.776395907608398,62.9876796714579,65.0752908966461
2449,TRUE,FALSE,4,25,0.892857142857143,0.881176301273931,0.882133797844892,85.2669404517454,84.6851471594798
2450,TRUE,FALSE,1,24,0.857142857142857,0.851557211888991,0.849864874548821,78.5420944558522,80.1676933607119
2451,FALSE,TRUE,2,15,0.535714285714286,0.497323534705593,0.497596384147471,14.5448323066393,14.0143737166324
2452,FALSE,TRUE,4,18,0.642857142857143,0.594740017206414,0.595298190818991,31.6392881587953,28.5934291581109
2453,FALSE,TRUE,3,25,0.892857142857143,0.895458334829803,0.895051182744687,85.2669404517454,87.5256673511294
2454,TRUE,FALSE,2,25,0.892857142857143,0.896449293732481,0.895864394624919,85.2669404517454,87.6283367556468
2455,FALSE,TRUE,3,23,0.821428571428571,0.813499360203058,0.814810178704737,71.1327857631759,72.5701574264203
2456,FALSE,TRUE,5,28,1,1,1,98.6652977412731,98.6652977412731
2457,TRUE,FALSE,2,13,0.464285714285714,0.414250341992624,0.41411455413001,8.02532511978097,6.72484599589322
2458,FALSE,TRUE,1,27,0.964285714285714,0.948131249277973,0.948620329260835,95.4312114989733,93.8911704312115
2459,TRUE,FALSE,5,20,0.714285714285714,0.702870882987866,0.703317768992082,47.1594798083504,49.8117727583847
2460,TRUE,FALSE,3,25,0.892857142857143,0.880425059560884,0.880647165224115,85.2669404517454,84.5311430527036
2461,TRUE,FALSE,4,23,0.821428571428571,0.786664510197238,0.785467039475524,71.1327857631759,66.9917864476386
2462,FALSE,TRUE,4,25,0.892857142857143,0.862233085069673,0.860487389414456,85.2669404517454,82.015742642026
2463,TRUE,FALSE,3,25,0.892857142857143,0.876323082769371,0.876237284263091,85.2669404517454,83.9664613278576
2464,TRUE,FALSE,1,22,0.785714285714286,0.752629762022718,0.754452571013208,62.9876796714579,59.7364818617385
2465,TRUE,FALSE,5,23,0.821428571428571,0.8286768725693,0.827884045373708,71.1327857631759,75.444900752909
2466,TRUE,FALSE,5,27,0.964285714285714,0.944723584569072,0.945054765651753,95.4312114989733,93.6516084873374
2467,FALSE,TRUE,2,19,0.678571428571429,0.655935126274334,0.656366073190918,39.2026009582478,40.0581793292266
2468,FALSE,TRUE,3,20,0.714285714285714,0.687089760181515,0.686800880373318,47.1594798083504,47.0054757015743
2469,FALSE,TRUE,3,26,0.928571428571429,0.91990641133488,0.92115314828704,90.9479808350445,90.4004106776181
2470,TRUE,FALSE,1,11,0.392857142857143,0.383451452068795,0.385572716142501,4.15811088295688,4.91101984941821
2471,FALSE,TRUE,5,19,0.678571428571429,0.645793243491285,0.646096074276848,39.2026009582478,38.0390143737166
2472,TRUE,FALSE,2,21,0.75,0.706509087614806,0.706320033142363,54.7741273100616,50.564681724846
2473,FALSE,TRUE,3,24,0.857142857142857,0.832221374430494,0.83259445848069,78.5420944558522,76.3347022587269
2474,TRUE,FALSE,4,14,0.5,0.458327706967307,0.46013548807032,10.9856262833676,10.0102669404517
2475,TRUE,FALSE,4,12,0.428571428571429,0.40686794516291,0.406793209367859,5.78370978781656,6.24572210814511
2476,TRUE,FALSE,5,15,0.535714285714286,0.487465477209889,0.489450736067343,14.5448323066393,12.7481177275838
2477,TRUE,FALSE,3,28,1,1,1,98.6652977412731,98.6652977412731
2478,FALSE,TRUE,2,14,0.5,0.464639977999915,0.464041145058007,10.9856262833676,10.6605065023956
2479,TRUE,FALSE,1,18,0.642857142857143,0.61854103444754,0.618851099419683,31.6392881587953,32.460643394935
2480,TRUE,FALSE,1,19,0.678571428571429,0.661390222996451,0.659333719925039,39.2026009582478,41.4955509924709
2481,TRUE,FALSE,5,17,0.607142857142857,0.594634913880604,0.596072129558406,25.2908966461328,28.4907597535934
2482,FALSE,TRUE,5,23,0.821428571428571,0.824307994179332,0.824977997773857,71.1327857631759,74.4866529774127
2483,TRUE,FALSE,4,24,0.857142857142857,0.835012201344806,0.834089837730466,78.5420944558522,76.9507186858316
2484,FALSE,TRUE,3,26,0.928571428571429,0.931133808422064,0.930852838993476,90.9479808350445,92.3682409308693
2485,TRUE,FALSE,4,19,0.678571428571429,0.642674452824233,0.642099170615352,39.2026009582478,37.3887748117728
2486,TRUE,FALSE,1,24,0.857142857142857,0.842870499666242,0.842490572736713,78.5420944558522,78.4907597535934
2487,TRUE,FALSE,2,21,0.75,0.695014596038554,0.695015097413242,54.7741273100616,48.4086242299795
2488,TRUE,FALSE,4,24,0.857142857142857,0.835695219688624,0.835777975617723,78.5420944558522,77.1218343600274
2489,TRUE,FALSE,5,25,0.892857142857143,0.895420266824916,0.895958340448297,85.2669404517454,87.4914442162902
2490,FALSE,TRUE,5,12,0.428571428571429,0.401659848816982,0.4029845463064,5.78370978781656,6.00616016427105
2491,TRUE,FALSE,4,17,0.607142857142857,0.577742323275601,0.577457818814462,25.2908966461328,25.9240246406571
2492,FALSE,TRUE,5,27,0.964285714285714,0.968867984171651,0.969312221016353,95.4312114989733,96.9712525667351
2493,TRUE,FALSE,1,10,0.357142857142857,0.324093505430166,0.323497440256704,2.56673511293634,2.24161533196441
2494,TRUE,FALSE,3,17,0.607142857142857,0.575124527849458,0.574177460242977,25.2908966461328,25.444900752909
2495,TRUE,FALSE,1,23,0.821428571428571,0.781772742217952,0.782757515563917,71.1327857631759,66.2731006160164
2496,TRUE,FALSE,5,12,0.428571428571429,0.393384053319874,0.394143397485384,5.78370978781656,5.42436687200547
2497,FALSE,TRUE,1,16,0.571428571428571,0.526663407610372,0.525929728851077,19.4216290212183,17.539356605065
2498,TRUE,FALSE,3,19,0.678571428571429,0.629502007782734,0.629387486149899,39.2026009582478,34.3771389459274
2499,FALSE,TRUE,3,20,0.714285714285714,0.698027317903903,0.697293101091946,47.1594798083504,49.0930869267625
2500,FALSE,TRUE,3,15,0.535714285714286,0.490197884870613,0.490399449039462,14.5448323066393,13.0903490759754
2501,TRUE,FALSE,4,11,0.392857142857143,0.353671371296635,0.354621370908797,4.15811088295688,3.47364818617385
2502,TRUE,FALSE,1,13,0.464285714285714,0.444920380345644,0.44552247827051,8.02532511978097,8.7782340862423
2503,FALSE,TRUE,1,14,0.5,0.458157650646461,0.458460361688706,10.9856262833676,9.97604380561259
2504,TRUE,FALSE,2,23,0.821428571428571,0.799072195749888,0.798247455904328,71.1327857631759,69.3874058863792
2505,FALSE,TRUE,4,22,0.785714285714286,0.781647767984597,0.779621275436432,62.9876796714579,66.1362080766598
2506,TRUE,FALSE,4,25,0.892857142857143,0.888982164263685,0.887943275105986,85.2669404517454,86.1909650924025
2507,TRUE,FALSE,1,6,0.214285714285714,0.195993486481911,0.196298054484398,0.136892539356605,0.119780971937029
2508,FALSE,TRUE,1,19,0.678571428571429,0.656305831680448,0.656753535152089,39.2026009582478,40.0924024640657
2509,FALSE,TRUE,1,16,0.571428571428571,0.527849593157783,0.527248862143963,19.4216290212183,17.8131416837782
2510,FALSE,TRUE,1,17,0.607142857142857,0.550162741360323,0.550486247621661,25.2908966461328,20.8932238193018
2511,TRUE,FALSE,5,19,0.678571428571429,0.632727401020138,0.635215839080142,39.2026009582478,35.0616016427105
2512,TRUE,FALSE,1,10,0.357142857142857,0.318549980314656,0.320511972615318,2.56673511293634,1.9678302532512
2513,FALSE,TRUE,4,26,0.928571428571429,0.920191031768848,0.918988977284468,90.9479808350445,90.4346338124572
2514,TRUE,FALSE,4,21,0.75,0.71063801541632,0.70904535322932,54.7741273100616,51.3175906913073
2515,TRUE,FALSE,5,13,0.464285714285714,0.428130063464211,0.429032508426803,8.02532511978097,7.61464750171116
2516,TRUE,FALSE,3,27,0.964285714285714,0.963376295980523,0.962998866241767,95.4312114989733,95.5167693360712
2517,TRUE,FALSE,4,26,0.928571428571429,0.93907739754643,0.939291930805931,90.9479808350445,93.3093771389459
2518,TRUE,FALSE,5,22,0.785714285714286,0.763832875899141,0.764306897528178,62.9876796714579,62.0636550308008
2519,TRUE,FALSE,1,13,0.464285714285714,0.415575918486173,0.417319967169601,8.02532511978097,6.75906913073237
2520,TRUE,FALSE,1,18,0.642857142857143,0.604898120938311,0.604210316834568,31.6392881587953,30.4072553045859
2521,TRUE,FALSE,1,23,0.821428571428571,0.795794159849843,0.795833002460628,71.1327857631759,68.7029431895962
2522,FALSE,TRUE,1,20,0.714285714285714,0.698543130980564,0.69800807329603,47.1594798083504,49.2984257357974
2523,TRUE,FALSE,3,25,0.892857142857143,0.868344589561467,0.868025475016492,85.2669404517454,82.7515400410678
2524,TRUE,FALSE,4,19,0.678571428571429,0.645567615601761,0.645090785421003,39.2026009582478,38.0047912388775
2525,TRUE,FALSE,4,24,0.857142857142857,0.816422459862126,0.816308300355576,78.5420944558522,73.1519507186858
2526,TRUE,FALSE,1,18,0.642857142857143,0.596608261464819,0.596564997122369,31.6392881587953,28.8329911019849
2527,FALSE,TRUE,5,14,0.5,0.441687283833195,0.443569116630978,10.9856262833676,8.60711841204654
2528,TRUE,FALSE,2,12,0.428571428571429,0.389714959398219,0.389546913560669,5.78370978781656,5.15058179329227
2529,FALSE,TRUE,5,13,0.464285714285714,0.423037508608264,0.424074044991929,8.02532511978097,7.34086242299795
2530,FALSE,TRUE,3,24,0.857142857142857,0.825422320602705,0.824925548775757,78.5420944558522,74.7946611909651
2531,FALSE,TRUE,2,23,0.821428571428571,0.812878983680895,0.812799203710594,71.1327857631759,72.3305954825462
2532,FALSE,TRUE,5,11,0.392857142857143,0.390333362476488,0.388860339009689,4.15811088295688,5.28747433264887
2533,TRUE,FALSE,2,8,0.285714285714286,0.246483749421905,0.245202167902927,0.735797399041752,0.462012320328542
2534,FALSE,TRUE,4,9,0.321428571428571,0.30326501820093,0.302668049804368,1.36892539356605,1.55715263518138
2535,TRUE,FALSE,3,19,0.678571428571429,0.662168283962478,0.661622506149894,39.2026009582478,41.6666666666667
2536,TRUE,FALSE,1,16,0.571428571428571,0.542822950536292,0.544621316313343,19.4216290212183,19.8665297741273
2537,TRUE,FALSE,3,16,0.571428571428571,0.554808128391583,0.554840113813923,19.4216290212183,21.611909650924
2538,FALSE,TRUE,5,16,0.571428571428571,0.560441405595411,0.560006227133854,19.4216290212183,22.7754962354552
2539,FALSE,TRUE,1,15,0.535714285714286,0.513358715817761,0.515551112183482,14.5448323066393,15.6913073237509
2540,TRUE,FALSE,4,22,0.785714285714286,0.737403290710341,0.735029509563646,62.9876796714579,56.7932922655715
2541,TRUE,FALSE,2,22,0.785714285714286,0.781670484979537,0.782422142726964,62.9876796714579,66.2046543463381
2542,TRUE,FALSE,4,22,0.785714285714286,0.777158330764498,0.776254002785043,62.9876796714579,65.1779603011636
2543,TRUE,FALSE,2,21,0.75,0.726171332794025,0.725596300626036,54.7741273100616,54.637234770705
2544,TRUE,FALSE,5,26,0.928571428571429,0.901370048829514,0.90190329377301,90.9479808350445,88.2785763175907
2545,FALSE,TRUE,5,14,0.5,0.460169267730858,0.460309506995469,10.9856262833676,10.2156057494867
2546,TRUE,FALSE,2,16,0.571428571428571,0.536413720055662,0.535731611375159,19.4216290212183,19.0109514031485
2547,FALSE,TRUE,4,20,0.714285714285714,0.685119353061508,0.686222247991001,47.1594798083504,46.5605749486653
2548,TRUE,FALSE,1,18,0.642857142857143,0.636839224033601,0.636786190741503,31.6392881587953,35.8829568788501
2549,TRUE,FALSE,2,17,0.607142857142857,0.57613493926362,0.577206156020286,25.2908966461328,25.6502395619439
2550,TRUE,FALSE,3,24,0.857142857142857,0.857284114209151,0.858030622296508,78.5420944558522,81.1259411362081
2551,TRUE,FALSE,5,20,0.714285714285714,0.681890888238231,0.682374126388393,47.1594798083504,45.6365503080082
2552,TRUE,FALSE,5,16,0.571428571428571,0.538309146517169,0.538790367324076,19.4216290212183,19.35318275154
2553,TRUE,FALSE,5,22,0.785714285714286,0.775617997870274,0.775495379700845,62.9876796714579,64.8699520876112
2554,TRUE,FALSE,4,13,0.464285714285714,0.439533802255567,0.439350434941553,8.02532511978097,8.47022587268994
2555,TRUE,FALSE,3,23,0.821428571428571,0.815512957591644,0.815614108095258,71.1327857631759,73.0150581793292
2556,TRUE,FALSE,4,19,0.678571428571429,0.665183182410979,0.665933719804078,39.2026009582478,42.2484599589322
2557,FALSE,TRUE,3,16,0.571428571428571,0.546634522365172,0.546517996459585,19.4216290212183,20.3114305270363
2558,TRUE,FALSE,1,24,0.857142857142857,0.821583389113008,0.82143061648047,78.5420944558522,74.0075290896646
2559,FALSE,TRUE,4,14,0.5,0.481842693842185,0.482244051530027,10.9856262833676,12.1321013004791
2560,FALSE,TRUE,4,21,0.75,0.710847530019859,0.708957059984712,54.7741273100616,51.4544832306639
2561,TRUE,FALSE,2,17,0.607142857142857,0.566346230850571,0.566719361020923,25.2908966461328,23.6652977412731
2562,FALSE,TRUE,5,22,0.785714285714286,0.770587561915499,0.771389409450241,62.9876796714579,63.466803559206
2563,TRUE,FALSE,5,20,0.714285714285714,0.682805334714868,0.681795756994357,47.1594798083504,45.807665982204
2564,TRUE,FALSE,3,16,0.571428571428571,0.547248429989146,0.547987640915838,19.4216290212183,20.4140999315537
2565,TRUE,FALSE,4,23,0.821428571428571,0.784822403277957,0.783254587324116,71.1327857631759,66.5811088295688
2566,TRUE,FALSE,4,21,0.75,0.704475791693241,0.702170839013965,54.7741273100616,50.2566735112936
2567,TRUE,FALSE,5,13,0.464285714285714,0.431264922444665,0.43154114658716,8.02532511978097,7.81998631074606
2568,TRUE,FALSE,1,16,0.571428571428571,0.524263968788945,0.525989605865529,19.4216290212183,16.9233401779603
2569,TRUE,FALSE,4,25,0.892857142857143,0.881430633042939,0.880946112649397,85.2669404517454,84.7535934291581
2570,TRUE,FALSE,2,28,1,1,1,98.6652977412731,98.6652977412731
2571,TRUE,FALSE,4,19,0.678571428571429,0.638628133078436,0.637017693779138,39.2026009582478,36.3278576317591
2572,FALSE,TRUE,5,21,0.75,0.712926143955951,0.712418003051671,54.7741273100616,51.8651608487338
2573,FALSE,TRUE,2,17,0.607142857142857,0.575306788867717,0.573850968501247,25.2908966461328,25.4791238877481
2574,TRUE,FALSE,3,19,0.678571428571429,0.653733500307246,0.654001704935015,39.2026009582478,39.6817248459959
2575,TRUE,FALSE,2,19,0.678571428571429,0.659332695956961,0.657200469132435,39.2026009582478,40.7768651608487
2576,TRUE,FALSE,2,17,0.607142857142857,0.575116150209683,0.574444787158388,25.2908966461328,25.3764544832307
2577,FALSE,TRUE,2,10,0.357142857142857,0.317475966082566,0.31687766533274,2.56673511293634,1.8993839835729
2578,TRUE,FALSE,4,26,0.928571428571429,0.897962384120613,0.897272667612487,90.9479808350445,87.8336755646817
2579,TRUE,FALSE,1,27,0.964285714285714,0.967755126449883,0.967531132185747,95.4312114989733,96.6632443531827
2580,TRUE,FALSE,1,19,0.678571428571429,0.67070016755506,0.670292886323243,39.2026009582478,43.4120465434634
2581,TRUE,FALSE,4,23,0.821428571428571,0.806840818044884,0.807183070650464,71.1327857631759,71.0643394934976
2582,TRUE,FALSE,5,25,0.892857142857143,0.888774395506531,0.888753586207898,85.2669404517454,86.1054072553046
2583,TRUE,FALSE,3,20,0.714285714285714,0.661241679108548,0.660507912125136,47.1594798083504,41.290212183436
2584,FALSE,TRUE,1,21,0.75,0.705446079348363,0.705413033118317,54.7741273100616,50.3593429158111
2585,TRUE,FALSE,4,25,0.892857142857143,0.881693214318242,0.880418636929563,85.2669404517454,84.9247091033539
2586,TRUE,FALSE,4,24,0.857142857142857,0.838753334488052,0.838841935253977,78.5420944558522,77.7378507871321
2587,TRUE,FALSE,2,23,0.821428571428571,0.805140494803632,0.804466731856175,71.1327857631759,70.5852156057495
2588,FALSE,TRUE,4,19,0.678571428571429,0.635391509220846,0.634311724323732,39.2026009582478,35.5065023956194
2589,TRUE,FALSE,5,16,0.571428571428571,0.531743682768286,0.532359397901262,19.4216290212183,18.3264887063655
2590,FALSE,TRUE,1,25,0.892857142857143,0.882286773004042,0.880651545238592,85.2669404517454,85.1129363449692
2591,FALSE,TRUE,1,17,0.607142857142857,0.564528728034079,0.565098131225723,25.2908966461328,23.3572895277207
2592,TRUE,FALSE,3,13,0.464285714285714,0.436174541189788,0.43521440764344,8.02532511978097,8.09377138945927
2593,TRUE,FALSE,4,17,0.607142857142857,0.575459312073544,0.574288137373951,25.2908966461328,25.5475701574264
2594,TRUE,FALSE,2,21,0.75,0.717227608703497,0.717599823989247,54.7741273100616,53.0971937029432
2595,TRUE,FALSE,4,24,0.857142857142857,0.844580543010453,0.843726458351063,78.5420944558522,78.8672142368241
2596,FALSE,TRUE,4,19,0.678571428571429,0.658961790370572,0.658630161564537,39.2026009582478,40.6399726214921
2597,FALSE,TRUE,3,21,0.75,0.724140667742242,0.72559532912899,54.7741273100616,54.3292265571526
2598,TRUE,FALSE,4,17,0.607142857142857,0.567722034994571,0.568660727579467,25.2908966461328,23.8364134154689
2599,FALSE,TRUE,2,24,0.857142857142857,0.850942077878508,0.850473637810808,78.5420944558522,80.0308008213552
2600,FALSE,TRUE,5,12,0.428571428571429,0.384562543039965,0.386093131368513,5.78370978781656,4.97946611909651
2601,TRUE,FALSE,5,22,0.785714285714286,0.777764258244925,0.777929844685758,62.9876796714579,65.4175222450376
2602,FALSE,TRUE,2,20,0.714285714285714,0.717716074932857,0.717873570384414,47.1594798083504,53.2340862422998
2603,TRUE,FALSE,1,17,0.607142857142857,0.554232873167628,0.553920575359515,25.2908966461328,21.4750171115674
2604,TRUE,FALSE,1,14,0.5,0.458691287310138,0.459307094016162,10.9856262833676,10.0444900752909
2605,TRUE,FALSE,5,13,0.464285714285714,0.418269526595395,0.417915797738332,8.02532511978097,6.86173853524983
2606,TRUE,FALSE,5,16,0.571428571428571,0.537845202747798,0.538149327460445,19.4216290212183,19.2505133470226
2607,TRUE,FALSE,4,11,0.392857142857143,0.351931472036921,0.351857023728365,4.15811088295688,3.40520191649555
2608,FALSE,TRUE,1,17,0.607142857142857,0.55562639958919,0.556728432206718,25.2908966461328,21.7488021902806
2609,TRUE,FALSE,1,22,0.785714285714286,0.748940872046577,0.748743172973697,62.9876796714579,58.8809034907597
2610,TRUE,FALSE,4,14,0.5,0.450291588276663,0.450155728655622,10.9856262833676,9.08624229979466
2611,TRUE,FALSE,1,20,0.714285714285714,0.710554878919151,0.708982575427196,47.1594798083504,51.2833675564682
2612,TRUE,FALSE,5,15,0.535714285714286,0.512019519444755,0.513180225528717,14.5448323066393,15.6570841889117
2613,TRUE,FALSE,5,25,0.892857142857143,0.850638933795889,0.851437188902733,85.2669404517454,79.9281314168378
2614,TRUE,FALSE,5,28,1,1,1,98.6652977412731,98.6652977412731
2615,FALSE,TRUE,4,26,0.928571428571429,0.923619710166601,0.924104733308164,90.9479808350445,90.7939767282683
2616,TRUE,FALSE,2,10,0.357142857142857,0.34402617587985,0.344455717305824,2.56673511293634,3.06297056810404
2617,TRUE,FALSE,1,24,0.857142857142857,0.844545638926915,0.845289764132758,78.5420944558522,78.8329911019849
2618,TRUE,FALSE,4,21,0.75,0.728470328301205,0.727158714275119,54.7741273100616,55.3559206023272
2619,FALSE,TRUE,3,26,0.928571428571429,0.939118017646916,0.939556069205864,90.9479808350445,93.3778234086242
2620,TRUE,FALSE,5,20,0.714285714285714,0.711932593227394,0.710879916024485,47.1594798083504,51.694045174538
2621,TRUE,FALSE,1,22,0.785714285714286,0.771403845314567,0.770311144145492,62.9876796714579,63.7063655030801
2622,FALSE,TRUE,4,13,0.464285714285714,0.40701590389833,0.40738194665699,8.02532511978097,6.27994524298426
2623,TRUE,FALSE,3,16,0.571428571428571,0.53266273283974,0.533059060029005,19.4216290212183,18.5318275154004
2624,TRUE,FALSE,1,22,0.785714285714286,0.766229704190957,0.766393716872786,62.9876796714579,62.6796714579055
2625,TRUE,FALSE,1,24,0.857142857142857,0.825190385373715,0.824888838401044,78.5420944558522,74.6577686516085
2626,TRUE,FALSE,3,14,0.5,0.467098479786129,0.468382146787516,10.9856262833676,10.7631759069131
2627,FALSE,TRUE,2,22,0.785714285714286,0.769941191535343,0.769020795209897,62.9876796714579,63.4325804243669
2628,TRUE,FALSE,1,17,0.607142857142857,0.562758409321004,0.563534442292843,25.2908966461328,23.1177275838467
2629,TRUE,FALSE,4,18,0.642857142857143,0.623895596731361,0.624665699774564,31.6392881587953,33.1793292265572
2630,TRUE,FALSE,5,18,0.642857142857143,0.592759006465107,0.591440868431741,31.6392881587953,28.1485284052019
2631,TRUE,FALSE,1,19,0.678571428571429,0.663067988895841,0.662449152383659,39.2026009582478,41.8720054757016
2632,TRUE,FALSE,1,19,0.678571428571429,0.628923921280116,0.628557068614972,39.2026009582478,34.2402464065708
2633,TRUE,FALSE,3,24,0.857142857142857,0.830428955914117,0.830613189018759,78.5420944558522,75.8898015058179
2634,FALSE,TRUE,4,20,0.714285714285714,0.66856363606358,0.667854894920045,47.1594798083504,42.9671457905544
2635,TRUE,FALSE,1,18,0.642857142857143,0.597771111610356,0.597420642908531,31.6392881587953,29.072553045859
2636,TRUE,FALSE,4,23,0.821428571428571,0.811678933946759,0.811656761799656,71.1327857631759,72.1252566735113
2637,TRUE,FALSE,4,19,0.678571428571429,0.627453270160381,0.625305447248566,39.2026009582478,33.8637919233402
2638,FALSE,TRUE,2,16,0.571428571428571,0.533803983085032,0.53341024426379,19.4216290212183,18.668720054757
2639,FALSE,TRUE,2,11,0.392857142857143,0.358023287257346,0.354924711207877,4.15811088295688,3.64476386036961
2640,TRUE,FALSE,4,22,0.785714285714286,0.74457716560438,0.742399236170173,62.9876796714579,57.8884325804244
2641,TRUE,FALSE,4,17,0.607142857142857,0.578647468594807,0.579397739529242,25.2908966461328,26.0609171800137
2642,TRUE,FALSE,4,25,0.892857142857143,0.882286773004042,0.882549723636385,85.2669404517454,85.1129363449692
2643,FALSE,TRUE,4,20,0.714285714285714,0.676025048976696,0.675582794092405,47.1594798083504,44.3360711841205
2644,TRUE,FALSE,4,26,0.928571428571429,0.925210853450138,0.925464398145693,90.9479808350445,91.0677618069815
2645,TRUE,FALSE,3,25,0.892857142857143,0.900984956327811,0.900366758937659,85.2669404517454,88.1416837782341
2646,TRUE,FALSE,2,19,0.678571428571429,0.637341776234403,0.636536243459094,39.2026009582478,36.088295687885
2647,TRUE,FALSE,4,17,0.607142857142857,0.565991638860881,0.565655423869657,25.2908966461328,23.5968514715948
2648,FALSE,TRUE,2,19,0.678571428571429,0.63165528719078,0.630460715239914,39.2026009582478,34.8562628336756
2649,FALSE,TRUE,4,22,0.785714285714286,0.762037119946103,0.761569886488098,62.9876796714579,61.8240930869268
2650,TRUE,FALSE,2,24,0.857142857142857,0.827918993609876,0.826907128323664,78.5420944558522,75.2395619438741
2651,TRUE,FALSE,1,20,0.714285714285714,0.660873333958022,0.660520202183346,47.1594798083504,41.1875427789185
2652,FALSE,TRUE,5,22,0.785714285714286,0.785040613446141,0.785856455155195,62.9876796714579,66.6837782340862
2653,TRUE,FALSE,5,16,0.571428571428571,0.547518669967049,0.548818057525782,19.4216290212183,20.4483230663929
2654,TRUE,FALSE,2,26,0.928571428571429,0.917048763580361,0.916480212993649,90.9479808350445,90.1950718685832
2655,TRUE,FALSE,3,21,0.75,0.741891082203132,0.742930742023185,54.7741273100616,57.4777549623546
2656,TRUE,FALSE,1,18,0.642857142857143,0.631035896808717,0.631977988558298,31.6392881587953,34.7878165639973
2657,FALSE,TRUE,5,23,0.821428571428571,0.787962419319736,0.788437024836722,71.1327857631759,67.299794661191
2658,TRUE,FALSE,4,17,0.607142857142857,0.607228794069209,0.607329583663653,25.2908966461328,30.8179329226557
2659,TRUE,FALSE,4,15,0.535714285714286,0.497653117254424,0.49706353166638,14.5448323066393,14.151266255989
2660,FALSE,TRUE,2,25,0.892857142857143,0.875981331997353,0.876026923917106,85.2669404517454,83.829568788501
2661,TRUE,FALSE,5,15,0.535714285714286,0.504520527985804,0.504997317352992,14.5448323066393,14.8015058179329
2662,TRUE,FALSE,2,21,0.75,0.725246593159314,0.724734539787671,54.7741273100616,54.4661190965092
2663,FALSE,TRUE,5,11,0.392857142857143,0.363142302868598,0.362982408716979,4.15811088295688,3.88432580424367
2664,TRUE,FALSE,2,21,0.75,0.741473284624377,0.741265313680988,54.7741273100616,57.340862422998
2665,TRUE,FALSE,3,7,0.25,0.230829074203127,0.231112706802703,0.342231348391513,0.39356605065024
2666,TRUE,FALSE,4,22,0.785714285714286,0.741716610798783,0.739865155808876,62.9876796714579,57.4093086926763
2667,FALSE,TRUE,4,22,0.785714285714286,0.758005879186675,0.758213776831505,62.9876796714579,60.9342915811088
2668,TRUE,FALSE,4,23,0.821428571428571,0.812927649222373,0.81242263189029,71.1327857631759,72.3648186173854
2669,TRUE,FALSE,3,18,0.642857142857143,0.592671822908104,0.594074506707408,31.6392881587953,28.1143052703628
2670,FALSE,TRUE,1,21,0.75,0.726248633317211,0.725317757320994,54.7741273100616,54.7056810403833
2671,TRUE,FALSE,5,15,0.535714285714286,0.487191429047543,0.488011223694287,14.5448323066393,12.6454483230664
2672,FALSE,TRUE,5,24,0.857142857142857,0.860443447165735,0.859614600962009,78.5420944558522,81.6735112936345
2673,TRUE,FALSE,2,22,0.785714285714286,0.791466611001003,0.790709094383546,62.9876796714579,67.9500342231348
2674,FALSE,TRUE,4,19,0.678571428571429,0.630795122150946,0.630195956444303,39.2026009582478,34.7535934291581
2675,TRUE,FALSE,5,16,0.571428571428571,0.518124131666709,0.519238979090273,19.4216290212183,16.170431211499
2676,TRUE,FALSE,5,17,0.607142857142857,0.581327082462067,0.581989526625724,25.2908966461328,26.5400410677618
2677,TRUE,FALSE,1,12,0.428571428571429,0.405099376308864,0.406550235250404,5.78370978781656,6.14305270362765
2678,TRUE,FALSE,5,19,0.678571428571429,0.651192573701072,0.65291983086327,39.2026009582478,39.2026009582478
2679,TRUE,FALSE,1,20,0.714285714285714,0.6838283940028,0.686409867556519,47.1594798083504,46.0814510609172
2680,TRUE,FALSE,5,18,0.642857142857143,0.607129665212867,0.607404820124836,31.6392881587953,30.7837097878166
2681,TRUE,FALSE,3,17,0.607142857142857,0.576492209486119,0.575562668226234,25.2908966461328,25.7529089664613
2682,FALSE,TRUE,5,22,0.785714285714286,0.7384518262022,0.738234502908241,62.9876796714579,56.9644079397673
2683,FALSE,TRUE,3,24,0.857142857142857,0.843700847700856,0.844145412900366,78.5420944558522,78.6960985626283
2684,FALSE,TRUE,3,20,0.714285714285714,0.709346052035411,0.710573233496738,47.1594798083504,51.0438056125941
2685,TRUE,FALSE,4,19,0.678571428571429,0.651199984209961,0.650141955464105,39.2026009582478,39.2368240930869
2686,TRUE,FALSE,3,17,0.607142857142857,0.58448402830107,0.585049751964863,25.2908966461328,26.813826146475
2687,TRUE,FALSE,4,25,0.892857142857143,0.855746484069457,0.855410583267401,85.2669404517454,80.7837097878166
2688,TRUE,FALSE,2,25,0.892857142857143,0.891996844662223,0.890390998553443,85.2669404517454,86.8069815195072
2689,TRUE,FALSE,1,23,0.821428571428571,0.80068465407276,0.801385135997215,71.1327857631759,69.6269678302532
2690,TRUE,FALSE,1,13,0.464285714285714,0.432322149820699,0.431501578288652,8.02532511978097,7.88843258042437
2691,TRUE,FALSE,1,17,0.607142857142857,0.556567554031564,0.557526685801601,25.2908966461328,22.0225872689938
2692,TRUE,FALSE,3,14,0.5,0.467634491109089,0.470191589016694,10.9856262833676,10.8316221765914
2693,TRUE,FALSE,1,21,0.75,0.723585246853103,0.723697971103323,54.7741273100616,54.1238877481177
2694,TRUE,FALSE,3,24,0.857142857142857,0.846766264212529,0.847703386929356,78.5420944558522,79.2436687200548
2695,FALSE,TRUE,4,27,0.964285714285714,0.948131249277973,0.94739044607848,95.4312114989733,93.8911704312115
2696,TRUE,FALSE,2,24,0.857142857142857,0.843149809244201,0.843564269243145,78.5420944558522,78.5934291581109
2697,FALSE,TRUE,1,17,0.607142857142857,0.557435853033008,0.557913354601933,25.2908966461328,22.3305954825462
2698,TRUE,FALSE,3,22,0.785714285714286,0.773370353277369,0.773193399183994,62.9876796714579,64.0828199863108
2699,TRUE,FALSE,1,27,0.964285714285714,0.953238799551541,0.952809535851396,95.4312114989733,94.0965092402464
2700,FALSE,TRUE,1,18,0.642857142857143,0.625721831308204,0.625796983954751,31.6392881587953,33.6242299794661
2701,TRUE,FALSE,2,18,0.642857142857143,0.621655633720597,0.621175271153548,31.6392881587953,32.8713210130048
2702,FALSE,TRUE,2,23,0.821428571428571,0.802457049993371,0.802081522892477,71.1327857631759,69.9349760438056
2703,FALSE,TRUE,5,22,0.785714285714286,0.744981358862262,0.744952019207818,62.9876796714579,58.0595482546201
2704,TRUE,FALSE,2,28,1,1,1,98.6652977412731,98.6652977412731
2705,TRUE,FALSE,4,20,0.714285714285714,0.683883127777605,0.682776576641726,47.1594798083504,46.1156741957563
2706,TRUE,FALSE,5,17,0.607142857142857,0.568064148591606,0.568339005028189,25.2908966461328,23.870636550308
2707,TRUE,FALSE,2,22,0.785714285714286,0.77685788909501,0.777219630701048,62.9876796714579,65.1437371663244
2708,TRUE,FALSE,1,23,0.821428571428571,0.827137308020835,0.827262026083067,71.1327857631759,75
2709,TRUE,FALSE,2,13,0.464285714285714,0.454401540347551,0.454225960894101,8.02532511978097,9.53114305270363
2710,TRUE,FALSE,5,16,0.571428571428571,0.535183704178591,0.534643287875232,19.4216290212183,18.8398357289528
2711,TRUE,FALSE,4,21,0.75,0.714771448781625,0.714043411121844,54.7741273100616,52.378507871321
2712,TRUE,FALSE,1,22,0.785714285714286,0.737616657100003,0.738272760438398,62.9876796714579,56.8275154004107
2713,TRUE,FALSE,2,21,0.75,0.708830684140697,0.70853442097849,54.7741273100616,50.9069130732375
2714,TRUE,FALSE,1,24,0.857142857142857,0.855047793386753,0.854750214233806,78.5420944558522,80.7152635181383
2715,FALSE,TRUE,2,19,0.678571428571429,0.671875566649361,0.672209015545075,39.2026009582478,43.788501026694
2716,FALSE,TRUE,4,18,0.642857142857143,0.60040870532819,0.600793579718828,31.6392881587953,29.7227926078029
2717,TRUE,FALSE,4,16,0.571428571428571,0.518327383602695,0.516588928695696,19.4216290212183,16.2731006160164
2718,FALSE,TRUE,1,17,0.607142857142857,0.569138185042813,0.571058915964222,25.2908966461328,24.2128678986995
2719,FALSE,TRUE,4,21,0.75,0.705861763355138,0.704677692257118,54.7741273100616,50.3935660506502
2720,FALSE,TRUE,5,24,0.857142857142857,0.835589885164999,0.83568058358446,78.5420944558522,77.0876112251882
2721,FALSE,TRUE,2,26,0.928571428571429,0.922941800043082,0.922335057366406,90.9479808350445,90.7084188911704
2722,FALSE,TRUE,4,21,0.75,0.714679606054911,0.713492561831329,54.7741273100616,52.3100616016427
2723,FALSE,TRUE,1,16,0.571428571428571,0.542342357470573,0.543639673377418,19.4216290212183,19.798083504449
2724,TRUE,FALSE,4,17,0.607142857142857,0.581047087421525,0.580667751070302,25.2908966461328,26.5058179329227
2725,TRUE,FALSE,2,25,0.892857142857143,0.883193597553469,0.883416906982974,85.2669404517454,85.284052019165
2726,FALSE,TRUE,3,18,0.642857142857143,0.627662443750927,0.627627357327405,31.6392881587953,34.0006844626968
2727,TRUE,FALSE,2,14,0.5,0.44365140777596,0.442876457346728,10.9856262833676,8.709787816564
2728,FALSE,TRUE,1,9,0.321428571428571,0.297844402262369,0.298115728217508,1.36892539356605,1.42026009582478
2729,FALSE,TRUE,4,27,0.964285714285714,0.957784099948844,0.958137915654914,95.4312114989733,94.3018480492813
2730,TRUE,FALSE,3,21,0.75,0.735492886081046,0.734911776688641,54.7741273100616,56.3141683778234
2731,TRUE,FALSE,1,25,0.892857142857143,0.883441395459114,0.882922560258271,85.2669404517454,85.403832991102
2732,TRUE,FALSE,3,15,0.535714285714286,0.500014596543595,0.501532179321968,14.5448323066393,14.3908281998631
2733,TRUE,FALSE,4,19,0.678571428571429,0.642809704291652,0.642750649624139,39.2026009582478,37.4572210814511
2734,FALSE,TRUE,5,13,0.464285714285714,0.419684921409961,0.421477842371426,8.02532511978097,7.03285420944559
2735,TRUE,FALSE,3,13,0.464285714285714,0.436539527647355,0.438160731680723,8.02532511978097,8.12799452429843
2736,TRUE,FALSE,1,27,0.964285714285714,0.960675975792669,0.960370954279214,95.4312114989733,94.6954140999316
2737,FALSE,TRUE,3,20,0.714285714285714,0.667666038610305,0.667490902046538,47.1594798083504,42.7618069815195
2738,TRUE,FALSE,4,13,0.464285714285714,0.437128822922844,0.436929301588412,8.02532511978097,8.23066392881588
2739,FALSE,TRUE,5,14,0.5,0.453827137541368,0.454418653043891,10.9856262833676,9.46269678302532
2740,TRUE,FALSE,5,22,0.785714285714286,0.761825530666372,0.761575002544071,62.9876796714579,61.7898699520876
2741,FALSE,TRUE,1,13,0.464285714285714,0.408700947542893,0.407762197334113,8.02532511978097,6.31416837782341
2742,TRUE,FALSE,5,28,1,1,1,98.6652977412731,98.6652977412731
2743,TRUE,FALSE,3,21,0.75,0.742271640842315,0.742774235977873,54.7741273100616,57.580424366872
2744,TRUE,FALSE,5,24,0.857142857142857,0.854751132597006,0.854223482455072,78.5420944558522,80.5783709787816
2745,FALSE,TRUE,3,22,0.785714285714286,0.755998274950456,0.755504908768434,62.9876796714579,60.4209445585216
2746,TRUE,FALSE,4,10,0.357142857142857,0.312873568598761,0.313994732179238,2.56673511293634,1.76249144421629
2747,FALSE,TRUE,3,20,0.714285714285714,0.675069926442272,0.675188955132261,47.1594798083504,44.0965092402464
2748,TRUE,FALSE,3,20,0.714285714285714,0.67769036297199,0.677845252880185,47.1594798083504,44.7125256673511
2749,FALSE,TRUE,4,23,0.821428571428571,0.83144265481306,0.831833575723107,71.1327857631759,76.0951403148528
2750,TRUE,FALSE,1,21,0.75,0.752895630554749,0.751096537115579,54.7741273100616,59.8049281314168
2751,TRUE,FALSE,4,10,0.357142857142857,0.314427425379919,0.314602029176619,2.56673511293634,1.83093771389459
2752,TRUE,FALSE,3,28,1,1,1,98.6652977412731,98.6652977412731
2753,FALSE,TRUE,2,28,1,1,1,98.6652977412731,98.6652977412731
2754,TRUE,FALSE,4,22,0.785714285714286,0.749990979234841,0.750168446854201,62.9876796714579,59.1204654346338
2755,TRUE,FALSE,5,19,0.678571428571429,0.651092187394246,0.650575369050483,39.2026009582478,39.1683778234086
2756,FALSE,TRUE,5,21,0.75,0.703871752111158,0.704038066909775,54.7741273100616,50.1540041067762
2757,TRUE,FALSE,1,25,0.892857142857143,0.893405888420688,0.891790287067812,85.2669404517454,87.0636550308008
2758,TRUE,FALSE,2,24,0.857142857142857,0.825305971696621,0.825048072656959,78.5420944558522,74.7604380561259
2759,TRUE,FALSE,1,20,0.714285714285714,0.690275896916928,0.690021620099838,47.1594798083504,47.7241615331964
2760,TRUE,FALSE,3,21,0.75,0.699903632626529,0.699277109248575,54.7741273100616,49.435318275154
2761,TRUE,FALSE,1,13,0.464285714285714,0.437328469237928,0.437367753012649,8.02532511978097,8.29911019849418
2762,TRUE,FALSE,1,23,0.821428571428571,0.796154427698718,0.79652709024025,71.1327857631759,68.7713894592745
2763,TRUE,FALSE,3,28,1,1,1,98.6652977412731,98.6652977412731
2764,FALSE,TRUE,2,19,0.678571428571429,0.649397294304188,0.650318875864292,39.2026009582478,38.7577002053388
2765,TRUE,FALSE,4,17,0.607142857142857,0.580921475469977,0.581262101078165,25.2908966461328,26.4715947980835
2766,TRUE,FALSE,4,21,0.75,0.717566072799911,0.716750054006355,54.7741273100616,53.1998631074606
2767,TRUE,FALSE,3,26,0.928571428571429,0.926652084120495,0.926497113918019,90.9479808350445,91.409993155373
2768,FALSE,TRUE,5,23,0.821428571428571,0.816351278888576,0.817049759367522,71.1327857631759,73.1177275838467
2769,TRUE,FALSE,3,20,0.714285714285714,0.697582382514111,0.696631039496282,47.1594798083504,48.990417522245
2770,TRUE,FALSE,4,27,0.964285714285714,0.967058235156041,0.967746615955177,95.4312114989733,96.4579055441478
2771,TRUE,FALSE,2,19,0.678571428571429,0.630418555758327,0.630291166881028,39.2026009582478,34.6167008898015
2772,TRUE,FALSE,4,22,0.785714285714286,0.777630945070313,0.776864298975278,62.9876796714579,65.3490759753593
2773,FALSE,TRUE,4,22,0.785714285714286,0.757289055393631,0.75656714714447,62.9876796714579,60.7631759069131
2774,TRUE,FALSE,2,9,0.321428571428571,0.3000364454325,0.300983308147638,1.36892539356605,1.52292950034223
2775,TRUE,FALSE,3,21,0.75,0.710259159427742,0.708401822208123,54.7741273100616,51.249144421629
2776,TRUE,FALSE,3,9,0.321428571428571,0.299124356847883,0.299123526633043,1.36892539356605,1.45448323066393
2777,TRUE,FALSE,3,7,0.25,0.214993468124525,0.214927655628808,0.342231348391513,0.256673511293634
2778,FALSE,TRUE,2,19,0.678571428571429,0.635003497358097,0.635874572254122,39.2026009582478,35.4380561259411
2779,TRUE,FALSE,4,27,0.964285714285714,0.967755126449883,0.967529969668587,95.4312114989733,96.6632443531827
2780,TRUE,FALSE,2,27,0.964285714285714,0.962265824250413,0.961508518347187,95.4312114989733,95.1745379876797
2781,TRUE,FALSE,4,14,0.5,0.468220229023823,0.467305148753138,10.9856262833676,10.9000684462697
2782,TRUE,FALSE,1,22,0.785714285714286,0.750678468249464,0.75244533877559,62.9876796714579,59.3258042436687
2783,FALSE,TRUE,2,24,0.857142857142857,0.859949571330156,0.86047245690942,78.5420944558522,81.5366187542779
2784,FALSE,TRUE,3,22,0.785714285714286,0.787340863879476,0.786864322975535,62.9876796714579,67.0944558521561
2785,TRUE,FALSE,5,17,0.607142857142857,0.582022349412051,0.583571786982977,25.2908966461328,26.6427104722793
2786,TRUE,FALSE,2,16,0.571428571428571,0.537989788907122,0.540636385063881,19.4216290212183,19.2847364818617
2787,TRUE,FALSE,2,23,0.821428571428571,0.817185647349091,0.817048407574221,71.1327857631759,73.2888432580424
2788,TRUE,FALSE,1,19,0.678571428571429,0.662318596098793,0.661699113424822,39.2026009582478,41.735112936345
2789,TRUE,FALSE,3,22,0.785714285714286,0.750698323755888,0.750443035801388,62.9876796714579,59.3600273785079
2790,FALSE,TRUE,3,24,0.857142857142857,0.812761245181925,0.8135433544916,78.5420944558522,72.2450376454483
2791,TRUE,FALSE,1,24,0.857142857142857,0.851196521908997,0.850453692444017,78.5420944558522,80.1334702258727
2792,FALSE,TRUE,5,26,0.928571428571429,0.916615095532064,0.916903930649511,90.9479808350445,90.0581793292266
2793,TRUE,FALSE,2,7,0.25,0.21886264621711,0.219913597173675,0.342231348391513,0.290896646132786
2794,TRUE,FALSE,4,19,0.678571428571429,0.653175763799446,0.652644856993904,39.2026009582478,39.5790554414784
2795,FALSE,TRUE,2,14,0.5,0.479236165920278,0.477965288556624,10.9856262833676,11.8240930869268
2796,TRUE,FALSE,3,22,0.785714285714286,0.755137642658863,0.754784603146105,62.9876796714579,60.2156057494867
2797,TRUE,FALSE,3,23,0.821428571428571,0.795184053151698,0.795272081618902,71.1327857631759,68.6002737850787
2798,FALSE,TRUE,3,11,0.392857142857143,0.397958352339845,0.39986742416454,4.15811088295688,5.73237508555784
2799,TRUE,FALSE,1,15,0.535714285714286,0.511472519826772,0.511544008718353,14.5448323066393,15.5201916495551
2800,FALSE,TRUE,2,22,0.785714285714286,0.777161967611872,0.777447479675201,62.9876796714579,65.2121834360027
2801,TRUE,FALSE,2,23,0.821428571428571,0.806615130731186,0.806412614584056,71.1327857631759,70.9616700889802
2802,FALSE,TRUE,1,22,0.785714285714286,0.761061779417083,0.760871582047152,62.9876796714579,61.4818617385353
2803,TRUE,FALSE,3,9,0.321428571428571,0.321285467260855,0.320830316878294,1.36892539356605,2.13894592744695
2804,FALSE,TRUE,3,25,0.892857142857143,0.887564406292829,0.888542761364538,85.2669404517454,85.9171800136892
2805,FALSE,TRUE,3,17,0.607142857142857,0.558773984446973,0.557096121068155,25.2908966461328,22.5359342915811
2806,TRUE,FALSE,3,17,0.607142857142857,0.601117715942052,0.602147031754866,25.2908966461328,29.9965776865161
2807,FALSE,TRUE,5,25,0.892857142857143,0.865020619276654,0.864879490607036,85.2669404517454,82.4948665297741
2808,TRUE,FALSE,4,25,0.892857142857143,0.865020619276654,0.865019283567664,85.2669404517454,82.4948665297741
2809,FALSE,TRUE,1,23,0.821428571428571,0.829241406851077,0.827980553032406,71.1327857631759,75.6160164271047
2810,TRUE,FALSE,2,19,0.678571428571429,0.649591349860185,0.650675003195307,39.2026009582478,38.8261464750171
2811,TRUE,FALSE,1,25,0.892857142857143,0.865020619276654,0.86540550209887,85.2669404517454,82.4948665297741
2812,FALSE,TRUE,1,21,0.75,0.719665007471143,0.72057385187384,54.7741273100616,53.4052019164955
2813,TRUE,FALSE,2,20,0.714285714285714,0.68268184301312,0.683859018608982,47.1594798083504,45.7392197125257
2814,FALSE,TRUE,2,15,0.535714285714286,0.48705968320603,0.487326270211039,14.5448323066393,12.6112251882272
2815,TRUE,FALSE,5,24,0.857142857142857,0.831816669901109,0.83158703621873,78.5420944558522,76.1978097193703
2816,TRUE,FALSE,5,27,0.964285714285714,0.944723584569072,0.945054765651753,95.4312114989733,93.6516084873374
2817,FALSE,TRUE,3,18,0.642857142857143,0.58972416027517,0.589086160045606,31.6392881587953,27.4640657084189
2818,TRUE,FALSE,3,26,0.928571428571429,0.920297034707582,0.920701860935976,90.9479808350445,90.4688569472964
2819,FALSE,TRUE,3,24,0.857142857142857,0.842557362678146,0.841623657175353,78.5420944558522,78.3538672142368
2820,FALSE,TRUE,2,24,0.857142857142857,0.830241895466626,0.829941481253285,78.5420944558522,75.8555783709788
2821,FALSE,TRUE,2,25,0.892857142857143,0.881506153870752,0.88204971105458,85.2669404517454,84.8049281314168
2822,TRUE,FALSE,2,26,0.928571428571429,0.933458119816593,0.933548240713904,90.9479808350445,92.8473648186174
2823,TRUE,FALSE,2,14,0.5,0.468715099852835,0.467712300936953,10.9856262833676,10.968514715948
2824,TRUE,FALSE,5,21,0.75,0.725892755198526,0.724425655160014,54.7741273100616,54.6030116358658
2825,TRUE,FALSE,2,8,0.285714285714286,0.259780277550179,0.258649972304765,0.735797399041752,0.735797399041752
2826,FALSE,TRUE,5,20,0.714285714285714,0.682980600646099,0.683581629841275,47.1594798083504,45.8761122518823
2827,TRUE,FALSE,5,28,1,1,1,98.6652977412731,98.6652977412731
2828,TRUE,FALSE,5,22,0.785714285714286,0.74503788323777,0.745368235482461,62.9876796714579,58.1279945242984
2829,FALSE,TRUE,2,20,0.714285714285714,0.713473305277306,0.712183521300576,47.1594798083504,52.0704996577687
2830,TRUE,FALSE,4,9,0.321428571428571,0.28693046781507,0.287002111357199,1.36892539356605,1.11225188227242
2831,TRUE,FALSE,3,14,0.5,0.461786247645808,0.461146743013625,10.9856262833676,10.3867214236824
2832,TRUE,FALSE,5,21,0.75,0.732620906860235,0.732136091646539,54.7741273100616,55.9034907597536
2833,TRUE,FALSE,5,22,0.785714285714286,0.7589443662569,0.758513278364079,62.9876796714579,61.0369609856263
2834,TRUE,FALSE,2,28,1,1,1,98.6652977412731,98.6652977412731
2835,TRUE,FALSE,5,14,0.5,0.450978183111947,0.451519344331151,10.9856262833676,9.22313483915127
2836,FALSE,TRUE,4,12,0.428571428571429,0.385877472839126,0.386704562163437,5.78370978781656,5.04791238877481
2837,FALSE,TRUE,4,6,0.214285714285714,0.19939376980677,0.199875704789162,0.136892539356605,0.154004106776181
2838,FALSE,TRUE,5,21,0.75,0.725056354848248,0.726206612186407,54.7741273100616,54.3976728268309
2839,TRUE,FALSE,2,20,0.714285714285714,0.679042501287342,0.679264117183938,47.1594798083504,44.917864476386
2840,TRUE,FALSE,1,16,0.571428571428571,0.522860169394662,0.52498303084654,19.4216290212183,16.7522245037645
2841,FALSE,TRUE,1,17,0.607142857142857,0.581702944963391,0.583686578286579,25.2908966461328,26.574264202601
2842,TRUE,FALSE,1,7,0.25,0.213256607001435,0.212851870834562,0.342231348391513,0.222450376454483
2843,TRUE,FALSE,4,19,0.678571428571429,0.66965320747195,0.669171076963512,39.2026009582478,43.2751540041068
2844,TRUE,FALSE,2,12,0.428571428571429,0.409090037926764,0.408036179843843,5.78370978781656,6.34839151266256
2845,TRUE,FALSE,3,15,0.535714285714286,0.495798540399594,0.496001668863733,14.5448323066393,13.8090349075975
2846,FALSE,TRUE,2,19,0.678571428571429,0.669891379226739,0.670905453132664,39.2026009582478,43.3093771389459
2847,FALSE,TRUE,2,13,0.464285714285714,0.422033078802618,0.420836818916825,8.02532511978097,7.23819301848049
2848,TRUE,FALSE,4,17,0.607142857142857,0.579702979698027,0.579131677375729,25.2908966461328,26.2662559890486
2849,FALSE,TRUE,1,20,0.714285714285714,0.695953268761663,0.695937593907521,47.1594798083504,48.5455167693361
2850,TRUE,FALSE,3,16,0.571428571428571,0.534939760440685,0.535205477869573,19.4216290212183,18.7713894592745
2851,TRUE,FALSE,4,18,0.642857142857143,0.62737817429394,0.62768682072517,31.6392881587953,33.829568788501
2852,TRUE,FALSE,5,28,1,1,1,98.6652977412731,98.6652977412731
2853,TRUE,FALSE,5,22,0.785714285714286,0.772303519229863,0.773391839489248,62.9876796714579,63.8774811772758
2854,TRUE,FALSE,1,18,0.642857142857143,0.623990867676883,0.623522323783091,31.6392881587953,33.2135523613963
2855,TRUE,FALSE,4,19,0.678571428571429,0.65247788007348,0.65265935395742,39.2026009582478,39.4421629021218
2856,TRUE,FALSE,5,8,0.285714285714286,0.257712194409041,0.260001790949689,0.735797399041752,0.66735112936345
2857,FALSE,TRUE,2,28,1,1,1,98.6652977412731,98.6652977412731
2858,TRUE,FALSE,5,22,0.785714285714286,0.762114686747306,0.763053449396614,62.9876796714579,61.8583162217659
2859,FALSE,TRUE,3,15,0.535714285714286,0.494174644202713,0.495860354994682,14.5448323066393,13.6036960985626
2860,FALSE,TRUE,3,17,0.607142857142857,0.580122369244175,0.580450811674762,25.2908966461328,26.3689253935661
2861,TRUE,FALSE,3,20,0.714285714285714,0.675971093719992,0.67559919187872,47.1594798083504,44.3018480492813
2862,FALSE,TRUE,5,23,0.821428571428571,0.832137630665417,0.831452367595584,71.1327857631759,76.3004791238877
2863,TRUE,FALSE,3,24,0.857142857142857,0.831989326018715,0.831356199825488,78.5420944558522,76.2320328542094
2864,TRUE,FALSE,5,27,0.964285714285714,0.967755126449883,0.967217980825237,95.4312114989733,96.6632443531827
2865,TRUE,FALSE,4,27,0.964285714285714,0.968867984171651,0.968974883959336,95.4312114989733,96.9712525667351
2866,FALSE,TRUE,2,17,0.607142857142857,0.576019283669152,0.575779737001277,25.2908966461328,25.6160164271047
2867,FALSE,TRUE,5,26,0.928571428571429,0.939248894786711,0.939413791996677,90.9479808350445,93.4120465434634
2868,TRUE,FALSE,1,14,0.5,0.482566866920829,0.483151746515826,10.9856262833676,12.1663244353183
2869,TRUE,FALSE,3,27,0.964285714285714,0.967058235156041,0.966910202268446,95.4312114989733,96.4579055441478
2870,TRUE,FALSE,5,13,0.464285714285714,0.428863134797861,0.430544554511842,8.02532511978097,7.68309377138946
2871,TRUE,FALSE,1,17,0.607142857142857,0.585663901870928,0.587280950591553,25.2908966461328,27.0191649555099
2872,TRUE,FALSE,3,9,0.321428571428571,0.305437376666221,0.305569334368311,1.36892539356605,1.59137577002053
2873,FALSE,TRUE,2,22,0.785714285714286,0.772365837693385,0.771793197659775,62.9876796714579,63.911704312115
2874,FALSE,TRUE,2,21,0.75,0.7310664455258,0.730243050422519,54.7741273100616,55.766598220397
2875,TRUE,FALSE,4,22,0.785714285714286,0.780947660387126,0.780882495641309,62.9876796714579,66.0335386721424
2876,FALSE,TRUE,4,25,0.892857142857143,0.902063046846642,0.901893264393232,85.2669404517454,88.4154688569473
2877,FALSE,TRUE,4,24,0.857142857142857,0.845503178347063,0.844097677856069,78.5420944558522,78.9014373716632
2878,TRUE,FALSE,4,26,0.928571428571429,0.897962384120613,0.897272667612487,90.9479808350445,87.8336755646817
2879,TRUE,FALSE,1,24,0.857142857142857,0.83889015078314,0.839498504619184,78.5420944558522,77.7720739219713
2880,TRUE,FALSE,1,25,0.892857142857143,0.888917908370907,0.888566225452883,85.2669404517454,86.1567419575633
2881,TRUE,FALSE,2,22,0.785714285714286,0.775006719641104,0.774983662829519,62.9876796714579,64.5619438740589
2882,TRUE,FALSE,5,25,0.892857142857143,0.903396948545486,0.903571317089132,85.2669404517454,88.4839151266256
2883,TRUE,FALSE,3,18,0.642857142857143,0.598487834738571,0.598166665788555,31.6392881587953,29.2436687200548
2884,TRUE,FALSE,3,23,0.821428571428571,0.78839321893493,0.788730370494687,71.1327857631759,67.4024640657084
2885,TRUE,FALSE,1,26,0.928571428571429,0.928616706671703,0.927073492890984,90.9479808350445,91.6666666666667
2886,FALSE,TRUE,1,23,0.821428571428571,0.807339019944094,0.808199154413677,71.1327857631759,71.2012320328542
2887,TRUE,FALSE,5,18,0.642857142857143,0.641130257299872,0.643100772676131,31.6392881587953,36.8412046543463
2888,TRUE,FALSE,3,24,0.857142857142857,0.852368596840112,0.852095302517642,78.5420944558522,80.3388090349076
2889,FALSE,TRUE,1,19,0.678571428571429,0.645211044208612,0.646616121691787,39.2026009582478,37.8336755646817
2890,TRUE,FALSE,2,25,0.892857142857143,0.883699686449996,0.884011252143527,85.2669404517454,85.4722792607803
2891,TRUE,FALSE,4,22,0.785714285714286,0.766327249777279,0.765493703851854,62.9876796714579,62.782340862423
2892,FALSE,TRUE,2,28,1,1,1,98.6652977412731,98.6652977412731
2893,TRUE,FALSE,2,21,0.75,0.733480464026596,0.732109698125662,54.7741273100616,56.0746064339493
2894,TRUE,FALSE,1,23,0.821428571428571,0.82156333449009,0.820785981460789,71.1327857631759,73.9733059548255
2895,TRUE,FALSE,1,26,0.928571428571429,0.929481641500798,0.928288784693089,90.9479808350445,91.9575633127995
2896,TRUE,FALSE,1,18,0.642857142857143,0.606573002883938,0.607537396921389,31.6392881587953,30.7152635181383
2897,TRUE,FALSE,3,26,0.928571428571429,0.913233303271692,0.912608219147315,90.9479808350445,89.5106091718001
2898,TRUE,FALSE,5,20,0.714285714285714,0.686288641063513,0.687948559207406,47.1594798083504,46.7659137577002
2899,TRUE,FALSE,1,21,0.75,0.711604414233012,0.713317387333362,54.7741273100616,51.6255989048597
2900,TRUE,FALSE,3,28,1,1,1,98.6652977412731,98.6652977412731
2901,FALSE,TRUE,1,23,0.821428571428571,0.77924807597309,0.779902371023087,71.1327857631759,65.72553045859
2902,FALSE,TRUE,3,24,0.857142857142857,0.840935156316731,0.840810607258756,78.5420944558522,78.0116358658453
2903,TRUE,FALSE,5,20,0.714285714285714,0.703436690898975,0.703527187407733,47.1594798083504,50.0855578370979
2904,TRUE,FALSE,1,16,0.571428571428571,0.55486618327227,0.556145902196945,19.4216290212183,21.6461327857632
2905,TRUE,FALSE,2,21,0.75,0.702804112026379,0.701800148672353,54.7741273100616,49.7775496235455
2906,TRUE,FALSE,2,21,0.75,0.717398736521739,0.71671560502037,54.7741273100616,53.1314168377823
2907,TRUE,FALSE,3,18,0.642857142857143,0.604815098291873,0.605406092290993,31.6392881587953,30.3730321697468
2908,TRUE,FALSE,3,16,0.571428571428571,0.551417148359051,0.550686684640376,19.4216290212183,20.9958932238193
2909,TRUE,FALSE,4,22,0.785714285714286,0.755878686962969,0.75366091392405,62.9876796714579,60.3524982888433
2910,TRUE,FALSE,3,11,0.392857142857143,0.370223307631837,0.369757033934349,4.15811088295688,4.29500342231348
2911,TRUE,FALSE,3,19,0.678571428571429,0.651223774309829,0.652545862583134,39.2026009582478,39.2710472279261
2912,TRUE,FALSE,3,25,0.892857142857143,0.87525999229534,0.874765270804781,85.2669404517454,83.6584531143053
2913,FALSE,TRUE,2,26,0.928571428571429,0.897962384120613,0.897469584915518,90.9479808350445,87.8336755646817
2914,FALSE,TRUE,1,16,0.571428571428571,0.55004624803805,0.551457946725917,19.4216290212183,20.8590006844627
2915,TRUE,FALSE,4,24,0.857142857142857,0.852689219184454,0.852507957488168,78.5420944558522,80.4072553045859
2916,TRUE,FALSE,3,23,0.821428571428571,0.82058526879856,0.820886484715333,71.1327857631759,73.9390828199863
2917,FALSE,TRUE,2,18,0.642857142857143,0.594705650914131,0.594470170051136,31.6392881587953,28.5249828884326
2918,TRUE,FALSE,3,17,0.607142857142857,0.563091563719899,0.563249218300296,25.2908966461328,23.2203969883641
2919,TRUE,FALSE,5,19,0.678571428571429,0.641985018304195,0.643273187374086,39.2026009582478,37.1149897330596
2920,TRUE,FALSE,3,12,0.428571428571429,0.403429836592566,0.403596106690581,5.78370978781656,6.1088295687885
2921,TRUE,FALSE,1,23,0.821428571428571,0.809510078208815,0.810675944535675,71.1327857631759,71.7830253251198
2922,FALSE,TRUE,1,25,0.892857142857143,0.886162993887733,0.886445883329933,85.2669404517454,85.848733744011
